Country,Date,Approved_Value,Source
Afghanistan,2022-01-01,865,Actual
Afghanistan,2022-02-01,1650,Actual
Afghanistan,2022-03-01,2075,Actual
Afghanistan,2022-04-01,2215,Actual
Afghanistan,2022-05-01,2475,Actual
Afghanistan,2022-06-01,2145,Actual
Afghanistan,2022-07-01,1130,Actual
Afghanistan,2022-08-01,1225,Actual
Afghanistan,2022-09-01,3520,Actual
Afghanistan,2022-10-01,2660,Actual
Afghanistan,2022-11-01,2240,Actual
Afghanistan,2022-12-01,1545,Actual
Afghanistan,2023-01-01,715,Actual
Afghanistan,2023-02-01,875,Actual
Afghanistan,2023-03-01,1320,Actual
Afghanistan,2023-04-01,1110,Actual
Afghanistan,2023-05-01,2225,Actual
Afghanistan,2023-06-01,1430,Actual
Afghanistan,2023-07-01,2000,Actual
Afghanistan,2023-08-01,1250,Actual
Afghanistan,2023-09-01,2210,Actual
Afghanistan,2023-10-01,1400,Actual
Afghanistan,2023-11-01,3465,Actual
Afghanistan,2023-12-01,2180,Actual
Afghanistan,2024-01-01,1830,Actual
Afghanistan,2024-02-01,1745,Actual
Afghanistan,2024-03-01,1455,Actual
Afghanistan,2024-04-01,775,Actual
Afghanistan,2024-05-01,1250,Actual
Afghanistan,2024-06-01,950,Actual
Afghanistan,2024-07-01,900,Actual
Afghanistan,2024-08-01,665,Actual
Afghanistan,2024-09-01,730,Actual
Afghanistan,2024-10-01,670,Actual
Afghanistan,2024-11-01,670,Actual
Afghanistan,2024-12-01,645,Actual
Afghanistan,2025-01-01,384,Forecast
Afghanistan,2025-02-01,691,Forecast
Afghanistan,2025-03-01,889,Forecast
Afghanistan,2025-04-01,711,Forecast
Afghanistan,2025-05-01,1025,Forecast
Afghanistan,2025-06-01,813,Forecast
Afghanistan,2025-07-01,731,Forecast
Afghanistan,2025-08-01,609,Forecast
Afghanistan,2025-09-01,1191,Forecast
Afghanistan,2025-10-01,930,Forecast
Afghanistan,2025-11-01,1161,Forecast
Afghanistan,2025-12-01,841,Forecast
Afghanistan,2026-01-01,365,Forecast
Afghanistan,2026-02-01,514,Forecast
Afghanistan,2026-03-01,574,Forecast
Afghanistan,2026-04-01,448,Forecast
Afghanistan,2026-05-01,803,Forecast
Afghanistan,2026-06-01,542,Forecast
Afghanistan,2026-07-01,465,Forecast
Afghanistan,2026-08-01,286,Forecast
Afghanistan,2026-09-01,938,Forecast
Afghanistan,2026-10-01,583,Forecast
Afghanistan,2026-11-01,941,Forecast
Afghanistan,2026-12-01,527,Forecast
Albania,2022-01-01,50,Actual
Albania,2022-02-01,50,Actual
Albania,2022-03-01,65,Actual
Albania,2022-04-01,75,Actual
Albania,2022-05-01,40,Actual
Albania,2022-06-01,50,Actual
Albania,2022-07-01,35,Actual
Albania,2022-08-01,40,Actual
Albania,2022-09-01,55,Actual
Albania,2022-10-01,30,Actual
Albania,2022-11-01,15,Actual
Albania,2022-12-01,20,Actual
Albania,2023-01-01,85,Actual
Albania,2023-02-01,60,Actual
Albania,2023-03-01,70,Actual
Albania,2023-04-01,25,Actual
Albania,2023-05-01,65,Actual
Albania,2023-06-01,45,Actual
Albania,2023-07-01,75,Actual
Albania,2023-08-01,70,Actual
Albania,2023-09-01,30,Actual
Albania,2023-10-01,40,Actual
Albania,2023-11-01,40,Actual
Albania,2023-12-01,50,Actual
Albania,2024-01-01,110,Actual
Albania,2024-02-01,60,Actual
Albania,2024-03-01,55,Actual
Albania,2024-04-01,50,Actual
Albania,2024-05-01,60,Actual
Albania,2024-06-01,45,Actual
Albania,2024-07-01,40,Actual
Albania,2024-08-01,40,Actual
Albania,2024-09-01,40,Actual
Albania,2024-10-01,35,Actual
Albania,2024-11-01,45,Actual
Albania,2024-12-01,30,Actual
Albania,2025-01-01,60,Forecast
Albania,2025-02-01,59,Forecast
Albania,2025-03-01,59,Forecast
Albania,2025-04-01,54,Forecast
Albania,2025-05-01,55,Forecast
Albania,2025-06-01,51,Forecast
Albania,2025-07-01,51,Forecast
Albania,2025-08-01,52,Forecast
Albania,2025-09-01,49,Forecast
Albania,2025-10-01,46,Forecast
Albania,2025-11-01,46,Forecast
Albania,2025-12-01,44,Forecast
Albania,2026-01-01,66,Forecast
Albania,2026-02-01,59,Forecast
Albania,2026-03-01,61,Forecast
Albania,2026-04-01,53,Forecast
Albania,2026-05-01,56,Forecast
Albania,2026-06-01,52,Forecast
Albania,2026-07-01,55,Forecast
Albania,2026-08-01,55,Forecast
Albania,2026-09-01,49,Forecast
Albania,2026-10-01,46,Forecast
Albania,2026-11-01,45,Forecast
Albania,2026-12-01,46,Forecast
Algeria,2022-01-01,200,Actual
Algeria,2022-02-01,360,Actual
Algeria,2022-03-01,530,Actual
Algeria,2022-04-01,395,Actual
Algeria,2022-05-01,630,Actual
Algeria,2022-06-01,710,Actual
Algeria,2022-07-01,1085,Actual
Algeria,2022-08-01,390,Actual
Algeria,2022-09-01,735,Actual
Algeria,2022-10-01,490,Actual
Algeria,2022-11-01,300,Actual
Algeria,2022-12-01,350,Actual
Algeria,2023-01-01,225,Actual
Algeria,2023-02-01,265,Actual
Algeria,2023-03-01,320,Actual
Algeria,2023-04-01,285,Actual
Algeria,2023-05-01,510,Actual
Algeria,2023-06-01,530,Actual
Algeria,2023-07-01,875,Actual
Algeria,2023-08-01,325,Actual
Algeria,2023-09-01,760,Actual
Algeria,2023-10-01,540,Actual
Algeria,2023-11-01,335,Actual
Algeria,2023-12-01,280,Actual
Algeria,2024-01-01,400,Actual
Algeria,2024-02-01,395,Actual
Algeria,2024-03-01,385,Actual
Algeria,2024-04-01,765,Actual
Algeria,2024-05-01,800,Actual
Algeria,2024-06-01,985,Actual
Algeria,2024-07-01,1200,Actual
Algeria,2024-08-01,665,Actual
Algeria,2024-09-01,1075,Actual
Algeria,2024-10-01,555,Actual
Algeria,2024-11-01,560,Actual
Algeria,2024-12-01,470,Actual
Algeria,2025-01-01,469,Forecast
Algeria,2025-02-01,520,Forecast
Algeria,2025-03-01,549,Forecast
Algeria,2025-04-01,698,Forecast
Algeria,2025-05-01,809,Forecast
Algeria,2025-06-01,935,Forecast
Algeria,2025-07-01,1155,Forecast
Algeria,2025-08-01,747,Forecast
Algeria,2025-09-01,1059,Forecast
Algeria,2025-10-01,746,Forecast
Algeria,2025-11-01,694,Forecast
Algeria,2025-12-01,640,Forecast
Algeria,2026-01-01,646,Forecast
Algeria,2026-02-01,682,Forecast
Algeria,2026-03-01,710,Forecast
Algeria,2026-04-01,829,Forecast
Algeria,2026-05-01,936,Forecast
Algeria,2026-06-01,1034,Forecast
Algeria,2026-07-01,1258,Forecast
Algeria,2026-08-01,836,Forecast
Algeria,2026-09-01,1145,Forecast
Algeria,2026-10-01,864,Forecast
Algeria,2026-11-01,797,Forecast
Algeria,2026-12-01,759,Forecast
Andorra,2022-01-01,0,Actual
Andorra,2022-02-01,0,Actual
Andorra,2022-03-01,0,Actual
Andorra,2022-04-01,0,Actual
Andorra,2022-05-01,0,Actual
Andorra,2022-06-01,0,Actual
Andorra,2022-07-01,0,Actual
Andorra,2022-08-01,0,Actual
Andorra,2022-09-01,0,Actual
Andorra,2022-10-01,0,Actual
Andorra,2022-11-01,0,Actual
Andorra,2022-12-01,0,Actual
Andorra,2023-01-01,0,Actual
Andorra,2023-02-01,0,Actual
Andorra,2023-03-01,0,Actual
Andorra,2023-04-01,0,Actual
Andorra,2023-05-01,0,Actual
Andorra,2023-06-01,0,Actual
Andorra,2023-07-01,0,Actual
Andorra,2023-08-01,0,Actual
Andorra,2023-09-01,0,Actual
Andorra,2023-10-01,0,Actual
Andorra,2023-11-01,0,Actual
Andorra,2023-12-01,0,Actual
Andorra,2024-01-01,0,Actual
Andorra,2024-02-01,0,Actual
Andorra,2024-03-01,0,Actual
Andorra,2024-04-01,0,Actual
Andorra,2024-05-01,0,Actual
Andorra,2024-06-01,0,Actual
Andorra,2024-07-01,0,Actual
Andorra,2024-08-01,0,Actual
Andorra,2024-09-01,0,Actual
Andorra,2024-10-01,0,Actual
Andorra,2024-11-01,0,Actual
Andorra,2024-12-01,0,Actual
Andorra,2025-01-01,0,Forecast
Andorra,2025-02-01,0,Forecast
Andorra,2025-03-01,0,Forecast
Andorra,2025-04-01,0,Forecast
Andorra,2025-05-01,0,Forecast
Andorra,2025-06-01,0,Forecast
Andorra,2025-07-01,0,Forecast
Andorra,2025-08-01,0,Forecast
Andorra,2025-09-01,0,Forecast
Andorra,2025-10-01,0,Forecast
Andorra,2025-11-01,0,Forecast
Andorra,2025-12-01,0,Forecast
Andorra,2026-01-01,0,Forecast
Andorra,2026-02-01,0,Forecast
Andorra,2026-03-01,0,Forecast
Andorra,2026-04-01,0,Forecast
Andorra,2026-05-01,0,Forecast
Andorra,2026-06-01,0,Forecast
Andorra,2026-07-01,0,Forecast
Andorra,2026-08-01,0,Forecast
Andorra,2026-09-01,0,Forecast
Andorra,2026-10-01,0,Forecast
Andorra,2026-11-01,0,Forecast
Andorra,2026-12-01,0,Forecast
Angola,2022-01-01,15,Actual
Angola,2022-02-01,25,Actual
Angola,2022-03-01,20,Actual
Angola,2022-04-01,50,Actual
Angola,2022-05-01,30,Actual
Angola,2022-06-01,25,Actual
Angola,2022-07-01,30,Actual
Angola,2022-08-01,20,Actual
Angola,2022-09-01,10,Actual
Angola,2022-10-01,0,Actual
Angola,2022-11-01,5,Actual
Angola,2022-12-01,0,Actual
Angola,2023-01-01,25,Actual
Angola,2023-02-01,35,Actual
Angola,2023-03-01,25,Actual
Angola,2023-04-01,25,Actual
Angola,2023-05-01,15,Actual
Angola,2023-06-01,10,Actual
Angola,2023-07-01,10,Actual
Angola,2023-08-01,5,Actual
Angola,2023-09-01,5,Actual
Angola,2023-10-01,25,Actual
Angola,2023-11-01,15,Actual
Angola,2023-12-01,35,Actual
Angola,2024-01-01,20,Actual
Angola,2024-02-01,20,Actual
Angola,2024-03-01,15,Actual
Angola,2024-04-01,10,Actual
Angola,2024-05-01,30,Actual
Angola,2024-06-01,25,Actual
Angola,2024-07-01,25,Actual
Angola,2024-08-01,20,Actual
Angola,2024-09-01,15,Actual
Angola,2024-10-01,0,Actual
Angola,2024-11-01,10,Actual
Angola,2024-12-01,15,Actual
Angola,2025-01-01,20,Forecast
Angola,2025-02-01,26,Forecast
Angola,2025-03-01,18,Forecast
Angola,2025-04-01,22,Forecast
Angola,2025-05-01,22,Forecast
Angola,2025-06-01,19,Forecast
Angola,2025-07-01,20,Forecast
Angola,2025-08-01,17,Forecast
Angola,2025-09-01,14,Forecast
Angola,2025-10-01,12,Forecast
Angola,2025-11-01,14,Forecast
Angola,2025-12-01,17,Forecast
Angola,2026-01-01,20,Forecast
Angola,2026-02-01,24,Forecast
Angola,2026-03-01,19,Forecast
Angola,2026-04-01,24,Forecast
Angola,2026-05-01,21,Forecast
Angola,2026-06-01,19,Forecast
Angola,2026-07-01,20,Forecast
Angola,2026-08-01,16,Forecast
Angola,2026-09-01,14,Forecast
Angola,2026-10-01,14,Forecast
Angola,2026-11-01,14,Forecast
Angola,2026-12-01,18,Forecast
Antigua and Barbuda,2022-01-01,10,Actual
Antigua and Barbuda,2022-02-01,5,Actual
Antigua and Barbuda,2022-03-01,10,Actual
Antigua and Barbuda,2022-04-01,10,Actual
Antigua and Barbuda,2022-05-01,10,Actual
Antigua and Barbuda,2022-06-01,5,Actual
Antigua and Barbuda,2022-07-01,15,Actual
Antigua and Barbuda,2022-08-01,10,Actual
Antigua and Barbuda,2022-09-01,10,Actual
Antigua and Barbuda,2022-10-01,10,Actual
Antigua and Barbuda,2022-11-01,0,Actual
Antigua and Barbuda,2022-12-01,5,Actual
Antigua and Barbuda,2023-01-01,25,Actual
Antigua and Barbuda,2023-02-01,10,Actual
Antigua and Barbuda,2023-03-01,10,Actual
Antigua and Barbuda,2023-04-01,10,Actual
Antigua and Barbuda,2023-05-01,5,Actual
Antigua and Barbuda,2023-06-01,10,Actual
Antigua and Barbuda,2023-07-01,10,Actual
Antigua and Barbuda,2023-08-01,15,Actual
Antigua and Barbuda,2023-09-01,5,Actual
Antigua and Barbuda,2023-10-01,0,Actual
Antigua and Barbuda,2023-11-01,5,Actual
Antigua and Barbuda,2023-12-01,5,Actual
Antigua and Barbuda,2024-01-01,0,Actual
Antigua and Barbuda,2024-02-01,10,Actual
Antigua and Barbuda,2024-03-01,5,Actual
Antigua and Barbuda,2024-04-01,0,Actual
Antigua and Barbuda,2024-05-01,5,Actual
Antigua and Barbuda,2024-06-01,5,Actual
Antigua and Barbuda,2024-07-01,5,Actual
Antigua and Barbuda,2024-08-01,5,Actual
Antigua and Barbuda,2024-09-01,10,Actual
Antigua and Barbuda,2024-10-01,5,Actual
Antigua and Barbuda,2024-11-01,10,Actual
Antigua and Barbuda,2024-12-01,5,Actual
Antigua and Barbuda,2025-01-01,9,Forecast
Antigua and Barbuda,2025-02-01,5,Forecast
Antigua and Barbuda,2025-03-01,7,Forecast
Antigua and Barbuda,2025-04-01,5,Forecast
Antigua and Barbuda,2025-05-01,6,Forecast
Antigua and Barbuda,2025-06-01,6,Forecast
Antigua and Barbuda,2025-07-01,7,Forecast
Antigua and Barbuda,2025-08-01,7,Forecast
Antigua and Barbuda,2025-09-01,7,Forecast
Antigua and Barbuda,2025-10-01,5,Forecast
Antigua and Barbuda,2025-11-01,5,Forecast
Antigua and Barbuda,2025-12-01,5,Forecast
Antigua and Barbuda,2026-01-01,8,Forecast
Antigua and Barbuda,2026-02-01,5,Forecast
Antigua and Barbuda,2026-03-01,6,Forecast
Antigua and Barbuda,2026-04-01,5,Forecast
Antigua and Barbuda,2026-05-01,5,Forecast
Antigua and Barbuda,2026-06-01,5,Forecast
Antigua and Barbuda,2026-07-01,7,Forecast
Antigua and Barbuda,2026-08-01,7,Forecast
Antigua and Barbuda,2026-09-01,6,Forecast
Antigua and Barbuda,2026-10-01,4,Forecast
Antigua and Barbuda,2026-11-01,4,Forecast
Antigua and Barbuda,2026-12-01,4,Forecast
Argentina,2022-01-01,30,Actual
Argentina,2022-02-01,35,Actual
Argentina,2022-03-01,55,Actual
Argentina,2022-04-01,30,Actual
Argentina,2022-05-01,25,Actual
Argentina,2022-06-01,25,Actual
Argentina,2022-07-01,45,Actual
Argentina,2022-08-01,35,Actual
Argentina,2022-09-01,30,Actual
Argentina,2022-10-01,15,Actual
Argentina,2022-11-01,20,Actual
Argentina,2022-12-01,15,Actual
Argentina,2023-01-01,55,Actual
Argentina,2023-02-01,50,Actual
Argentina,2023-03-01,45,Actual
Argentina,2023-04-01,30,Actual
Argentina,2023-05-01,60,Actual
Argentina,2023-06-01,65,Actual
Argentina,2023-07-01,30,Actual
Argentina,2023-08-01,40,Actual
Argentina,2023-09-01,10,Actual
Argentina,2023-10-01,25,Actual
Argentina,2023-11-01,15,Actual
Argentina,2023-12-01,65,Actual
Argentina,2024-01-01,55,Actual
Argentina,2024-02-01,40,Actual
Argentina,2024-03-01,35,Actual
Argentina,2024-04-01,35,Actual
Argentina,2024-05-01,35,Actual
Argentina,2024-06-01,45,Actual
Argentina,2024-07-01,50,Actual
Argentina,2024-08-01,50,Actual
Argentina,2024-09-01,15,Actual
Argentina,2024-10-01,15,Actual
Argentina,2024-11-01,30,Actual
Argentina,2024-12-01,30,Actual
Argentina,2025-01-01,43,Forecast
Argentina,2025-02-01,47,Forecast
Argentina,2025-03-01,44,Forecast
Argentina,2025-04-01,38,Forecast
Argentina,2025-05-01,41,Forecast
Argentina,2025-06-01,43,Forecast
Argentina,2025-07-01,43,Forecast
Argentina,2025-08-01,43,Forecast
Argentina,2025-09-01,31,Forecast
Argentina,2025-10-01,30,Forecast
Argentina,2025-11-01,33,Forecast
Argentina,2025-12-01,39,Forecast
Argentina,2026-01-01,46,Forecast
Argentina,2026-02-01,47,Forecast
Argentina,2026-03-01,46,Forecast
Argentina,2026-04-01,39,Forecast
Argentina,2026-05-01,44,Forecast
Argentina,2026-06-01,46,Forecast
Argentina,2026-07-01,44,Forecast
Argentina,2026-08-01,44,Forecast
Argentina,2026-09-01,33,Forecast
Argentina,2026-10-01,33,Forecast
Argentina,2026-11-01,34,Forecast
Argentina,2026-12-01,43,Forecast
Armenia,2022-01-01,5,Actual
Armenia,2022-02-01,20,Actual
Armenia,2022-03-01,0,Actual
Armenia,2022-04-01,15,Actual
Armenia,2022-05-01,5,Actual
Armenia,2022-06-01,15,Actual
Armenia,2022-07-01,15,Actual
Armenia,2022-08-01,10,Actual
Armenia,2022-09-01,10,Actual
Armenia,2022-10-01,20,Actual
Armenia,2022-11-01,5,Actual
Armenia,2022-12-01,15,Actual
Armenia,2023-01-01,15,Actual
Armenia,2023-02-01,15,Actual
Armenia,2023-03-01,15,Actual
Armenia,2023-04-01,5,Actual
Armenia,2023-05-01,15,Actual
Armenia,2023-06-01,35,Actual
Armenia,2023-07-01,30,Actual
Armenia,2023-08-01,15,Actual
Armenia,2023-09-01,25,Actual
Armenia,2023-10-01,30,Actual
Armenia,2023-11-01,25,Actual
Armenia,2023-12-01,15,Actual
Armenia,2024-01-01,10,Actual
Armenia,2024-02-01,20,Actual
Armenia,2024-03-01,25,Actual
Armenia,2024-04-01,15,Actual
Armenia,2024-05-01,5,Actual
Armenia,2024-06-01,20,Actual
Armenia,2024-07-01,30,Actual
Armenia,2024-08-01,15,Actual
Armenia,2024-09-01,30,Actual
Armenia,2024-10-01,5,Actual
Armenia,2024-11-01,20,Actual
Armenia,2024-12-01,20,Actual
Armenia,2025-01-01,17,Forecast
Armenia,2025-02-01,20,Forecast
Armenia,2025-03-01,16,Forecast
Armenia,2025-04-01,18,Forecast
Armenia,2025-05-01,15,Forecast
Armenia,2025-06-01,22,Forecast
Armenia,2025-07-01,23,Forecast
Armenia,2025-08-01,16,Forecast
Armenia,2025-09-01,25,Forecast
Armenia,2025-10-01,18,Forecast
Armenia,2025-11-01,19,Forecast
Armenia,2025-12-01,18,Forecast
Armenia,2026-01-01,17,Forecast
Armenia,2026-02-01,22,Forecast
Armenia,2026-03-01,19,Forecast
Armenia,2026-04-01,17,Forecast
Armenia,2026-05-01,16,Forecast
Armenia,2026-06-01,24,Forecast
Armenia,2026-07-01,25,Forecast
Armenia,2026-08-01,19,Forecast
Armenia,2026-09-01,22,Forecast
Armenia,2026-10-01,21,Forecast
Armenia,2026-11-01,20,Forecast
Armenia,2026-12-01,21,Forecast
Australia,2022-01-01,165,Actual
Australia,2022-02-01,130,Actual
Australia,2022-03-01,155,Actual
Australia,2022-04-01,115,Actual
Australia,2022-05-01,120,Actual
Australia,2022-06-01,135,Actual
Australia,2022-07-01,120,Actual
Australia,2022-08-01,100,Actual
Australia,2022-09-01,80,Actual
Australia,2022-10-01,45,Actual
Australia,2022-11-01,40,Actual
Australia,2022-12-01,60,Actual
Australia,2023-01-01,190,Actual
Australia,2023-02-01,190,Actual
Australia,2023-03-01,150,Actual
Australia,2023-04-01,75,Actual
Australia,2023-05-01,120,Actual
Australia,2023-06-01,90,Actual
Australia,2023-07-01,95,Actual
Australia,2023-08-01,110,Actual
Australia,2023-09-01,50,Actual
Australia,2023-10-01,50,Actual
Australia,2023-11-01,50,Actual
Australia,2023-12-01,90,Actual
Australia,2024-01-01,110,Actual
Australia,2024-02-01,90,Actual
Australia,2024-03-01,80,Actual
Australia,2024-04-01,90,Actual
Australia,2024-05-01,95,Actual
Australia,2024-06-01,95,Actual
Australia,2024-07-01,85,Actual
Australia,2024-08-01,95,Actual
Australia,2024-09-01,55,Actual
Australia,2024-10-01,45,Actual
Australia,2024-11-01,90,Actual
Australia,2024-12-01,75,Actual
Australia,2025-01-01,116,Forecast
Australia,2025-02-01,108,Forecast
Australia,2025-03-01,97,Forecast
Australia,2025-04-01,86,Forecast
Australia,2025-05-01,95,Forecast
Australia,2025-06-01,93,Forecast
Australia,2025-07-01,88,Forecast
Australia,2025-08-01,90,Forecast
Australia,2025-09-01,66,Forecast
Australia,2025-10-01,57,Forecast
Australia,2025-11-01,71,Forecast
Australia,2025-12-01,74,Forecast
Australia,2026-01-01,113,Forecast
Australia,2026-02-01,104,Forecast
Australia,2026-03-01,100,Forecast
Australia,2026-04-01,80,Forecast
Australia,2026-05-01,90,Forecast
Australia,2026-06-01,87,Forecast
Australia,2026-07-01,84,Forecast
Australia,2026-08-01,86,Forecast
Australia,2026-09-01,64,Forecast
Australia,2026-10-01,56,Forecast
Australia,2026-11-01,64,Forecast
Australia,2026-12-01,72,Forecast
Austria,2022-01-01,10,Actual
Austria,2022-02-01,15,Actual
Austria,2022-03-01,10,Actual
Austria,2022-04-01,10,Actual
Austria,2022-05-01,10,Actual
Austria,2022-06-01,5,Actual
Austria,2022-07-01,0,Actual
Austria,2022-08-01,10,Actual
Austria,2022-09-01,10,Actual
Austria,2022-10-01,0,Actual
Austria,2022-11-01,0,Actual
Austria,2022-12-01,10,Actual
Austria,2023-01-01,25,Actual
Austria,2023-02-01,15,Actual
Austria,2023-03-01,10,Actual
Austria,2023-04-01,10,Actual
Austria,2023-05-01,5,Actual
Austria,2023-06-01,5,Actual
Austria,2023-07-01,15,Actual
Austria,2023-08-01,0,Actual
Austria,2023-09-01,0,Actual
Austria,2023-10-01,0,Actual
Austria,2023-11-01,0,Actual
Austria,2023-12-01,5,Actual
Austria,2024-01-01,15,Actual
Austria,2024-02-01,5,Actual
Austria,2024-03-01,0,Actual
Austria,2024-04-01,0,Actual
Austria,2024-05-01,10,Actual
Austria,2024-06-01,20,Actual
Austria,2024-07-01,10,Actual
Austria,2024-08-01,5,Actual
Austria,2024-09-01,0,Actual
Austria,2024-10-01,5,Actual
Austria,2024-11-01,10,Actual
Austria,2024-12-01,0,Actual
Austria,2025-01-01,9,Forecast
Austria,2025-02-01,13,Forecast
Austria,2025-03-01,7,Forecast
Austria,2025-04-01,6,Forecast
Austria,2025-05-01,8,Forecast
Austria,2025-06-01,9,Forecast
Austria,2025-07-01,7,Forecast
Austria,2025-08-01,6,Forecast
Austria,2025-09-01,5,Forecast
Austria,2025-10-01,4,Forecast
Austria,2025-11-01,6,Forecast
Austria,2025-12-01,6,Forecast
Austria,2026-01-01,11,Forecast
Austria,2026-02-01,11,Forecast
Austria,2026-03-01,7,Forecast
Austria,2026-04-01,7,Forecast
Austria,2026-05-01,8,Forecast
Austria,2026-06-01,8,Forecast
Austria,2026-07-01,8,Forecast
Austria,2026-08-01,6,Forecast
Austria,2026-09-01,5,Forecast
Austria,2026-10-01,4,Forecast
Austria,2026-11-01,5,Forecast
Austria,2026-12-01,6,Forecast
Azerbaijan,2022-01-01,35,Actual
Azerbaijan,2022-02-01,25,Actual
Azerbaijan,2022-03-01,40,Actual
Azerbaijan,2022-04-01,40,Actual
Azerbaijan,2022-05-01,30,Actual
Azerbaijan,2022-06-01,40,Actual
Azerbaijan,2022-07-01,30,Actual
Azerbaijan,2022-08-01,25,Actual
Azerbaijan,2022-09-01,30,Actual
Azerbaijan,2022-10-01,25,Actual
Azerbaijan,2022-11-01,15,Actual
Azerbaijan,2022-12-01,15,Actual
Azerbaijan,2023-01-01,40,Actual
Azerbaijan,2023-02-01,25,Actual
Azerbaijan,2023-03-01,25,Actual
Azerbaijan,2023-04-01,10,Actual
Azerbaijan,2023-05-01,20,Actual
Azerbaijan,2023-06-01,20,Actual
Azerbaijan,2023-07-01,15,Actual
Azerbaijan,2023-08-01,20,Actual
Azerbaijan,2023-09-01,20,Actual
Azerbaijan,2023-10-01,10,Actual
Azerbaijan,2023-11-01,10,Actual
Azerbaijan,2023-12-01,30,Actual
Azerbaijan,2024-01-01,25,Actual
Azerbaijan,2024-02-01,15,Actual
Azerbaijan,2024-03-01,10,Actual
Azerbaijan,2024-04-01,15,Actual
Azerbaijan,2024-05-01,20,Actual
Azerbaijan,2024-06-01,15,Actual
Azerbaijan,2024-07-01,30,Actual
Azerbaijan,2024-08-01,20,Actual
Azerbaijan,2024-09-01,10,Actual
Azerbaijan,2024-10-01,25,Actual
Azerbaijan,2024-11-01,15,Actual
Azerbaijan,2024-12-01,10,Actual
Azerbaijan,2025-01-01,19,Forecast
Azerbaijan,2025-02-01,14,Forecast
Azerbaijan,2025-03-01,13,Forecast
Azerbaijan,2025-04-01,12,Forecast
Azerbaijan,2025-05-01,12,Forecast
Azerbaijan,2025-06-01,12,Forecast
Azerbaijan,2025-07-01,13,Forecast
Azerbaijan,2025-08-01,10,Forecast
Azerbaijan,2025-09-01,9,Forecast
Azerbaijan,2025-10-01,10,Forecast
Azerbaijan,2025-11-01,6,Forecast
Azerbaijan,2025-12-01,7,Forecast
Azerbaijan,2026-01-01,12,Forecast
Azerbaijan,2026-02-01,7,Forecast
Azerbaijan,2026-03-01,8,Forecast
Azerbaijan,2026-04-01,5,Forecast
Azerbaijan,2026-05-01,6,Forecast
Azerbaijan,2026-06-01,7,Forecast
Azerbaijan,2026-07-01,6,Forecast
Azerbaijan,2026-08-01,4,Forecast
Azerbaijan,2026-09-01,4,Forecast
Azerbaijan,2026-10-01,3,Forecast
Azerbaijan,2026-11-01,0,Forecast
Azerbaijan,2026-12-01,2,Forecast
"Bahama Islands, The",2022-01-01,25,Actual
"Bahama Islands, The",2022-02-01,40,Actual
"Bahama Islands, The",2022-03-01,35,Actual
"Bahama Islands, The",2022-04-01,30,Actual
"Bahama Islands, The",2022-05-01,20,Actual
"Bahama Islands, The",2022-06-01,30,Actual
"Bahama Islands, The",2022-07-01,30,Actual
"Bahama Islands, The",2022-08-01,25,Actual
"Bahama Islands, The",2022-09-01,15,Actual
"Bahama Islands, The",2022-10-01,10,Actual
"Bahama Islands, The",2022-11-01,0,Actual
"Bahama Islands, The",2022-12-01,10,Actual
"Bahama Islands, The",2023-01-01,75,Actual
"Bahama Islands, The",2023-02-01,75,Actual
"Bahama Islands, The",2023-03-01,25,Actual
"Bahama Islands, The",2023-04-01,20,Actual
"Bahama Islands, The",2023-05-01,35,Actual
"Bahama Islands, The",2023-06-01,35,Actual
"Bahama Islands, The",2023-07-01,30,Actual
"Bahama Islands, The",2023-08-01,30,Actual
"Bahama Islands, The",2023-09-01,15,Actual
"Bahama Islands, The",2023-10-01,25,Actual
"Bahama Islands, The",2023-11-01,15,Actual
"Bahama Islands, The",2023-12-01,25,Actual
"Bahama Islands, The",2024-01-01,75,Actual
"Bahama Islands, The",2024-02-01,25,Actual
"Bahama Islands, The",2024-03-01,35,Actual
"Bahama Islands, The",2024-04-01,25,Actual
"Bahama Islands, The",2024-05-01,30,Actual
"Bahama Islands, The",2024-06-01,25,Actual
"Bahama Islands, The",2024-07-01,50,Actual
"Bahama Islands, The",2024-08-01,30,Actual
"Bahama Islands, The",2024-09-01,25,Actual
"Bahama Islands, The",2024-10-01,30,Actual
"Bahama Islands, The",2024-11-01,15,Actual
"Bahama Islands, The",2024-12-01,20,Actual
"Bahama Islands, The",2025-01-01,53,Forecast
"Bahama Islands, The",2025-02-01,58,Forecast
"Bahama Islands, The",2025-03-01,37,Forecast
"Bahama Islands, The",2025-04-01,32,Forecast
"Bahama Islands, The",2025-05-01,36,Forecast
"Bahama Islands, The",2025-06-01,36,Forecast
"Bahama Islands, The",2025-07-01,43,Forecast
"Bahama Islands, The",2025-08-01,35,Forecast
"Bahama Islands, The",2025-09-01,28,Forecast
"Bahama Islands, The",2025-10-01,32,Forecast
"Bahama Islands, The",2025-11-01,23,Forecast
"Bahama Islands, The",2025-12-01,29,Forecast
"Bahama Islands, The",2026-01-01,61,Forecast
"Bahama Islands, The",2026-02-01,53,Forecast
"Bahama Islands, The",2026-03-01,41,Forecast
"Bahama Islands, The",2026-04-01,36,Forecast
"Bahama Islands, The",2026-05-01,39,Forecast
"Bahama Islands, The",2026-06-01,39,Forecast
"Bahama Islands, The",2026-07-01,46,Forecast
"Bahama Islands, The",2026-08-01,39,Forecast
"Bahama Islands, The",2026-09-01,32,Forecast
"Bahama Islands, The",2026-10-01,35,Forecast
"Bahama Islands, The",2026-11-01,26,Forecast
"Bahama Islands, The",2026-12-01,32,Forecast
Bahrain,2022-01-01,0,Actual
Bahrain,2022-02-01,0,Actual
Bahrain,2022-03-01,0,Actual
Bahrain,2022-04-01,0,Actual
Bahrain,2022-05-01,0,Actual
Bahrain,2022-06-01,0,Actual
Bahrain,2022-07-01,0,Actual
Bahrain,2022-08-01,0,Actual
Bahrain,2022-09-01,0,Actual
Bahrain,2022-10-01,0,Actual
Bahrain,2022-11-01,0,Actual
Bahrain,2022-12-01,0,Actual
Bahrain,2023-01-01,0,Actual
Bahrain,2023-02-01,0,Actual
Bahrain,2023-03-01,0,Actual
Bahrain,2023-04-01,0,Actual
Bahrain,2023-05-01,0,Actual
Bahrain,2023-06-01,0,Actual
Bahrain,2023-07-01,0,Actual
Bahrain,2023-08-01,0,Actual
Bahrain,2023-09-01,0,Actual
Bahrain,2023-10-01,0,Actual
Bahrain,2023-11-01,0,Actual
Bahrain,2023-12-01,0,Actual
Bahrain,2024-01-01,0,Actual
Bahrain,2024-02-01,0,Actual
Bahrain,2024-03-01,0,Actual
Bahrain,2024-04-01,0,Actual
Bahrain,2024-05-01,5,Actual
Bahrain,2024-06-01,0,Actual
Bahrain,2024-07-01,0,Actual
Bahrain,2024-08-01,0,Actual
Bahrain,2024-09-01,0,Actual
Bahrain,2024-10-01,0,Actual
Bahrain,2024-11-01,0,Actual
Bahrain,2024-12-01,0,Actual
Bangladesh,2022-01-01,305,Actual
Bangladesh,2022-02-01,365,Actual
Bangladesh,2022-03-01,350,Actual
Bangladesh,2022-04-01,300,Actual
Bangladesh,2022-05-01,330,Actual
Bangladesh,2022-06-01,435,Actual
Bangladesh,2022-07-01,495,Actual
Bangladesh,2022-08-01,345,Actual
Bangladesh,2022-09-01,390,Actual
Bangladesh,2022-10-01,415,Actual
Bangladesh,2022-11-01,200,Actual
Bangladesh,2022-12-01,130,Actual
Bangladesh,2023-01-01,365,Actual
Bangladesh,2023-02-01,475,Actual
Bangladesh,2023-03-01,535,Actual
Bangladesh,2023-04-01,360,Actual
Bangladesh,2023-05-01,555,Actual
Bangladesh,2023-06-01,460,Actual
Bangladesh,2023-07-01,535,Actual
Bangladesh,2023-08-01,385,Actual
Bangladesh,2023-09-01,290,Actual
Bangladesh,2023-10-01,405,Actual
Bangladesh,2023-11-01,295,Actual
Bangladesh,2023-12-01,365,Actual
Bangladesh,2024-01-01,500,Actual
Bangladesh,2024-02-01,390,Actual
Bangladesh,2024-03-01,280,Actual
Bangladesh,2024-04-01,460,Actual
Bangladesh,2024-05-01,485,Actual
Bangladesh,2024-06-01,420,Actual
Bangladesh,2024-07-01,425,Actual
Bangladesh,2024-08-01,380,Actual
Bangladesh,2024-09-01,315,Actual
Bangladesh,2024-10-01,375,Actual
Bangladesh,2024-11-01,290,Actual
Bangladesh,2024-12-01,210,Actual
Bangladesh,2025-01-01,357,Forecast
Bangladesh,2025-02-01,436,Forecast
Bangladesh,2025-03-01,380,Forecast
Bangladesh,2025-04-01,390,Forecast
Bangladesh,2025-05-01,422,Forecast
Bangladesh,2025-06-01,411,Forecast
Bangladesh,2025-07-01,429,Forecast
Bangladesh,2025-08-01,377,Forecast
Bangladesh,2025-09-01,357,Forecast
Bangladesh,2025-10-01,387,Forecast
Bangladesh,2025-11-01,321,Forecast
Bangladesh,2025-12-01,299,Forecast
Bangladesh,2026-01-01,385,Forecast
Bangladesh,2026-02-01,416,Forecast
Bangladesh,2026-03-01,393,Forecast
Bangladesh,2026-04-01,374,Forecast
Bangladesh,2026-05-01,418,Forecast
Bangladesh,2026-06-01,408,Forecast
Bangladesh,2026-07-01,432,Forecast
Bangladesh,2026-08-01,370,Forecast
Bangladesh,2026-09-01,349,Forecast
Bangladesh,2026-10-01,383,Forecast
Bangladesh,2026-11-01,312,Forecast
Bangladesh,2026-12-01,301,Forecast
Barbados,2022-01-01,15,Actual
Barbados,2022-02-01,20,Actual
Barbados,2022-03-01,20,Actual
Barbados,2022-04-01,20,Actual
Barbados,2022-05-01,10,Actual
Barbados,2022-06-01,20,Actual
Barbados,2022-07-01,15,Actual
Barbados,2022-08-01,25,Actual
Barbados,2022-09-01,20,Actual
Barbados,2022-10-01,10,Actual
Barbados,2022-11-01,5,Actual
Barbados,2022-12-01,10,Actual
Barbados,2023-01-01,35,Actual
Barbados,2023-02-01,30,Actual
Barbados,2023-03-01,30,Actual
Barbados,2023-04-01,20,Actual
Barbados,2023-05-01,20,Actual
Barbados,2023-06-01,25,Actual
Barbados,2023-07-01,25,Actual
Barbados,2023-08-01,30,Actual
Barbados,2023-09-01,15,Actual
Barbados,2023-10-01,15,Actual
Barbados,2023-11-01,10,Actual
Barbados,2023-12-01,10,Actual
Barbados,2024-01-01,35,Actual
Barbados,2024-02-01,25,Actual
Barbados,2024-03-01,15,Actual
Barbados,2024-04-01,20,Actual
Barbados,2024-05-01,25,Actual
Barbados,2024-06-01,10,Actual
Barbados,2024-07-01,25,Actual
Barbados,2024-08-01,20,Actual
Barbados,2024-09-01,15,Actual
Barbados,2024-10-01,15,Actual
Barbados,2024-11-01,20,Actual
Barbados,2024-12-01,15,Actual
Barbados,2025-01-01,27,Forecast
Barbados,2025-02-01,28,Forecast
Barbados,2025-03-01,22,Forecast
Barbados,2025-04-01,23,Forecast
Barbados,2025-05-01,24,Forecast
Barbados,2025-06-01,19,Forecast
Barbados,2025-07-01,25,Forecast
Barbados,2025-08-01,25,Forecast
Barbados,2025-09-01,20,Forecast
Barbados,2025-10-01,18,Forecast
Barbados,2025-11-01,19,Forecast
Barbados,2025-12-01,18,Forecast
Barbados,2026-01-01,31,Forecast
Barbados,2026-02-01,29,Forecast
Barbados,2026-03-01,25,Forecast
Barbados,2026-04-01,25,Forecast
Barbados,2026-05-01,25,Forecast
Barbados,2026-06-01,22,Forecast
Barbados,2026-07-01,27,Forecast
Barbados,2026-08-01,28,Forecast
Barbados,2026-09-01,22,Forecast
Barbados,2026-10-01,20,Forecast
Barbados,2026-11-01,21,Forecast
Barbados,2026-12-01,19,Forecast
Belarus,2022-01-01,20,Actual
Belarus,2022-02-01,15,Actual
Belarus,2022-03-01,20,Actual
Belarus,2022-04-01,0,Actual
Belarus,2022-05-01,5,Actual
Belarus,2022-06-01,10,Actual
Belarus,2022-07-01,0,Actual
Belarus,2022-08-01,20,Actual
Belarus,2022-09-01,15,Actual
Belarus,2022-10-01,15,Actual
Belarus,2022-11-01,10,Actual
Belarus,2022-12-01,5,Actual
Belarus,2023-01-01,35,Actual
Belarus,2023-02-01,20,Actual
Belarus,2023-03-01,10,Actual
Belarus,2023-04-01,15,Actual
Belarus,2023-05-01,25,Actual
Belarus,2023-06-01,25,Actual
Belarus,2023-07-01,20,Actual
Belarus,2023-08-01,15,Actual
Belarus,2023-09-01,10,Actual
Belarus,2023-10-01,20,Actual
Belarus,2023-11-01,0,Actual
Belarus,2023-12-01,20,Actual
Belarus,2024-01-01,30,Actual
Belarus,2024-02-01,20,Actual
Belarus,2024-03-01,20,Actual
Belarus,2024-04-01,45,Actual
Belarus,2024-05-01,25,Actual
Belarus,2024-06-01,30,Actual
Belarus,2024-07-01,20,Actual
Belarus,2024-08-01,25,Actual
Belarus,2024-09-01,20,Actual
Belarus,2024-10-01,25,Actual
Belarus,2024-11-01,15,Actual
Belarus,2024-12-01,15,Actual
Belarus,2025-01-01,29,Forecast
Belarus,2025-02-01,25,Forecast
Belarus,2025-03-01,23,Forecast
Belarus,2025-04-01,26,Forecast
Belarus,2025-05-01,24,Forecast
Belarus,2025-06-01,26,Forecast
Belarus,2025-07-01,22,Forecast
Belarus,2025-08-01,25,Forecast
Belarus,2025-09-01,23,Forecast
Belarus,2025-10-01,25,Forecast
Belarus,2025-11-01,20,Forecast
Belarus,2025-12-01,21,Forecast
Belarus,2026-01-01,33,Forecast
Belarus,2026-02-01,28,Forecast
Belarus,2026-03-01,27,Forecast
Belarus,2026-04-01,28,Forecast
Belarus,2026-05-01,28,Forecast
Belarus,2026-06-01,29,Forecast
Belarus,2026-07-01,25,Forecast
Belarus,2026-08-01,29,Forecast
Belarus,2026-09-01,26,Forecast
Belarus,2026-10-01,29,Forecast
Belarus,2026-11-01,22,Forecast
Belarus,2026-12-01,25,Forecast
Belgium,2022-01-01,45,Actual
Belgium,2022-02-01,35,Actual
Belgium,2022-03-01,40,Actual
Belgium,2022-04-01,45,Actual
Belgium,2022-05-01,50,Actual
Belgium,2022-06-01,60,Actual
Belgium,2022-07-01,65,Actual
Belgium,2022-08-01,65,Actual
Belgium,2022-09-01,65,Actual
Belgium,2022-10-01,30,Actual
Belgium,2022-11-01,50,Actual
Belgium,2022-12-01,55,Actual
Belgium,2023-01-01,65,Actual
Belgium,2023-02-01,75,Actual
Belgium,2023-03-01,60,Actual
Belgium,2023-04-01,30,Actual
Belgium,2023-05-01,30,Actual
Belgium,2023-06-01,35,Actual
Belgium,2023-07-01,35,Actual
Belgium,2023-08-01,70,Actual
Belgium,2023-09-01,65,Actual
Belgium,2023-10-01,35,Actual
Belgium,2023-11-01,10,Actual
Belgium,2023-12-01,40,Actual
Belgium,2024-01-01,35,Actual
Belgium,2024-02-01,30,Actual
Belgium,2024-03-01,35,Actual
Belgium,2024-04-01,30,Actual
Belgium,2024-05-01,40,Actual
Belgium,2024-06-01,35,Actual
Belgium,2024-07-01,55,Actual
Belgium,2024-08-01,70,Actual
Belgium,2024-09-01,40,Actual
Belgium,2024-10-01,25,Actual
Belgium,2024-11-01,60,Actual
Belgium,2024-12-01,40,Actual
Belgium,2025-01-01,37,Forecast
Belgium,2025-02-01,40,Forecast
Belgium,2025-03-01,40,Forecast
Belgium,2025-04-01,36,Forecast
Belgium,2025-05-01,39,Forecast
Belgium,2025-06-01,39,Forecast
Belgium,2025-07-01,45,Forecast
Belgium,2025-08-01,52,Forecast
Belgium,2025-09-01,45,Forecast
Belgium,2025-10-01,32,Forecast
Belgium,2025-11-01,40,Forecast
Belgium,2025-12-01,40,Forecast
Belgium,2026-01-01,39,Forecast
Belgium,2026-02-01,38,Forecast
Belgium,2026-03-01,38,Forecast
Belgium,2026-04-01,33,Forecast
Belgium,2026-05-01,35,Forecast
Belgium,2026-06-01,37,Forecast
Belgium,2026-07-01,41,Forecast
Belgium,2026-08-01,50,Forecast
Belgium,2026-09-01,45,Forecast
Belgium,2026-10-01,31,Forecast
Belgium,2026-11-01,34,Forecast
Belgium,2026-12-01,38,Forecast
Belize,2022-01-01,5,Actual
Belize,2022-02-01,0,Actual
Belize,2022-03-01,5,Actual
Belize,2022-04-01,10,Actual
Belize,2022-05-01,15,Actual
Belize,2022-06-01,0,Actual
Belize,2022-07-01,0,Actual
Belize,2022-08-01,0,Actual
Belize,2022-09-01,0,Actual
Belize,2022-10-01,0,Actual
Belize,2022-11-01,0,Actual
Belize,2022-12-01,0,Actual
Belize,2023-01-01,10,Actual
Belize,2023-02-01,5,Actual
Belize,2023-03-01,0,Actual
Belize,2023-04-01,0,Actual
Belize,2023-05-01,15,Actual
Belize,2023-06-01,5,Actual
Belize,2023-07-01,10,Actual
Belize,2023-08-01,10,Actual
Belize,2023-09-01,0,Actual
Belize,2023-10-01,0,Actual
Belize,2023-11-01,0,Actual
Belize,2023-12-01,10,Actual
Belize,2024-01-01,15,Actual
Belize,2024-02-01,0,Actual
Belize,2024-03-01,0,Actual
Belize,2024-04-01,0,Actual
Belize,2024-05-01,10,Actual
Belize,2024-06-01,5,Actual
Belize,2024-07-01,0,Actual
Belize,2024-08-01,0,Actual
Belize,2024-09-01,0,Actual
Belize,2024-10-01,0,Actual
Belize,2024-11-01,5,Actual
Belize,2024-12-01,10,Actual
Belize,2025-01-01,7,Forecast
Belize,2025-02-01,3,Forecast
Belize,2025-03-01,3,Forecast
Belize,2025-04-01,3,Forecast
Belize,2025-05-01,9,Forecast
Belize,2025-06-01,4,Forecast
Belize,2025-07-01,3,Forecast
Belize,2025-08-01,3,Forecast
Belize,2025-09-01,2,Forecast
Belize,2025-10-01,2,Forecast
Belize,2025-11-01,3,Forecast
Belize,2025-12-01,6,Forecast
Belize,2026-01-01,7,Forecast
Belize,2026-02-01,3,Forecast
Belize,2026-03-01,3,Forecast
Belize,2026-04-01,4,Forecast
Belize,2026-05-01,9,Forecast
Belize,2026-06-01,4,Forecast
Belize,2026-07-01,4,Forecast
Belize,2026-08-01,4,Forecast
Belize,2026-09-01,2,Forecast
Belize,2026-10-01,2,Forecast
Belize,2026-11-01,3,Forecast
Belize,2026-12-01,6,Forecast
Bermuda,2022-01-01,0,Actual
Bermuda,2022-02-01,0,Actual
Bermuda,2022-03-01,0,Actual
Bermuda,2022-04-01,0,Actual
Bermuda,2022-05-01,0,Actual
Bermuda,2022-06-01,0,Actual
Bermuda,2022-07-01,0,Actual
Bermuda,2022-08-01,0,Actual
Bermuda,2022-09-01,0,Actual
Bermuda,2022-10-01,0,Actual
Bermuda,2022-11-01,0,Actual
Bermuda,2022-12-01,0,Actual
Bermuda,2023-01-01,0,Actual
Bermuda,2023-02-01,0,Actual
Bermuda,2023-03-01,0,Actual
Bermuda,2023-04-01,0,Actual
Bermuda,2023-05-01,0,Actual
Bermuda,2023-06-01,0,Actual
Bermuda,2023-07-01,0,Actual
Bermuda,2023-08-01,0,Actual
Bermuda,2023-09-01,0,Actual
Bermuda,2023-10-01,0,Actual
Bermuda,2023-11-01,0,Actual
Bermuda,2023-12-01,0,Actual
Bermuda,2024-01-01,0,Actual
Bermuda,2024-02-01,0,Actual
Bermuda,2024-03-01,0,Actual
Bermuda,2024-04-01,0,Actual
Bermuda,2024-05-01,0,Actual
Bermuda,2024-06-01,0,Actual
Bermuda,2024-07-01,0,Actual
Bermuda,2024-08-01,0,Actual
Bermuda,2024-09-01,0,Actual
Bermuda,2024-10-01,0,Actual
Bermuda,2024-11-01,0,Actual
Bermuda,2024-12-01,0,Actual
Bermuda,2025-01-01,0,Forecast
Bermuda,2025-02-01,0,Forecast
Bermuda,2025-03-01,0,Forecast
Bermuda,2025-04-01,0,Forecast
Bermuda,2025-05-01,0,Forecast
Bermuda,2025-06-01,0,Forecast
Bermuda,2025-07-01,0,Forecast
Bermuda,2025-08-01,0,Forecast
Bermuda,2025-09-01,0,Forecast
Bermuda,2025-10-01,0,Forecast
Bermuda,2025-11-01,0,Forecast
Bermuda,2025-12-01,0,Forecast
Bermuda,2026-01-01,0,Forecast
Bermuda,2026-02-01,0,Forecast
Bermuda,2026-03-01,0,Forecast
Bermuda,2026-04-01,0,Forecast
Bermuda,2026-05-01,0,Forecast
Bermuda,2026-06-01,0,Forecast
Bermuda,2026-07-01,0,Forecast
Bermuda,2026-08-01,0,Forecast
Bermuda,2026-09-01,0,Forecast
Bermuda,2026-10-01,0,Forecast
Bermuda,2026-11-01,0,Forecast
Bermuda,2026-12-01,0,Forecast
Bhutan,2022-01-01,0,Actual
Bhutan,2022-02-01,0,Actual
Bhutan,2022-03-01,0,Actual
Bhutan,2022-04-01,0,Actual
Bhutan,2022-05-01,0,Actual
Bhutan,2022-06-01,0,Actual
Bhutan,2022-07-01,0,Actual
Bhutan,2022-08-01,0,Actual
Bhutan,2022-09-01,0,Actual
Bhutan,2022-10-01,0,Actual
Bhutan,2022-11-01,0,Actual
Bhutan,2022-12-01,0,Actual
Bhutan,2023-01-01,0,Actual
Bhutan,2023-02-01,10,Actual
Bhutan,2023-03-01,10,Actual
Bhutan,2023-04-01,0,Actual
Bhutan,2023-05-01,0,Actual
Bhutan,2023-06-01,5,Actual
Bhutan,2023-07-01,0,Actual
Bhutan,2023-08-01,0,Actual
Bhutan,2023-09-01,0,Actual
Bhutan,2023-10-01,0,Actual
Bhutan,2023-11-01,0,Actual
Bhutan,2023-12-01,0,Actual
Bhutan,2024-01-01,5,Actual
Bhutan,2024-02-01,0,Actual
Bhutan,2024-03-01,0,Actual
Bhutan,2024-04-01,0,Actual
Bhutan,2024-05-01,0,Actual
Bhutan,2024-06-01,0,Actual
Bhutan,2024-07-01,0,Actual
Bhutan,2024-08-01,0,Actual
Bhutan,2024-09-01,0,Actual
Bhutan,2024-10-01,5,Actual
Bhutan,2024-11-01,0,Actual
Bhutan,2024-12-01,0,Actual
Bhutan,2025-01-01,2,Forecast
Bhutan,2025-02-01,4,Forecast
Bhutan,2025-03-01,3,Forecast
Bhutan,2025-04-01,1,Forecast
Bhutan,2025-05-01,1,Forecast
Bhutan,2025-06-01,2,Forecast
Bhutan,2025-07-01,1,Forecast
Bhutan,2025-08-01,1,Forecast
Bhutan,2025-09-01,1,Forecast
Bhutan,2025-10-01,2,Forecast
Bhutan,2025-11-01,1,Forecast
Bhutan,2025-12-01,1,Forecast
Bhutan,2026-01-01,2,Forecast
Bhutan,2026-02-01,4,Forecast
Bhutan,2026-03-01,3,Forecast
Bhutan,2026-04-01,1,Forecast
Bhutan,2026-05-01,1,Forecast
Bhutan,2026-06-01,2,Forecast
Bhutan,2026-07-01,1,Forecast
Bhutan,2026-08-01,2,Forecast
Bhutan,2026-09-01,2,Forecast
Bhutan,2026-10-01,2,Forecast
Bhutan,2026-11-01,2,Forecast
Bhutan,2026-12-01,2,Forecast
Bolivia,2022-01-01,5,Actual
Bolivia,2022-02-01,5,Actual
Bolivia,2022-03-01,20,Actual
Bolivia,2022-04-01,25,Actual
Bolivia,2022-05-01,10,Actual
Bolivia,2022-06-01,10,Actual
Bolivia,2022-07-01,10,Actual
Bolivia,2022-08-01,15,Actual
Bolivia,2022-09-01,10,Actual
Bolivia,2022-10-01,10,Actual
Bolivia,2022-11-01,0,Actual
Bolivia,2022-12-01,0,Actual
Bolivia,2023-01-01,25,Actual
Bolivia,2023-02-01,15,Actual
Bolivia,2023-03-01,5,Actual
Bolivia,2023-04-01,0,Actual
Bolivia,2023-05-01,15,Actual
Bolivia,2023-06-01,5,Actual
Bolivia,2023-07-01,5,Actual
Bolivia,2023-08-01,10,Actual
Bolivia,2023-09-01,20,Actual
Bolivia,2023-10-01,5,Actual
Bolivia,2023-11-01,15,Actual
Bolivia,2023-12-01,5,Actual
Bolivia,2024-01-01,20,Actual
Bolivia,2024-02-01,10,Actual
Bolivia,2024-03-01,10,Actual
Bolivia,2024-04-01,30,Actual
Bolivia,2024-05-01,10,Actual
Bolivia,2024-06-01,25,Actual
Bolivia,2024-07-01,15,Actual
Bolivia,2024-08-01,15,Actual
Bolivia,2024-09-01,5,Actual
Bolivia,2024-10-01,5,Actual
Bolivia,2024-11-01,35,Actual
Bolivia,2024-12-01,25,Actual
Bolivia,2025-01-01,13,Forecast
Bolivia,2025-02-01,13,Forecast
Bolivia,2025-03-01,16,Forecast
Bolivia,2025-04-01,19,Forecast
Bolivia,2025-05-01,15,Forecast
Bolivia,2025-06-01,16,Forecast
Bolivia,2025-07-01,15,Forecast
Bolivia,2025-08-01,16,Forecast
Bolivia,2025-09-01,15,Forecast
Bolivia,2025-10-01,14,Forecast
Bolivia,2025-11-01,16,Forecast
Bolivia,2025-12-01,15,Forecast
Bolivia,2026-01-01,18,Forecast
Bolivia,2026-02-01,15,Forecast
Bolivia,2026-03-01,17,Forecast
Bolivia,2026-04-01,18,Forecast
Bolivia,2026-05-01,17,Forecast
Bolivia,2026-06-01,17,Forecast
Bolivia,2026-07-01,15,Forecast
Bolivia,2026-08-01,17,Forecast
Bolivia,2026-09-01,18,Forecast
Bolivia,2026-10-01,14,Forecast
Bolivia,2026-11-01,18,Forecast
Bolivia,2026-12-01,15,Forecast
"Botswana, Republic of",2022-01-01,0,Actual
"Botswana, Republic of",2022-02-01,0,Actual
"Botswana, Republic of",2022-03-01,5,Actual
"Botswana, Republic of",2022-04-01,0,Actual
"Botswana, Republic of",2022-05-01,0,Actual
"Botswana, Republic of",2022-06-01,0,Actual
"Botswana, Republic of",2022-07-01,10,Actual
"Botswana, Republic of",2022-08-01,0,Actual
"Botswana, Republic of",2022-09-01,5,Actual
"Botswana, Republic of",2022-10-01,0,Actual
"Botswana, Republic of",2022-11-01,0,Actual
"Botswana, Republic of",2022-12-01,0,Actual
"Botswana, Republic of",2023-01-01,5,Actual
"Botswana, Republic of",2023-02-01,15,Actual
"Botswana, Republic of",2023-03-01,0,Actual
"Botswana, Republic of",2023-04-01,0,Actual
"Botswana, Republic of",2023-05-01,0,Actual
"Botswana, Republic of",2023-06-01,0,Actual
"Botswana, Republic of",2023-07-01,10,Actual
"Botswana, Republic of",2023-08-01,0,Actual
"Botswana, Republic of",2023-09-01,0,Actual
"Botswana, Republic of",2023-10-01,0,Actual
"Botswana, Republic of",2023-11-01,0,Actual
"Botswana, Republic of",2023-12-01,0,Actual
"Botswana, Republic of",2024-01-01,0,Actual
"Botswana, Republic of",2024-02-01,0,Actual
"Botswana, Republic of",2024-03-01,0,Actual
"Botswana, Republic of",2024-04-01,0,Actual
"Botswana, Republic of",2024-05-01,0,Actual
"Botswana, Republic of",2024-06-01,0,Actual
"Botswana, Republic of",2024-07-01,0,Actual
"Botswana, Republic of",2024-08-01,0,Actual
"Botswana, Republic of",2024-09-01,0,Actual
"Botswana, Republic of",2024-10-01,0,Actual
"Botswana, Republic of",2024-11-01,0,Actual
"Botswana, Republic of",2024-12-01,0,Actual
"Botswana, Republic of",2025-01-01,0,Forecast
"Botswana, Republic of",2025-02-01,2,Forecast
"Botswana, Republic of",2025-03-01,1,Forecast
"Botswana, Republic of",2025-04-01,0,Forecast
"Botswana, Republic of",2025-05-01,0,Forecast
"Botswana, Republic of",2025-06-01,0,Forecast
"Botswana, Republic of",2025-07-01,3,Forecast
"Botswana, Republic of",2025-08-01,0,Forecast
"Botswana, Republic of",2025-09-01,1,Forecast
"Botswana, Republic of",2025-10-01,0,Forecast
"Botswana, Republic of",2025-11-01,0,Forecast
"Botswana, Republic of",2025-12-01,0,Forecast
"Botswana, Republic of",2026-01-01,0,Forecast
"Botswana, Republic of",2026-02-01,1,Forecast
"Botswana, Republic of",2026-03-01,0,Forecast
"Botswana, Republic of",2026-04-01,0,Forecast
"Botswana, Republic of",2026-05-01,0,Forecast
"Botswana, Republic of",2026-06-01,0,Forecast
"Botswana, Republic of",2026-07-01,3,Forecast
"Botswana, Republic of",2026-08-01,0,Forecast
"Botswana, Republic of",2026-09-01,0,Forecast
"Botswana, Republic of",2026-10-01,0,Forecast
"Botswana, Republic of",2026-11-01,0,Forecast
"Botswana, Republic of",2026-12-01,0,Forecast
Brazil,2022-01-01,910,Actual
Brazil,2022-02-01,860,Actual
Brazil,2022-03-01,845,Actual
Brazil,2022-04-01,730,Actual
Brazil,2022-05-01,775,Actual
Brazil,2022-06-01,700,Actual
Brazil,2022-07-01,580,Actual
Brazil,2022-08-01,565,Actual
Brazil,2022-09-01,610,Actual
Brazil,2022-10-01,300,Actual
Brazil,2022-11-01,255,Actual
Brazil,2022-12-01,210,Actual
Brazil,2023-01-01,1250,Actual
Brazil,2023-02-01,1060,Actual
Brazil,2023-03-01,750,Actual
Brazil,2023-04-01,350,Actual
Brazil,2023-05-01,630,Actual
Brazil,2023-06-01,580,Actual
Brazil,2023-07-01,675,Actual
Brazil,2023-08-01,665,Actual
Brazil,2023-09-01,285,Actual
Brazil,2023-10-01,320,Actual
Brazil,2023-11-01,250,Actual
Brazil,2023-12-01,415,Actual
Brazil,2024-01-01,810,Actual
Brazil,2024-02-01,560,Actual
Brazil,2024-03-01,460,Actual
Brazil,2024-04-01,675,Actual
Brazil,2024-05-01,550,Actual
Brazil,2024-06-01,475,Actual
Brazil,2024-07-01,580,Actual
Brazil,2024-08-01,535,Actual
Brazil,2024-09-01,305,Actual
Brazil,2024-10-01,285,Actual
Brazil,2024-11-01,445,Actual
Brazil,2024-12-01,305,Actual
Brazil,2025-01-01,702,Forecast
Brazil,2025-02-01,676,Forecast
Brazil,2025-03-01,538,Forecast
Brazil,2025-04-01,550,Forecast
Brazil,2025-05-01,548,Forecast
Brazil,2025-06-01,503,Forecast
Brazil,2025-07-01,535,Forecast
Brazil,2025-08-01,518,Forecast
Brazil,2025-09-01,405,Forecast
Brazil,2025-10-01,346,Forecast
Brazil,2025-11-01,371,Forecast
Brazil,2025-12-01,349,Forecast
Brazil,2026-01-01,709,Forecast
Brazil,2026-02-01,636,Forecast
Brazil,2026-03-01,541,Forecast
Brazil,2026-04-01,489,Forecast
Brazil,2026-05-01,525,Forecast
Brazil,2026-06-01,487,Forecast
Brazil,2026-07-01,508,Forecast
Brazil,2026-08-01,498,Forecast
Brazil,2026-09-01,395,Forecast
Brazil,2026-10-01,337,Forecast
Brazil,2026-11-01,334,Forecast
Brazil,2026-12-01,344,Forecast
Brunei,2022-01-01,0,Actual
Brunei,2022-02-01,0,Actual
Brunei,2022-03-01,0,Actual
Brunei,2022-04-01,0,Actual
Brunei,2022-05-01,0,Actual
Brunei,2022-06-01,0,Actual
Brunei,2022-07-01,0,Actual
Brunei,2022-08-01,0,Actual
Brunei,2022-09-01,0,Actual
Brunei,2022-10-01,0,Actual
Brunei,2022-11-01,0,Actual
Brunei,2022-12-01,0,Actual
Brunei,2023-01-01,0,Actual
Brunei,2023-02-01,0,Actual
Brunei,2023-03-01,0,Actual
Brunei,2023-04-01,0,Actual
Brunei,2023-05-01,0,Actual
Brunei,2023-06-01,0,Actual
Brunei,2023-07-01,0,Actual
Brunei,2023-08-01,0,Actual
Brunei,2023-09-01,0,Actual
Brunei,2023-10-01,0,Actual
Brunei,2023-11-01,0,Actual
Brunei,2023-12-01,0,Actual
Brunei,2024-01-01,0,Actual
Brunei,2024-02-01,0,Actual
Brunei,2024-03-01,0,Actual
Brunei,2024-04-01,0,Actual
Brunei,2024-05-01,0,Actual
Brunei,2024-06-01,0,Actual
Brunei,2024-07-01,0,Actual
Brunei,2024-08-01,0,Actual
Brunei,2024-09-01,0,Actual
Brunei,2024-10-01,0,Actual
Brunei,2024-11-01,0,Actual
Brunei,2024-12-01,0,Actual
Brunei,2025-01-01,0,Forecast
Brunei,2025-02-01,0,Forecast
Brunei,2025-03-01,0,Forecast
Brunei,2025-04-01,0,Forecast
Brunei,2025-05-01,0,Forecast
Brunei,2025-06-01,0,Forecast
Brunei,2025-07-01,0,Forecast
Brunei,2025-08-01,0,Forecast
Brunei,2025-09-01,0,Forecast
Brunei,2025-10-01,0,Forecast
Brunei,2025-11-01,0,Forecast
Brunei,2025-12-01,0,Forecast
Brunei,2026-01-01,0,Forecast
Brunei,2026-02-01,0,Forecast
Brunei,2026-03-01,0,Forecast
Brunei,2026-04-01,0,Forecast
Brunei,2026-05-01,0,Forecast
Brunei,2026-06-01,0,Forecast
Brunei,2026-07-01,0,Forecast
Brunei,2026-08-01,0,Forecast
Brunei,2026-09-01,0,Forecast
Brunei,2026-10-01,0,Forecast
Brunei,2026-11-01,0,Forecast
Brunei,2026-12-01,0,Forecast
Bulgaria,2022-01-01,15,Actual
Bulgaria,2022-02-01,20,Actual
Bulgaria,2022-03-01,25,Actual
Bulgaria,2022-04-01,15,Actual
Bulgaria,2022-05-01,0,Actual
Bulgaria,2022-06-01,10,Actual
Bulgaria,2022-07-01,15,Actual
Bulgaria,2022-08-01,5,Actual
Bulgaria,2022-09-01,20,Actual
Bulgaria,2022-10-01,10,Actual
Bulgaria,2022-11-01,0,Actual
Bulgaria,2022-12-01,0,Actual
Bulgaria,2023-01-01,25,Actual
Bulgaria,2023-02-01,15,Actual
Bulgaria,2023-03-01,10,Actual
Bulgaria,2023-04-01,25,Actual
Bulgaria,2023-05-01,10,Actual
Bulgaria,2023-06-01,5,Actual
Bulgaria,2023-07-01,10,Actual
Bulgaria,2023-08-01,15,Actual
Bulgaria,2023-09-01,5,Actual
Bulgaria,2023-10-01,0,Actual
Bulgaria,2023-11-01,10,Actual
Bulgaria,2023-12-01,5,Actual
Bulgaria,2024-01-01,5,Actual
Bulgaria,2024-02-01,10,Actual
Bulgaria,2024-03-01,15,Actual
Bulgaria,2024-04-01,10,Actual
Bulgaria,2024-05-01,0,Actual
Bulgaria,2024-06-01,15,Actual
Bulgaria,2024-07-01,10,Actual
Bulgaria,2024-08-01,10,Actual
Bulgaria,2024-09-01,0,Actual
Bulgaria,2024-10-01,5,Actual
Bulgaria,2024-11-01,10,Actual
Bulgaria,2024-12-01,5,Actual
Bulgaria,2025-01-01,11,Forecast
Bulgaria,2025-02-01,11,Forecast
Bulgaria,2025-03-01,11,Forecast
Bulgaria,2025-04-01,11,Forecast
Bulgaria,2025-05-01,4,Forecast
Bulgaria,2025-06-01,9,Forecast
Bulgaria,2025-07-01,9,Forecast
Bulgaria,2025-08-01,8,Forecast
Bulgaria,2025-09-01,7,Forecast
Bulgaria,2025-10-01,6,Forecast
Bulgaria,2025-11-01,6,Forecast
Bulgaria,2025-12-01,5,Forecast
Bulgaria,2026-01-01,10,Forecast
Bulgaria,2026-02-01,10,Forecast
Bulgaria,2026-03-01,10,Forecast
Bulgaria,2026-04-01,11,Forecast
Bulgaria,2026-05-01,4,Forecast
Bulgaria,2026-06-01,7,Forecast
Bulgaria,2026-07-01,8,Forecast
Bulgaria,2026-08-01,7,Forecast
Bulgaria,2026-09-01,7,Forecast
Bulgaria,2026-10-01,5,Forecast
Bulgaria,2026-11-01,5,Forecast
Bulgaria,2026-12-01,4,Forecast
Burkina-Faso,2022-01-01,25,Actual
Burkina-Faso,2022-02-01,30,Actual
Burkina-Faso,2022-03-01,65,Actual
Burkina-Faso,2022-04-01,30,Actual
Burkina-Faso,2022-05-01,45,Actual
Burkina-Faso,2022-06-01,60,Actual
Burkina-Faso,2022-07-01,50,Actual
Burkina-Faso,2022-08-01,35,Actual
Burkina-Faso,2022-09-01,45,Actual
Burkina-Faso,2022-10-01,25,Actual
Burkina-Faso,2022-11-01,20,Actual
Burkina-Faso,2022-12-01,70,Actual
Burkina-Faso,2023-01-01,20,Actual
Burkina-Faso,2023-02-01,40,Actual
Burkina-Faso,2023-03-01,45,Actual
Burkina-Faso,2023-04-01,30,Actual
Burkina-Faso,2023-05-01,50,Actual
Burkina-Faso,2023-06-01,35,Actual
Burkina-Faso,2023-07-01,50,Actual
Burkina-Faso,2023-08-01,35,Actual
Burkina-Faso,2023-09-01,45,Actual
Burkina-Faso,2023-10-01,35,Actual
Burkina-Faso,2023-11-01,20,Actual
Burkina-Faso,2023-12-01,25,Actual
Burkina-Faso,2024-01-01,30,Actual
Burkina-Faso,2024-02-01,20,Actual
Burkina-Faso,2024-03-01,30,Actual
Burkina-Faso,2024-04-01,35,Actual
Burkina-Faso,2024-05-01,50,Actual
Burkina-Faso,2024-06-01,30,Actual
Burkina-Faso,2024-07-01,70,Actual
Burkina-Faso,2024-08-01,65,Actual
Burkina-Faso,2024-09-01,25,Actual
Burkina-Faso,2024-10-01,35,Actual
Burkina-Faso,2024-11-01,60,Actual
Burkina-Faso,2024-12-01,65,Actual
Burkina-Faso,2025-01-01,28,Forecast
Burkina-Faso,2025-02-01,38,Forecast
Burkina-Faso,2025-03-01,44,Forecast
Burkina-Faso,2025-04-01,36,Forecast
Burkina-Faso,2025-05-01,45,Forecast
Burkina-Faso,2025-06-01,41,Forecast
Burkina-Faso,2025-07-01,49,Forecast
Burkina-Faso,2025-08-01,44,Forecast
Burkina-Faso,2025-09-01,38,Forecast
Burkina-Faso,2025-10-01,35,Forecast
Burkina-Faso,2025-11-01,39,Forecast
Burkina-Faso,2025-12-01,48,Forecast
Burkina-Faso,2026-01-01,31,Forecast
Burkina-Faso,2026-02-01,36,Forecast
Burkina-Faso,2026-03-01,44,Forecast
Burkina-Faso,2026-04-01,36,Forecast
Burkina-Faso,2026-05-01,45,Forecast
Burkina-Faso,2026-06-01,42,Forecast
Burkina-Faso,2026-07-01,48,Forecast
Burkina-Faso,2026-08-01,42,Forecast
Burkina-Faso,2026-09-01,41,Forecast
Burkina-Faso,2026-10-01,37,Forecast
Burkina-Faso,2026-11-01,36,Forecast
Burkina-Faso,2026-12-01,47,Forecast
Burundi,2022-01-01,125,Actual
Burundi,2022-02-01,100,Actual
Burundi,2022-03-01,150,Actual
Burundi,2022-04-01,90,Actual
Burundi,2022-05-01,145,Actual
Burundi,2022-06-01,105,Actual
Burundi,2022-07-01,135,Actual
Burundi,2022-08-01,85,Actual
Burundi,2022-09-01,130,Actual
Burundi,2022-10-01,175,Actual
Burundi,2022-11-01,230,Actual
Burundi,2022-12-01,115,Actual
Burundi,2023-01-01,65,Actual
Burundi,2023-02-01,110,Actual
Burundi,2023-03-01,130,Actual
Burundi,2023-04-01,85,Actual
Burundi,2023-05-01,65,Actual
Burundi,2023-06-01,85,Actual
Burundi,2023-07-01,60,Actual
Burundi,2023-08-01,55,Actual
Burundi,2023-09-01,65,Actual
Burundi,2023-10-01,110,Actual
Burundi,2023-11-01,75,Actual
Burundi,2023-12-01,125,Actual
Burundi,2024-01-01,70,Actual
Burundi,2024-02-01,125,Actual
Burundi,2024-03-01,115,Actual
Burundi,2024-04-01,120,Actual
Burundi,2024-05-01,115,Actual
Burundi,2024-06-01,130,Actual
Burundi,2024-07-01,125,Actual
Burundi,2024-08-01,55,Actual
Burundi,2024-09-01,110,Actual
Burundi,2024-10-01,125,Actual
Burundi,2024-11-01,125,Actual
Burundi,2024-12-01,65,Actual
Burundi,2025-01-01,88,Forecast
Burundi,2025-02-01,83,Forecast
Burundi,2025-03-01,103,Forecast
Burundi,2025-04-01,89,Forecast
Burundi,2025-05-01,93,Forecast
Burundi,2025-06-01,92,Forecast
Burundi,2025-07-01,92,Forecast
Burundi,2025-08-01,69,Forecast
Burundi,2025-09-01,90,Forecast
Burundi,2025-10-01,106,Forecast
Burundi,2025-11-01,112,Forecast
Burundi,2025-12-01,87,Forecast
Burundi,2026-01-01,80,Forecast
Burundi,2026-02-01,82,Forecast
Burundi,2026-03-01,97,Forecast
Burundi,2026-04-01,79,Forecast
Burundi,2026-05-01,85,Forecast
Burundi,2026-06-01,84,Forecast
Burundi,2026-07-01,84,Forecast
Burundi,2026-08-01,64,Forecast
Burundi,2026-09-01,81,Forecast
Burundi,2026-10-01,99,Forecast
Burundi,2026-11-01,101,Forecast
Burundi,2026-12-01,83,Forecast
Cambodia,2022-01-01,20,Actual
Cambodia,2022-02-01,15,Actual
Cambodia,2022-03-01,30,Actual
Cambodia,2022-04-01,10,Actual
Cambodia,2022-05-01,20,Actual
Cambodia,2022-06-01,15,Actual
Cambodia,2022-07-01,20,Actual
Cambodia,2022-08-01,15,Actual
Cambodia,2022-09-01,40,Actual
Cambodia,2022-10-01,20,Actual
Cambodia,2022-11-01,10,Actual
Cambodia,2022-12-01,5,Actual
Cambodia,2023-01-01,10,Actual
Cambodia,2023-02-01,20,Actual
Cambodia,2023-03-01,10,Actual
Cambodia,2023-04-01,30,Actual
Cambodia,2023-05-01,20,Actual
Cambodia,2023-06-01,15,Actual
Cambodia,2023-07-01,15,Actual
Cambodia,2023-08-01,5,Actual
Cambodia,2023-09-01,10,Actual
Cambodia,2023-10-01,10,Actual
Cambodia,2023-11-01,15,Actual
Cambodia,2023-12-01,15,Actual
Cambodia,2024-01-01,25,Actual
Cambodia,2024-02-01,10,Actual
Cambodia,2024-03-01,10,Actual
Cambodia,2024-04-01,10,Actual
Cambodia,2024-05-01,15,Actual
Cambodia,2024-06-01,10,Actual
Cambodia,2024-07-01,30,Actual
Cambodia,2024-08-01,5,Actual
Cambodia,2024-09-01,15,Actual
Cambodia,2024-10-01,15,Actual
Cambodia,2024-11-01,5,Actual
Cambodia,2024-12-01,25,Actual
Cambodia,2025-01-01,13,Forecast
Cambodia,2025-02-01,15,Forecast
Cambodia,2025-03-01,14,Forecast
Cambodia,2025-04-01,14,Forecast
Cambodia,2025-05-01,15,Forecast
Cambodia,2025-06-01,13,Forecast
Cambodia,2025-07-01,18,Forecast
Cambodia,2025-08-01,10,Forecast
Cambodia,2025-09-01,17,Forecast
Cambodia,2025-10-01,14,Forecast
Cambodia,2025-11-01,10,Forecast
Cambodia,2025-12-01,14,Forecast
Cambodia,2026-01-01,13,Forecast
Cambodia,2026-02-01,13,Forecast
Cambodia,2026-03-01,13,Forecast
Cambodia,2026-04-01,14,Forecast
Cambodia,2026-05-01,14,Forecast
Cambodia,2026-06-01,12,Forecast
Cambodia,2026-07-01,15,Forecast
Cambodia,2026-08-01,9,Forecast
Cambodia,2026-09-01,16,Forecast
Cambodia,2026-10-01,13,Forecast
Cambodia,2026-11-01,10,Forecast
Cambodia,2026-12-01,12,Forecast
Cape Verde Islands,2022-01-01,0,Actual
Cape Verde Islands,2022-02-01,5,Actual
Cape Verde Islands,2022-03-01,0,Actual
Cape Verde Islands,2022-04-01,0,Actual
Cape Verde Islands,2022-05-01,0,Actual
Cape Verde Islands,2022-06-01,0,Actual
Cape Verde Islands,2022-07-01,0,Actual
Cape Verde Islands,2022-08-01,5,Actual
Cape Verde Islands,2022-09-01,0,Actual
Cape Verde Islands,2022-10-01,0,Actual
Cape Verde Islands,2022-11-01,0,Actual
Cape Verde Islands,2022-12-01,0,Actual
Cape Verde Islands,2023-01-01,0,Actual
Cape Verde Islands,2023-02-01,0,Actual
Cape Verde Islands,2023-03-01,0,Actual
Cape Verde Islands,2023-04-01,0,Actual
Cape Verde Islands,2023-05-01,0,Actual
Cape Verde Islands,2023-06-01,0,Actual
Cape Verde Islands,2023-07-01,0,Actual
Cape Verde Islands,2023-08-01,0,Actual
Cape Verde Islands,2023-09-01,0,Actual
Cape Verde Islands,2023-10-01,0,Actual
Cape Verde Islands,2023-11-01,0,Actual
Cape Verde Islands,2023-12-01,0,Actual
Cape Verde Islands,2024-01-01,0,Actual
Cape Verde Islands,2024-02-01,0,Actual
Cape Verde Islands,2024-03-01,0,Actual
Cape Verde Islands,2024-04-01,0,Actual
Cape Verde Islands,2024-05-01,0,Actual
Cape Verde Islands,2024-06-01,0,Actual
Cape Verde Islands,2024-07-01,0,Actual
Cape Verde Islands,2024-08-01,0,Actual
Cape Verde Islands,2024-09-01,0,Actual
Cape Verde Islands,2024-10-01,0,Actual
Cape Verde Islands,2024-11-01,0,Actual
Cape Verde Islands,2024-12-01,0,Actual
Cape Verde Islands,2025-01-01,0,Forecast
Cape Verde Islands,2025-02-01,1,Forecast
Cape Verde Islands,2025-03-01,0,Forecast
Cape Verde Islands,2025-04-01,0,Forecast
Cape Verde Islands,2025-05-01,0,Forecast
Cape Verde Islands,2025-06-01,0,Forecast
Cape Verde Islands,2025-07-01,0,Forecast
Cape Verde Islands,2025-08-01,0,Forecast
Cape Verde Islands,2025-09-01,0,Forecast
Cape Verde Islands,2025-10-01,0,Forecast
Cape Verde Islands,2025-11-01,0,Forecast
Cape Verde Islands,2025-12-01,0,Forecast
Cape Verde Islands,2026-01-01,0,Forecast
Cape Verde Islands,2026-02-01,0,Forecast
Cape Verde Islands,2026-03-01,0,Forecast
Cape Verde Islands,2026-04-01,0,Forecast
Cape Verde Islands,2026-05-01,0,Forecast
Cape Verde Islands,2026-06-01,0,Forecast
Cape Verde Islands,2026-07-01,0,Forecast
Cape Verde Islands,2026-08-01,0,Forecast
Cape Verde Islands,2026-09-01,0,Forecast
Cape Verde Islands,2026-10-01,0,Forecast
Cape Verde Islands,2026-11-01,0,Forecast
Cape Verde Islands,2026-12-01,0,Forecast
Central African Republic,2022-01-01,15,Actual
Central African Republic,2022-02-01,15,Actual
Central African Republic,2022-03-01,70,Actual
Central African Republic,2022-04-01,145,Actual
Central African Republic,2022-05-01,85,Actual
Central African Republic,2022-06-01,175,Actual
Central African Republic,2022-07-01,50,Actual
Central African Republic,2022-08-01,5,Actual
Central African Republic,2022-09-01,60,Actual
Central African Republic,2022-10-01,150,Actual
Central African Republic,2022-11-01,115,Actual
Central African Republic,2022-12-01,10,Actual
Central African Republic,2023-01-01,10,Actual
Central African Republic,2023-02-01,65,Actual
Central African Republic,2023-03-01,70,Actual
Central African Republic,2023-04-01,45,Actual
Central African Republic,2023-05-01,40,Actual
Central African Republic,2023-06-01,15,Actual
Central African Republic,2023-07-01,10,Actual
Central African Republic,2023-08-01,0,Actual
Central African Republic,2023-09-01,25,Actual
Central African Republic,2023-10-01,45,Actual
Central African Republic,2023-11-01,15,Actual
Central African Republic,2023-12-01,0,Actual
Central African Republic,2024-01-01,0,Actual
Central African Republic,2024-02-01,15,Actual
Central African Republic,2024-03-01,20,Actual
Central African Republic,2024-04-01,5,Actual
Central African Republic,2024-05-01,10,Actual
Central African Republic,2024-06-01,70,Actual
Central African Republic,2024-07-01,15,Actual
Central African Republic,2024-08-01,10,Actual
Central African Republic,2024-09-01,15,Actual
Central African Republic,2024-10-01,40,Actual
Central African Republic,2024-11-01,20,Actual
Central African Republic,2024-12-01,40,Actual
Central African Republic,2025-01-01,0,Forecast
Central African Republic,2025-02-01,4,Forecast
Central African Republic,2025-03-01,19,Forecast
Central African Republic,2025-04-01,24,Forecast
Central African Republic,2025-05-01,14,Forecast
Central African Republic,2025-06-01,37,Forecast
Central African Republic,2025-07-01,4,Forecast
Central African Republic,2025-08-01,0,Forecast
Central African Republic,2025-09-01,7,Forecast
Central African Republic,2025-10-01,30,Forecast
Central African Republic,2025-11-01,17,Forecast
Central African Republic,2025-12-01,4,Forecast
Central African Republic,2026-01-01,0,Forecast
Central African Republic,2026-02-01,0,Forecast
Central African Republic,2026-03-01,4,Forecast
Central African Republic,2026-04-01,11,Forecast
Central African Republic,2026-05-01,1,Forecast
Central African Republic,2026-06-01,20,Forecast
Central African Republic,2026-07-01,0,Forecast
Central African Republic,2026-08-01,0,Forecast
Central African Republic,2026-09-01,0,Forecast
Central African Republic,2026-10-01,18,Forecast
Central African Republic,2026-11-01,3,Forecast
Central African Republic,2026-12-01,0,Forecast
"Chad, Republic of",2022-01-01,20,Actual
"Chad, Republic of",2022-02-01,10,Actual
"Chad, Republic of",2022-03-01,15,Actual
"Chad, Republic of",2022-04-01,30,Actual
"Chad, Republic of",2022-05-01,25,Actual
"Chad, Republic of",2022-06-01,30,Actual
"Chad, Republic of",2022-07-01,30,Actual
"Chad, Republic of",2022-08-01,10,Actual
"Chad, Republic of",2022-09-01,15,Actual
"Chad, Republic of",2022-10-01,30,Actual
"Chad, Republic of",2022-11-01,10,Actual
"Chad, Republic of",2022-12-01,15,Actual
"Chad, Republic of",2023-01-01,10,Actual
"Chad, Republic of",2023-02-01,20,Actual
"Chad, Republic of",2023-03-01,20,Actual
"Chad, Republic of",2023-04-01,20,Actual
"Chad, Republic of",2023-05-01,25,Actual
"Chad, Republic of",2023-06-01,15,Actual
"Chad, Republic of",2023-07-01,15,Actual
"Chad, Republic of",2023-08-01,25,Actual
"Chad, Republic of",2023-09-01,15,Actual
"Chad, Republic of",2023-10-01,30,Actual
"Chad, Republic of",2023-11-01,20,Actual
"Chad, Republic of",2023-12-01,35,Actual
"Chad, Republic of",2024-01-01,30,Actual
"Chad, Republic of",2024-02-01,55,Actual
"Chad, Republic of",2024-03-01,40,Actual
"Chad, Republic of",2024-04-01,15,Actual
"Chad, Republic of",2024-05-01,35,Actual
"Chad, Republic of",2024-06-01,10,Actual
"Chad, Republic of",2024-07-01,30,Actual
"Chad, Republic of",2024-08-01,20,Actual
"Chad, Republic of",2024-09-01,15,Actual
"Chad, Republic of",2024-10-01,5,Actual
"Chad, Republic of",2024-11-01,25,Actual
"Chad, Republic of",2024-12-01,20,Actual
"Chad, Republic of",2025-01-01,25,Forecast
"Chad, Republic of",2025-02-01,19,Forecast
"Chad, Republic of",2025-03-01,26,Forecast
"Chad, Republic of",2025-04-01,22,Forecast
"Chad, Republic of",2025-05-01,26,Forecast
"Chad, Republic of",2025-06-01,20,Forecast
"Chad, Republic of",2025-07-01,25,Forecast
"Chad, Republic of",2025-08-01,21,Forecast
"Chad, Republic of",2025-09-01,19,Forecast
"Chad, Republic of",2025-10-01,22,Forecast
"Chad, Republic of",2025-11-01,22,Forecast
"Chad, Republic of",2025-12-01,23,Forecast
"Chad, Republic of",2026-01-01,24,Forecast
"Chad, Republic of",2026-02-01,23,Forecast
"Chad, Republic of",2026-03-01,24,Forecast
"Chad, Republic of",2026-04-01,24,Forecast
"Chad, Republic of",2026-05-01,26,Forecast
"Chad, Republic of",2026-06-01,22,Forecast
"Chad, Republic of",2026-07-01,25,Forecast
"Chad, Republic of",2026-08-01,22,Forecast
"Chad, Republic of",2026-09-01,20,Forecast
"Chad, Republic of",2026-10-01,24,Forecast
"Chad, Republic of",2026-11-01,21,Forecast
"Chad, Republic of",2026-12-01,24,Forecast
Chile,2022-01-01,75,Actual
Chile,2022-02-01,65,Actual
Chile,2022-03-01,70,Actual
Chile,2022-04-01,50,Actual
Chile,2022-05-01,50,Actual
Chile,2022-06-01,60,Actual
Chile,2022-07-01,55,Actual
Chile,2022-08-01,45,Actual
Chile,2022-09-01,50,Actual
Chile,2022-10-01,30,Actual
Chile,2022-11-01,25,Actual
Chile,2022-12-01,35,Actual
Chile,2023-01-01,110,Actual
Chile,2023-02-01,115,Actual
Chile,2023-03-01,65,Actual
Chile,2023-04-01,25,Actual
Chile,2023-05-01,50,Actual
Chile,2023-06-01,50,Actual
Chile,2023-07-01,45,Actual
Chile,2023-08-01,75,Actual
Chile,2023-09-01,30,Actual
Chile,2023-10-01,50,Actual
Chile,2023-11-01,40,Actual
Chile,2023-12-01,90,Actual
Chile,2024-01-01,105,Actual
Chile,2024-02-01,75,Actual
Chile,2024-03-01,80,Actual
Chile,2024-04-01,70,Actual
Chile,2024-05-01,85,Actual
Chile,2024-06-01,85,Actual
Chile,2024-07-01,65,Actual
Chile,2024-08-01,110,Actual
Chile,2024-09-01,40,Actual
Chile,2024-10-01,35,Actual
Chile,2024-11-01,75,Actual
Chile,2024-12-01,40,Actual
Chile,2025-01-01,87,Forecast
Chile,2025-02-01,87,Forecast
Chile,2025-03-01,77,Forecast
Chile,2025-04-01,67,Forecast
Chile,2025-05-01,73,Forecast
Chile,2025-06-01,74,Forecast
Chile,2025-07-01,69,Forecast
Chile,2025-08-01,82,Forecast
Chile,2025-09-01,62,Forecast
Chile,2025-10-01,60,Forecast
Chile,2025-11-01,68,Forecast
Chile,2025-12-01,67,Forecast
Chile,2026-01-01,97,Forecast
Chile,2026-02-01,92,Forecast
Chile,2026-03-01,84,Forecast
Chile,2026-04-01,72,Forecast
Chile,2026-05-01,79,Forecast
Chile,2026-06-01,80,Forecast
Chile,2026-07-01,76,Forecast
Chile,2026-08-01,86,Forecast
Chile,2026-09-01,68,Forecast
Chile,2026-10-01,67,Forecast
Chile,2026-11-01,70,Forecast
Chile,2026-12-01,76,Forecast
Colombia,2022-01-01,330,Actual
Colombia,2022-02-01,400,Actual
Colombia,2022-03-01,470,Actual
Colombia,2022-04-01,295,Actual
Colombia,2022-05-01,275,Actual
Colombia,2022-06-01,365,Actual
Colombia,2022-07-01,335,Actual
Colombia,2022-08-01,340,Actual
Colombia,2022-09-01,410,Actual
Colombia,2022-10-01,195,Actual
Colombia,2022-11-01,170,Actual
Colombia,2022-12-01,200,Actual
Colombia,2023-01-01,575,Actual
Colombia,2023-02-01,490,Actual
Colombia,2023-03-01,490,Actual
Colombia,2023-04-01,230,Actual
Colombia,2023-05-01,400,Actual
Colombia,2023-06-01,370,Actual
Colombia,2023-07-01,375,Actual
Colombia,2023-08-01,435,Actual
Colombia,2023-09-01,370,Actual
Colombia,2023-10-01,295,Actual
Colombia,2023-11-01,235,Actual
Colombia,2023-12-01,385,Actual
Colombia,2024-01-01,565,Actual
Colombia,2024-02-01,385,Actual
Colombia,2024-03-01,400,Actual
Colombia,2024-04-01,495,Actual
Colombia,2024-05-01,720,Actual
Colombia,2024-06-01,830,Actual
Colombia,2024-07-01,1095,Actual
Colombia,2024-08-01,1075,Actual
Colombia,2024-09-01,920,Actual
Colombia,2024-10-01,700,Actual
Colombia,2024-11-01,820,Actual
Colombia,2024-12-01,860,Actual
Colombia,2025-01-01,973,Forecast
Colombia,2025-02-01,1012,Forecast
Colombia,2025-03-01,917,Forecast
Colombia,2025-04-01,892,Forecast
Colombia,2025-05-01,984,Forecast
Colombia,2025-06-01,1029,Forecast
Colombia,2025-07-01,1112,Forecast
Colombia,2025-08-01,1113,Forecast
Colombia,2025-09-01,1061,Forecast
Colombia,2025-10-01,948,Forecast
Colombia,2025-11-01,980,Forecast
Colombia,2025-12-01,1019,Forecast
Colombia,2026-01-01,1156,Forecast
Colombia,2026-02-01,1160,Forecast
Colombia,2026-03-01,1146,Forecast
Colombia,2026-04-01,1085,Forecast
Colombia,2026-05-01,1158,Forecast
Colombia,2026-06-01,1193,Forecast
Colombia,2026-07-01,1243,Forecast
Colombia,2026-08-01,1256,Forecast
Colombia,2026-09-01,1228,Forecast
Colombia,2026-10-01,1139,Forecast
Colombia,2026-11-01,1145,Forecast
Colombia,2026-12-01,1183,Forecast
Comoros,2022-01-01,0,Actual
Comoros,2022-02-01,0,Actual
Comoros,2022-03-01,0,Actual
Comoros,2022-04-01,0,Actual
Comoros,2022-05-01,0,Actual
Comoros,2022-06-01,0,Actual
Comoros,2022-07-01,0,Actual
Comoros,2022-08-01,0,Actual
Comoros,2022-09-01,0,Actual
Comoros,2022-10-01,0,Actual
Comoros,2022-11-01,5,Actual
Comoros,2022-12-01,0,Actual
Comoros,2023-01-01,0,Actual
Comoros,2023-02-01,0,Actual
Comoros,2023-03-01,0,Actual
Comoros,2023-04-01,0,Actual
Comoros,2023-05-01,0,Actual
Comoros,2023-06-01,0,Actual
Comoros,2023-07-01,0,Actual
Comoros,2023-08-01,0,Actual
Comoros,2023-09-01,0,Actual
Comoros,2023-10-01,0,Actual
Comoros,2023-11-01,5,Actual
Comoros,2023-12-01,0,Actual
Comoros,2024-01-01,0,Actual
Comoros,2024-02-01,0,Actual
Comoros,2024-03-01,0,Actual
Comoros,2024-04-01,0,Actual
Comoros,2024-05-01,0,Actual
Comoros,2024-06-01,0,Actual
Comoros,2024-07-01,5,Actual
Comoros,2024-08-01,0,Actual
Comoros,2024-09-01,0,Actual
Comoros,2024-10-01,0,Actual
Comoros,2024-11-01,0,Actual
Comoros,2024-12-01,0,Actual
Comoros,2025-01-01,1,Forecast
Comoros,2025-02-01,0,Forecast
Comoros,2025-03-01,0,Forecast
Comoros,2025-04-01,0,Forecast
Comoros,2025-05-01,0,Forecast
Comoros,2025-06-01,0,Forecast
Comoros,2025-07-01,3,Forecast
Comoros,2025-08-01,0,Forecast
Comoros,2025-09-01,0,Forecast
Comoros,2025-10-01,0,Forecast
Comoros,2025-11-01,1,Forecast
Comoros,2025-12-01,0,Forecast
Comoros,2026-01-01,1,Forecast
Comoros,2026-02-01,0,Forecast
Comoros,2026-03-01,0,Forecast
Comoros,2026-04-01,0,Forecast
Comoros,2026-05-01,0,Forecast
Comoros,2026-06-01,0,Forecast
Comoros,2026-07-01,2,Forecast
Comoros,2026-08-01,0,Forecast
Comoros,2026-09-01,0,Forecast
Comoros,2026-10-01,0,Forecast
Comoros,2026-11-01,1,Forecast
Comoros,2026-12-01,0,Forecast
"Congo, Democratic Republic of the",2022-01-01,190,Actual
"Congo, Democratic Republic of the",2022-02-01,220,Actual
"Congo, Democratic Republic of the",2022-03-01,365,Actual
"Congo, Democratic Republic of the",2022-04-01,220,Actual
"Congo, Democratic Republic of the",2022-05-01,285,Actual
"Congo, Democratic Republic of the",2022-06-01,240,Actual
"Congo, Democratic Republic of the",2022-07-01,185,Actual
"Congo, Democratic Republic of the",2022-08-01,125,Actual
"Congo, Democratic Republic of the",2022-09-01,380,Actual
"Congo, Democratic Republic of the",2022-10-01,365,Actual
"Congo, Democratic Republic of the",2022-11-01,395,Actual
"Congo, Democratic Republic of the",2022-12-01,285,Actual
"Congo, Democratic Republic of the",2023-01-01,240,Actual
"Congo, Democratic Republic of the",2023-02-01,480,Actual
"Congo, Democratic Republic of the",2023-03-01,440,Actual
"Congo, Democratic Republic of the",2023-04-01,250,Actual
"Congo, Democratic Republic of the",2023-05-01,370,Actual
"Congo, Democratic Republic of the",2023-06-01,555,Actual
"Congo, Democratic Republic of the",2023-07-01,465,Actual
"Congo, Democratic Republic of the",2023-08-01,170,Actual
"Congo, Democratic Republic of the",2023-09-01,455,Actual
"Congo, Democratic Republic of the",2023-10-01,685,Actual
"Congo, Democratic Republic of the",2023-11-01,715,Actual
"Congo, Democratic Republic of the",2023-12-01,490,Actual
"Congo, Democratic Republic of the",2024-01-01,235,Actual
"Congo, Democratic Republic of the",2024-02-01,380,Actual
"Congo, Democratic Republic of the",2024-03-01,200,Actual
"Congo, Democratic Republic of the",2024-04-01,200,Actual
"Congo, Democratic Republic of the",2024-05-01,430,Actual
"Congo, Democratic Republic of the",2024-06-01,405,Actual
"Congo, Democratic Republic of the",2024-07-01,370,Actual
"Congo, Democratic Republic of the",2024-08-01,280,Actual
"Congo, Democratic Republic of the",2024-09-01,510,Actual
"Congo, Democratic Republic of the",2024-10-01,450,Actual
"Congo, Democratic Republic of the",2024-11-01,385,Actual
"Congo, Democratic Republic of the",2024-12-01,530,Actual
"Congo, Democratic Republic of the",2025-01-01,392,Forecast
"Congo, Democratic Republic of the",2025-02-01,464,Forecast
"Congo, Democratic Republic of the",2025-03-01,404,Forecast
"Congo, Democratic Republic of the",2025-04-01,323,Forecast
"Congo, Democratic Republic of the",2025-05-01,435,Forecast
"Congo, Democratic Republic of the",2025-06-01,475,Forecast
"Congo, Democratic Republic of the",2025-07-01,434,Forecast
"Congo, Democratic Republic of the",2025-08-01,310,Forecast
"Congo, Democratic Republic of the",2025-09-01,503,Forecast
"Congo, Democratic Republic of the",2025-10-01,549,Forecast
"Congo, Democratic Republic of the",2025-11-01,541,Forecast
"Congo, Democratic Republic of the",2025-12-01,505,Forecast
"Congo, Democratic Republic of the",2026-01-01,378,Forecast
"Congo, Democratic Republic of the",2026-02-01,469,Forecast
"Congo, Democratic Republic of the",2026-03-01,422,Forecast
"Congo, Democratic Republic of the",2026-04-01,350,Forecast
"Congo, Democratic Republic of the",2026-05-01,465,Forecast
"Congo, Democratic Republic of the",2026-06-01,489,Forecast
"Congo, Democratic Republic of the",2026-07-01,451,Forecast
"Congo, Democratic Republic of the",2026-08-01,342,Forecast
"Congo, Democratic Republic of the",2026-09-01,531,Forecast
"Congo, Democratic Republic of the",2026-10-01,559,Forecast
"Congo, Democratic Republic of the",2026-11-01,548,Forecast
"Congo, Democratic Republic of the",2026-12-01,534,Forecast
"Congo, People's Republic of the",2022-01-01,20,Actual
"Congo, People's Republic of the",2022-02-01,25,Actual
"Congo, People's Republic of the",2022-03-01,15,Actual
"Congo, People's Republic of the",2022-04-01,25,Actual
"Congo, People's Republic of the",2022-05-01,30,Actual
"Congo, People's Republic of the",2022-06-01,30,Actual
"Congo, People's Republic of the",2022-07-01,30,Actual
"Congo, People's Republic of the",2022-08-01,25,Actual
"Congo, People's Republic of the",2022-09-01,15,Actual
"Congo, People's Republic of the",2022-10-01,30,Actual
"Congo, People's Republic of the",2022-11-01,30,Actual
"Congo, People's Republic of the",2022-12-01,20,Actual
"Congo, People's Republic of the",2023-01-01,15,Actual
"Congo, People's Republic of the",2023-02-01,25,Actual
"Congo, People's Republic of the",2023-03-01,20,Actual
"Congo, People's Republic of the",2023-04-01,20,Actual
"Congo, People's Republic of the",2023-05-01,25,Actual
"Congo, People's Republic of the",2023-06-01,30,Actual
"Congo, People's Republic of the",2023-07-01,10,Actual
"Congo, People's Republic of the",2023-08-01,15,Actual
"Congo, People's Republic of the",2023-09-01,35,Actual
"Congo, People's Republic of the",2023-10-01,15,Actual
"Congo, People's Republic of the",2023-11-01,20,Actual
"Congo, People's Republic of the",2023-12-01,20,Actual
"Congo, People's Republic of the",2024-01-01,20,Actual
"Congo, People's Republic of the",2024-02-01,15,Actual
"Congo, People's Republic of the",2024-03-01,15,Actual
"Congo, People's Republic of the",2024-04-01,10,Actual
"Congo, People's Republic of the",2024-05-01,15,Actual
"Congo, People's Republic of the",2024-06-01,15,Actual
"Congo, People's Republic of the",2024-07-01,25,Actual
"Congo, People's Republic of the",2024-08-01,20,Actual
"Congo, People's Republic of the",2024-09-01,30,Actual
"Congo, People's Republic of the",2024-10-01,20,Actual
"Congo, People's Republic of the",2024-11-01,20,Actual
"Congo, People's Republic of the",2024-12-01,30,Actual
"Congo, People's Republic of the",2025-01-01,15,Forecast
"Congo, People's Republic of the",2025-02-01,21,Forecast
"Congo, People's Republic of the",2025-03-01,17,Forecast
"Congo, People's Republic of the",2025-04-01,17,Forecast
"Congo, People's Republic of the",2025-05-01,20,Forecast
"Congo, People's Republic of the",2025-06-01,20,Forecast
"Congo, People's Republic of the",2025-07-01,20,Forecast
"Congo, People's Republic of the",2025-08-01,18,Forecast
"Congo, People's Republic of the",2025-09-01,21,Forecast
"Congo, People's Republic of the",2025-10-01,19,Forecast
"Congo, People's Republic of the",2025-11-01,20,Forecast
"Congo, People's Republic of the",2025-12-01,20,Forecast
"Congo, People's Republic of the",2026-01-01,15,Forecast
"Congo, People's Republic of the",2026-02-01,19,Forecast
"Congo, People's Republic of the",2026-03-01,15,Forecast
"Congo, People's Republic of the",2026-04-01,16,Forecast
"Congo, People's Republic of the",2026-05-01,19,Forecast
"Congo, People's Republic of the",2026-06-01,20,Forecast
"Congo, People's Republic of the",2026-07-01,17,Forecast
"Congo, People's Republic of the",2026-08-01,17,Forecast
"Congo, People's Republic of the",2026-09-01,20,Forecast
"Congo, People's Republic of the",2026-10-01,18,Forecast
"Congo, People's Republic of the",2026-11-01,19,Forecast
"Congo, People's Republic of the",2026-12-01,18,Forecast
Costa Rica,2022-01-01,10,Actual
Costa Rica,2022-02-01,10,Actual
Costa Rica,2022-03-01,15,Actual
Costa Rica,2022-04-01,15,Actual
Costa Rica,2022-05-01,10,Actual
Costa Rica,2022-06-01,20,Actual
Costa Rica,2022-07-01,20,Actual
Costa Rica,2022-08-01,20,Actual
Costa Rica,2022-09-01,30,Actual
Costa Rica,2022-10-01,10,Actual
Costa Rica,2022-11-01,10,Actual
Costa Rica,2022-12-01,20,Actual
Costa Rica,2023-01-01,35,Actual
Costa Rica,2023-02-01,25,Actual
Costa Rica,2023-03-01,20,Actual
Costa Rica,2023-04-01,15,Actual
Costa Rica,2023-05-01,20,Actual
Costa Rica,2023-06-01,20,Actual
Costa Rica,2023-07-01,30,Actual
Costa Rica,2023-08-01,25,Actual
Costa Rica,2023-09-01,25,Actual
Costa Rica,2023-10-01,15,Actual
Costa Rica,2023-11-01,10,Actual
Costa Rica,2023-12-01,20,Actual
Costa Rica,2024-01-01,30,Actual
Costa Rica,2024-02-01,10,Actual
Costa Rica,2024-03-01,15,Actual
Costa Rica,2024-04-01,15,Actual
Costa Rica,2024-05-01,10,Actual
Costa Rica,2024-06-01,25,Actual
Costa Rica,2024-07-01,10,Actual
Costa Rica,2024-08-01,15,Actual
Costa Rica,2024-09-01,15,Actual
Costa Rica,2024-10-01,10,Actual
Costa Rica,2024-11-01,15,Actual
Costa Rica,2024-12-01,15,Actual
Costa Rica,2025-01-01,17,Forecast
Costa Rica,2025-02-01,17,Forecast
Costa Rica,2025-03-01,17,Forecast
Costa Rica,2025-04-01,16,Forecast
Costa Rica,2025-05-01,15,Forecast
Costa Rica,2025-06-01,20,Forecast
Costa Rica,2025-07-01,18,Forecast
Costa Rica,2025-08-01,18,Forecast
Costa Rica,2025-09-01,20,Forecast
Costa Rica,2025-10-01,14,Forecast
Costa Rica,2025-11-01,15,Forecast
Costa Rica,2025-12-01,18,Forecast
Costa Rica,2026-01-01,19,Forecast
Costa Rica,2026-02-01,17,Forecast
Costa Rica,2026-03-01,17,Forecast
Costa Rica,2026-04-01,16,Forecast
Costa Rica,2026-05-01,16,Forecast
Costa Rica,2026-06-01,19,Forecast
Costa Rica,2026-07-01,19,Forecast
Costa Rica,2026-08-01,19,Forecast
Costa Rica,2026-09-01,21,Forecast
Costa Rica,2026-10-01,15,Forecast
Costa Rica,2026-11-01,14,Forecast
Costa Rica,2026-12-01,18,Forecast
Croatia,2022-01-01,15,Actual
Croatia,2022-02-01,35,Actual
Croatia,2022-03-01,15,Actual
Croatia,2022-04-01,25,Actual
Croatia,2022-05-01,10,Actual
Croatia,2022-06-01,25,Actual
Croatia,2022-07-01,10,Actual
Croatia,2022-08-01,5,Actual
Croatia,2022-09-01,20,Actual
Croatia,2022-10-01,10,Actual
Croatia,2022-11-01,5,Actual
Croatia,2022-12-01,10,Actual
Croatia,2023-01-01,35,Actual
Croatia,2023-02-01,25,Actual
Croatia,2023-03-01,20,Actual
Croatia,2023-04-01,15,Actual
Croatia,2023-05-01,10,Actual
Croatia,2023-06-01,10,Actual
Croatia,2023-07-01,5,Actual
Croatia,2023-08-01,10,Actual
Croatia,2023-09-01,5,Actual
Croatia,2023-10-01,0,Actual
Croatia,2023-11-01,0,Actual
Croatia,2023-12-01,10,Actual
Croatia,2024-01-01,20,Actual
Croatia,2024-02-01,10,Actual
Croatia,2024-03-01,5,Actual
Croatia,2024-04-01,10,Actual
Croatia,2024-05-01,15,Actual
Croatia,2024-06-01,5,Actual
Croatia,2024-07-01,10,Actual
Croatia,2024-08-01,10,Actual
Croatia,2024-09-01,0,Actual
Croatia,2024-10-01,10,Actual
Croatia,2024-11-01,10,Actual
Croatia,2024-12-01,5,Actual
Croatia,2025-01-01,9,Forecast
Croatia,2025-02-01,17,Forecast
Croatia,2025-03-01,6,Forecast
Croatia,2025-04-01,9,Forecast
Croatia,2025-05-01,8,Forecast
Croatia,2025-06-01,7,Forecast
Croatia,2025-07-01,6,Forecast
Croatia,2025-08-01,5,Forecast
Croatia,2025-09-01,4,Forecast
Croatia,2025-10-01,6,Forecast
Croatia,2025-11-01,5,Forecast
Croatia,2025-12-01,4,Forecast
Croatia,2026-01-01,10,Forecast
Croatia,2026-02-01,14,Forecast
Croatia,2026-03-01,7,Forecast
Croatia,2026-04-01,8,Forecast
Croatia,2026-05-01,5,Forecast
Croatia,2026-06-01,7,Forecast
Croatia,2026-07-01,4,Forecast
Croatia,2026-08-01,4,Forecast
Croatia,2026-09-01,4,Forecast
Croatia,2026-10-01,3,Forecast
Croatia,2026-11-01,2,Forecast
Croatia,2026-12-01,4,Forecast
Cuba,2022-01-01,70,Actual
Cuba,2022-02-01,45,Actual
Cuba,2022-03-01,70,Actual
Cuba,2022-04-01,70,Actual
Cuba,2022-05-01,60,Actual
Cuba,2022-06-01,65,Actual
Cuba,2022-07-01,95,Actual
Cuba,2022-08-01,110,Actual
Cuba,2022-09-01,105,Actual
Cuba,2022-10-01,30,Actual
Cuba,2022-11-01,35,Actual
Cuba,2022-12-01,70,Actual
Cuba,2023-01-01,135,Actual
Cuba,2023-02-01,145,Actual
Cuba,2023-03-01,130,Actual
Cuba,2023-04-01,95,Actual
Cuba,2023-05-01,100,Actual
Cuba,2023-06-01,55,Actual
Cuba,2023-07-01,80,Actual
Cuba,2023-08-01,75,Actual
Cuba,2023-09-01,55,Actual
Cuba,2023-10-01,60,Actual
Cuba,2023-11-01,50,Actual
Cuba,2023-12-01,60,Actual
Cuba,2024-01-01,80,Actual
Cuba,2024-02-01,60,Actual
Cuba,2024-03-01,60,Actual
Cuba,2024-04-01,75,Actual
Cuba,2024-05-01,75,Actual
Cuba,2024-06-01,70,Actual
Cuba,2024-07-01,60,Actual
Cuba,2024-08-01,70,Actual
Cuba,2024-09-01,55,Actual
Cuba,2024-10-01,80,Actual
Cuba,2024-11-01,95,Actual
Cuba,2024-12-01,85,Actual
Cuba,2025-01-01,92,Forecast
Cuba,2025-02-01,90,Forecast
Cuba,2025-03-01,87,Forecast
Cuba,2025-04-01,88,Forecast
Cuba,2025-05-01,87,Forecast
Cuba,2025-06-01,81,Forecast
Cuba,2025-07-01,86,Forecast
Cuba,2025-08-01,89,Forecast
Cuba,2025-09-01,82,Forecast
Cuba,2025-10-01,76,Forecast
Cuba,2025-11-01,79,Forecast
Cuba,2025-12-01,84,Forecast
Cuba,2026-01-01,99,Forecast
Cuba,2026-02-01,95,Forecast
Cuba,2026-03-01,97,Forecast
Cuba,2026-04-01,92,Forecast
Cuba,2026-05-01,92,Forecast
Cuba,2026-06-01,83,Forecast
Cuba,2026-07-01,92,Forecast
Cuba,2026-08-01,96,Forecast
Cuba,2026-09-01,89,Forecast
Cuba,2026-10-01,81,Forecast
Cuba,2026-11-01,82,Forecast
Cuba,2026-12-01,88,Forecast
Cyprus,2022-01-01,0,Actual
Cyprus,2022-02-01,0,Actual
Cyprus,2022-03-01,0,Actual
Cyprus,2022-04-01,0,Actual
Cyprus,2022-05-01,0,Actual
Cyprus,2022-06-01,0,Actual
Cyprus,2022-07-01,0,Actual
Cyprus,2022-08-01,0,Actual
Cyprus,2022-09-01,0,Actual
Cyprus,2022-10-01,0,Actual
Cyprus,2022-11-01,0,Actual
Cyprus,2022-12-01,0,Actual
Cyprus,2023-01-01,0,Actual
Cyprus,2023-02-01,0,Actual
Cyprus,2023-03-01,0,Actual
Cyprus,2023-04-01,0,Actual
Cyprus,2023-05-01,0,Actual
Cyprus,2023-06-01,0,Actual
Cyprus,2023-07-01,0,Actual
Cyprus,2023-08-01,0,Actual
Cyprus,2023-09-01,0,Actual
Cyprus,2023-10-01,0,Actual
Cyprus,2023-11-01,0,Actual
Cyprus,2023-12-01,0,Actual
Cyprus,2024-01-01,0,Actual
Cyprus,2024-02-01,0,Actual
Cyprus,2024-03-01,0,Actual
Cyprus,2024-04-01,0,Actual
Cyprus,2024-05-01,0,Actual
Cyprus,2024-06-01,0,Actual
Cyprus,2024-07-01,0,Actual
Cyprus,2024-08-01,0,Actual
Cyprus,2024-09-01,0,Actual
Cyprus,2024-10-01,0,Actual
Cyprus,2024-11-01,0,Actual
Cyprus,2024-12-01,0,Actual
Cyprus,2025-01-01,0,Forecast
Cyprus,2025-02-01,0,Forecast
Cyprus,2025-03-01,0,Forecast
Cyprus,2025-04-01,0,Forecast
Cyprus,2025-05-01,0,Forecast
Cyprus,2025-06-01,0,Forecast
Cyprus,2025-07-01,0,Forecast
Cyprus,2025-08-01,0,Forecast
Cyprus,2025-09-01,0,Forecast
Cyprus,2025-10-01,0,Forecast
Cyprus,2025-11-01,0,Forecast
Cyprus,2025-12-01,0,Forecast
Cyprus,2026-01-01,0,Forecast
Cyprus,2026-02-01,0,Forecast
Cyprus,2026-03-01,0,Forecast
Cyprus,2026-04-01,0,Forecast
Cyprus,2026-05-01,0,Forecast
Cyprus,2026-06-01,0,Forecast
Cyprus,2026-07-01,0,Forecast
Cyprus,2026-08-01,0,Forecast
Cyprus,2026-09-01,0,Forecast
Cyprus,2026-10-01,0,Forecast
Cyprus,2026-11-01,0,Forecast
Cyprus,2026-12-01,0,Forecast
Czech Republic,2022-01-01,20,Actual
Czech Republic,2022-02-01,25,Actual
Czech Republic,2022-03-01,30,Actual
Czech Republic,2022-04-01,15,Actual
Czech Republic,2022-05-01,15,Actual
Czech Republic,2022-06-01,20,Actual
Czech Republic,2022-07-01,15,Actual
Czech Republic,2022-08-01,20,Actual
Czech Republic,2022-09-01,5,Actual
Czech Republic,2022-10-01,15,Actual
Czech Republic,2022-11-01,0,Actual
Czech Republic,2022-12-01,5,Actual
Czech Republic,2023-01-01,30,Actual
Czech Republic,2023-02-01,35,Actual
Czech Republic,2023-03-01,20,Actual
Czech Republic,2023-04-01,10,Actual
Czech Republic,2023-05-01,20,Actual
Czech Republic,2023-06-01,15,Actual
Czech Republic,2023-07-01,15,Actual
Czech Republic,2023-08-01,20,Actual
Czech Republic,2023-09-01,10,Actual
Czech Republic,2023-10-01,5,Actual
Czech Republic,2023-11-01,10,Actual
Czech Republic,2023-12-01,20,Actual
Czech Republic,2024-01-01,25,Actual
Czech Republic,2024-02-01,15,Actual
Czech Republic,2024-03-01,10,Actual
Czech Republic,2024-04-01,5,Actual
Czech Republic,2024-05-01,25,Actual
Czech Republic,2024-06-01,15,Actual
Czech Republic,2024-07-01,25,Actual
Czech Republic,2024-08-01,10,Actual
Czech Republic,2024-09-01,10,Actual
Czech Republic,2024-10-01,5,Actual
Czech Republic,2024-11-01,5,Actual
Czech Republic,2024-12-01,10,Actual
Czech Republic,2025-01-01,20,Forecast
Czech Republic,2025-02-01,23,Forecast
Czech Republic,2025-03-01,16,Forecast
Czech Republic,2025-04-01,11,Forecast
Czech Republic,2025-05-01,18,Forecast
Czech Republic,2025-06-01,15,Forecast
Czech Republic,2025-07-01,18,Forecast
Czech Republic,2025-08-01,14,Forecast
Czech Republic,2025-09-01,11,Forecast
Czech Republic,2025-10-01,10,Forecast
Czech Republic,2025-11-01,8,Forecast
Czech Republic,2025-12-01,12,Forecast
Czech Republic,2026-01-01,19,Forecast
Czech Republic,2026-02-01,21,Forecast
Czech Republic,2026-03-01,17,Forecast
Czech Republic,2026-04-01,11,Forecast
Czech Republic,2026-05-01,17,Forecast
Czech Republic,2026-06-01,15,Forecast
Czech Republic,2026-07-01,16,Forecast
Czech Republic,2026-08-01,15,Forecast
Czech Republic,2026-09-01,11,Forecast
Czech Republic,2026-10-01,10,Forecast
Czech Republic,2026-11-01,9,Forecast
Czech Republic,2026-12-01,12,Forecast
Denmark,2022-01-01,5,Actual
Denmark,2022-02-01,5,Actual
Denmark,2022-03-01,5,Actual
Denmark,2022-04-01,5,Actual
Denmark,2022-05-01,5,Actual
Denmark,2022-06-01,0,Actual
Denmark,2022-07-01,5,Actual
Denmark,2022-08-01,5,Actual
Denmark,2022-09-01,5,Actual
Denmark,2022-10-01,0,Actual
Denmark,2022-11-01,0,Actual
Denmark,2022-12-01,0,Actual
Denmark,2023-01-01,15,Actual
Denmark,2023-02-01,5,Actual
Denmark,2023-03-01,0,Actual
Denmark,2023-04-01,0,Actual
Denmark,2023-05-01,15,Actual
Denmark,2023-06-01,5,Actual
Denmark,2023-07-01,0,Actual
Denmark,2023-08-01,0,Actual
Denmark,2023-09-01,0,Actual
Denmark,2023-10-01,0,Actual
Denmark,2023-11-01,5,Actual
Denmark,2023-12-01,10,Actual
Denmark,2024-01-01,5,Actual
Denmark,2024-02-01,5,Actual
Denmark,2024-03-01,0,Actual
Denmark,2024-04-01,0,Actual
Denmark,2024-05-01,10,Actual
Denmark,2024-06-01,5,Actual
Denmark,2024-07-01,0,Actual
Denmark,2024-08-01,0,Actual
Denmark,2024-09-01,0,Actual
Denmark,2024-10-01,0,Actual
Denmark,2024-11-01,0,Actual
Denmark,2024-12-01,10,Actual
Denmark,2025-01-01,5,Forecast
Denmark,2025-02-01,4,Forecast
Denmark,2025-03-01,2,Forecast
Denmark,2025-04-01,2,Forecast
Denmark,2025-05-01,7,Forecast
Denmark,2025-06-01,3,Forecast
Denmark,2025-07-01,2,Forecast
Denmark,2025-08-01,2,Forecast
Denmark,2025-09-01,2,Forecast
Denmark,2025-10-01,1,Forecast
Denmark,2025-11-01,2,Forecast
Denmark,2025-12-01,5,Forecast
Denmark,2026-01-01,6,Forecast
Denmark,2026-02-01,4,Forecast
Denmark,2026-03-01,2,Forecast
Denmark,2026-04-01,2,Forecast
Denmark,2026-05-01,7,Forecast
Denmark,2026-06-01,3,Forecast
Denmark,2026-07-01,2,Forecast
Denmark,2026-08-01,2,Forecast
Denmark,2026-09-01,2,Forecast
Denmark,2026-10-01,1,Forecast
Denmark,2026-11-01,2,Forecast
Denmark,2026-12-01,5,Forecast
Dominica,2022-01-01,0,Actual
Dominica,2022-02-01,5,Actual
Dominica,2022-03-01,0,Actual
Dominica,2022-04-01,0,Actual
Dominica,2022-05-01,0,Actual
Dominica,2022-06-01,5,Actual
Dominica,2022-07-01,0,Actual
Dominica,2022-08-01,5,Actual
Dominica,2022-09-01,0,Actual
Dominica,2022-10-01,0,Actual
Dominica,2022-11-01,0,Actual
Dominica,2022-12-01,0,Actual
Dominica,2023-01-01,5,Actual
Dominica,2023-02-01,0,Actual
Dominica,2023-03-01,5,Actual
Dominica,2023-04-01,0,Actual
Dominica,2023-05-01,5,Actual
Dominica,2023-06-01,0,Actual
Dominica,2023-07-01,0,Actual
Dominica,2023-08-01,10,Actual
Dominica,2023-09-01,0,Actual
Dominica,2023-10-01,0,Actual
Dominica,2023-11-01,0,Actual
Dominica,2023-12-01,5,Actual
Dominica,2024-01-01,5,Actual
Dominica,2024-02-01,5,Actual
Dominica,2024-03-01,0,Actual
Dominica,2024-04-01,5,Actual
Dominica,2024-05-01,0,Actual
Dominica,2024-06-01,10,Actual
Dominica,2024-07-01,15,Actual
Dominica,2024-08-01,0,Actual
Dominica,2024-09-01,0,Actual
Dominica,2024-10-01,5,Actual
Dominica,2024-11-01,5,Actual
Dominica,2024-12-01,0,Actual
Dominica,2025-01-01,5,Forecast
Dominica,2025-02-01,6,Forecast
Dominica,2025-03-01,4,Forecast
Dominica,2025-04-01,4,Forecast
Dominica,2025-05-01,4,Forecast
Dominica,2025-06-01,5,Forecast
Dominica,2025-07-01,5,Forecast
Dominica,2025-08-01,5,Forecast
Dominica,2025-09-01,3,Forecast
Dominica,2025-10-01,4,Forecast
Dominica,2025-11-01,4,Forecast
Dominica,2025-12-01,4,Forecast
Dominica,2026-01-01,6,Forecast
Dominica,2026-02-01,6,Forecast
Dominica,2026-03-01,5,Forecast
Dominica,2026-04-01,5,Forecast
Dominica,2026-05-01,5,Forecast
Dominica,2026-06-01,6,Forecast
Dominica,2026-07-01,6,Forecast
Dominica,2026-08-01,7,Forecast
Dominica,2026-09-01,4,Forecast
Dominica,2026-10-01,5,Forecast
Dominica,2026-11-01,5,Forecast
Dominica,2026-12-01,5,Forecast
Dominican Republic,2022-01-01,95,Actual
Dominican Republic,2022-02-01,75,Actual
Dominican Republic,2022-03-01,60,Actual
Dominican Republic,2022-04-01,50,Actual
Dominican Republic,2022-05-01,60,Actual
Dominican Republic,2022-06-01,120,Actual
Dominican Republic,2022-07-01,90,Actual
Dominican Republic,2022-08-01,110,Actual
Dominican Republic,2022-09-01,95,Actual
Dominican Republic,2022-10-01,60,Actual
Dominican Republic,2022-11-01,40,Actual
Dominican Republic,2022-12-01,35,Actual
Dominican Republic,2023-01-01,105,Actual
Dominican Republic,2023-02-01,65,Actual
Dominican Republic,2023-03-01,75,Actual
Dominican Republic,2023-04-01,50,Actual
Dominican Republic,2023-05-01,75,Actual
Dominican Republic,2023-06-01,65,Actual
Dominican Republic,2023-07-01,65,Actual
Dominican Republic,2023-08-01,75,Actual
Dominican Republic,2023-09-01,45,Actual
Dominican Republic,2023-10-01,35,Actual
Dominican Republic,2023-11-01,25,Actual
Dominican Republic,2023-12-01,50,Actual
Dominican Republic,2024-01-01,70,Actual
Dominican Republic,2024-02-01,50,Actual
Dominican Republic,2024-03-01,55,Actual
Dominican Republic,2024-04-01,65,Actual
Dominican Republic,2024-05-01,70,Actual
Dominican Republic,2024-06-01,60,Actual
Dominican Republic,2024-07-01,85,Actual
Dominican Republic,2024-08-01,55,Actual
Dominican Republic,2024-09-01,70,Actual
Dominican Republic,2024-10-01,50,Actual
Dominican Republic,2024-11-01,70,Actual
Dominican Republic,2024-12-01,65,Actual
Dominican Republic,2025-01-01,73,Forecast
Dominican Republic,2025-02-01,62,Forecast
Dominican Republic,2025-03-01,62,Forecast
Dominican Republic,2025-04-01,61,Forecast
Dominican Republic,2025-05-01,67,Forecast
Dominican Republic,2025-06-01,72,Forecast
Dominican Republic,2025-07-01,75,Forecast
Dominican Republic,2025-08-01,69,Forecast
Dominican Republic,2025-09-01,69,Forecast
Dominican Republic,2025-10-01,56,Forecast
Dominican Republic,2025-11-01,58,Forecast
Dominican Republic,2025-12-01,58,Forecast
Dominican Republic,2026-01-01,74,Forecast
Dominican Republic,2026-02-01,62,Forecast
Dominican Republic,2026-03-01,63,Forecast
Dominican Republic,2026-04-01,58,Forecast
Dominican Republic,2026-05-01,65,Forecast
Dominican Republic,2026-06-01,72,Forecast
Dominican Republic,2026-07-01,70,Forecast
Dominican Republic,2026-08-01,72,Forecast
Dominican Republic,2026-09-01,66,Forecast
Dominican Republic,2026-10-01,55,Forecast
Dominican Republic,2026-11-01,53,Forecast
Dominican Republic,2026-12-01,56,Forecast
"East Timor, Democratic Republic of",2022-01-01,0,Actual
"East Timor, Democratic Republic of",2022-02-01,0,Actual
"East Timor, Democratic Republic of",2022-03-01,0,Actual
"East Timor, Democratic Republic of",2022-04-01,0,Actual
"East Timor, Democratic Republic of",2022-05-01,0,Actual
"East Timor, Democratic Republic of",2022-06-01,0,Actual
"East Timor, Democratic Republic of",2022-07-01,0,Actual
"East Timor, Democratic Republic of",2022-08-01,0,Actual
"East Timor, Democratic Republic of",2022-09-01,0,Actual
"East Timor, Democratic Republic of",2022-10-01,0,Actual
"East Timor, Democratic Republic of",2022-11-01,0,Actual
"East Timor, Democratic Republic of",2022-12-01,0,Actual
"East Timor, Democratic Republic of",2023-01-01,0,Actual
"East Timor, Democratic Republic of",2023-02-01,0,Actual
"East Timor, Democratic Republic of",2023-03-01,0,Actual
"East Timor, Democratic Republic of",2023-04-01,0,Actual
"East Timor, Democratic Republic of",2023-05-01,0,Actual
"East Timor, Democratic Republic of",2023-06-01,0,Actual
"East Timor, Democratic Republic of",2023-07-01,0,Actual
"East Timor, Democratic Republic of",2023-08-01,0,Actual
"East Timor, Democratic Republic of",2023-09-01,0,Actual
"East Timor, Democratic Republic of",2023-10-01,0,Actual
"East Timor, Democratic Republic of",2023-11-01,0,Actual
"East Timor, Democratic Republic of",2023-12-01,0,Actual
"East Timor, Democratic Republic of",2024-01-01,0,Actual
"East Timor, Democratic Republic of",2024-02-01,0,Actual
"East Timor, Democratic Republic of",2024-03-01,0,Actual
"East Timor, Democratic Republic of",2024-04-01,0,Actual
"East Timor, Democratic Republic of",2024-05-01,0,Actual
"East Timor, Democratic Republic of",2024-06-01,0,Actual
"East Timor, Democratic Republic of",2024-07-01,0,Actual
"East Timor, Democratic Republic of",2024-08-01,0,Actual
"East Timor, Democratic Republic of",2024-09-01,0,Actual
"East Timor, Democratic Republic of",2024-10-01,0,Actual
"East Timor, Democratic Republic of",2024-11-01,0,Actual
"East Timor, Democratic Republic of",2024-12-01,0,Actual
"East Timor, Democratic Republic of",2025-01-01,0,Forecast
"East Timor, Democratic Republic of",2025-02-01,0,Forecast
"East Timor, Democratic Republic of",2025-03-01,0,Forecast
"East Timor, Democratic Republic of",2025-04-01,0,Forecast
"East Timor, Democratic Republic of",2025-05-01,0,Forecast
"East Timor, Democratic Republic of",2025-06-01,0,Forecast
"East Timor, Democratic Republic of",2025-07-01,0,Forecast
"East Timor, Democratic Republic of",2025-08-01,0,Forecast
"East Timor, Democratic Republic of",2025-09-01,0,Forecast
"East Timor, Democratic Republic of",2025-10-01,0,Forecast
"East Timor, Democratic Republic of",2025-11-01,0,Forecast
"East Timor, Democratic Republic of",2025-12-01,0,Forecast
"East Timor, Democratic Republic of",2026-01-01,0,Forecast
"East Timor, Democratic Republic of",2026-02-01,0,Forecast
"East Timor, Democratic Republic of",2026-03-01,0,Forecast
"East Timor, Democratic Republic of",2026-04-01,0,Forecast
"East Timor, Democratic Republic of",2026-05-01,0,Forecast
"East Timor, Democratic Republic of",2026-06-01,0,Forecast
"East Timor, Democratic Republic of",2026-07-01,0,Forecast
"East Timor, Democratic Republic of",2026-08-01,0,Forecast
"East Timor, Democratic Republic of",2026-09-01,0,Forecast
"East Timor, Democratic Republic of",2026-10-01,0,Forecast
"East Timor, Democratic Republic of",2026-11-01,0,Forecast
"East Timor, Democratic Republic of",2026-12-01,0,Forecast
Ecuador,2022-01-01,50,Actual
Ecuador,2022-02-01,45,Actual
Ecuador,2022-03-01,65,Actual
Ecuador,2022-04-01,25,Actual
Ecuador,2022-05-01,35,Actual
Ecuador,2022-06-01,65,Actual
Ecuador,2022-07-01,35,Actual
Ecuador,2022-08-01,45,Actual
Ecuador,2022-09-01,50,Actual
Ecuador,2022-10-01,15,Actual
Ecuador,2022-11-01,20,Actual
Ecuador,2022-12-01,20,Actual
Ecuador,2023-01-01,80,Actual
Ecuador,2023-02-01,110,Actual
Ecuador,2023-03-01,50,Actual
Ecuador,2023-04-01,35,Actual
Ecuador,2023-05-01,65,Actual
Ecuador,2023-06-01,70,Actual
Ecuador,2023-07-01,125,Actual
Ecuador,2023-08-01,60,Actual
Ecuador,2023-09-01,25,Actual
Ecuador,2023-10-01,50,Actual
Ecuador,2023-11-01,25,Actual
Ecuador,2023-12-01,80,Actual
Ecuador,2024-01-01,60,Actual
Ecuador,2024-02-01,70,Actual
Ecuador,2024-03-01,55,Actual
Ecuador,2024-04-01,70,Actual
Ecuador,2024-05-01,50,Actual
Ecuador,2024-06-01,70,Actual
Ecuador,2024-07-01,55,Actual
Ecuador,2024-08-01,75,Actual
Ecuador,2024-09-01,35,Actual
Ecuador,2024-10-01,45,Actual
Ecuador,2024-11-01,60,Actual
Ecuador,2024-12-01,40,Actual
Ecuador,2025-01-01,69,Forecast
Ecuador,2025-02-01,71,Forecast
Ecuador,2025-03-01,64,Forecast
Ecuador,2025-04-01,59,Forecast
Ecuador,2025-05-01,60,Forecast
Ecuador,2025-06-01,70,Forecast
Ecuador,2025-07-01,69,Forecast
Ecuador,2025-08-01,67,Forecast
Ecuador,2025-09-01,54,Forecast
Ecuador,2025-10-01,54,Forecast
Ecuador,2025-11-01,55,Forecast
Ecuador,2025-12-01,57,Forecast
Ecuador,2026-01-01,73,Forecast
Ecuador,2026-02-01,77,Forecast
Ecuador,2026-03-01,69,Forecast
Ecuador,2026-04-01,61,Forecast
Ecuador,2026-05-01,65,Forecast
Ecuador,2026-06-01,74,Forecast
Ecuador,2026-07-01,77,Forecast
Ecuador,2026-08-01,70,Forecast
Ecuador,2026-09-01,58,Forecast
Ecuador,2026-10-01,58,Forecast
Ecuador,2026-11-01,57,Forecast
Ecuador,2026-12-01,65,Forecast
Egypt,2022-01-01,215,Actual
Egypt,2022-02-01,230,Actual
Egypt,2022-03-01,245,Actual
Egypt,2022-04-01,215,Actual
Egypt,2022-05-01,190,Actual
Egypt,2022-06-01,310,Actual
Egypt,2022-07-01,420,Actual
Egypt,2022-08-01,280,Actual
Egypt,2022-09-01,275,Actual
Egypt,2022-10-01,230,Actual
Egypt,2022-11-01,160,Actual
Egypt,2022-12-01,115,Actual
Egypt,2023-01-01,230,Actual
Egypt,2023-02-01,265,Actual
Egypt,2023-03-01,250,Actual
Egypt,2023-04-01,190,Actual
Egypt,2023-05-01,255,Actual
Egypt,2023-06-01,245,Actual
Egypt,2023-07-01,260,Actual
Egypt,2023-08-01,190,Actual
Egypt,2023-09-01,190,Actual
Egypt,2023-10-01,135,Actual
Egypt,2023-11-01,120,Actual
Egypt,2023-12-01,185,Actual
Egypt,2024-01-01,265,Actual
Egypt,2024-02-01,250,Actual
Egypt,2024-03-01,195,Actual
Egypt,2024-04-01,220,Actual
Egypt,2024-05-01,240,Actual
Egypt,2024-06-01,305,Actual
Egypt,2024-07-01,325,Actual
Egypt,2024-08-01,180,Actual
Egypt,2024-09-01,190,Actual
Egypt,2024-10-01,185,Actual
Egypt,2024-11-01,140,Actual
Egypt,2024-12-01,120,Actual
Egypt,2025-01-01,202,Forecast
Egypt,2025-02-01,233,Forecast
Egypt,2025-03-01,221,Forecast
Egypt,2025-04-01,205,Forecast
Egypt,2025-05-01,221,Forecast
Egypt,2025-06-01,253,Forecast
Egypt,2025-07-01,279,Forecast
Egypt,2025-08-01,200,Forecast
Egypt,2025-09-01,203,Forecast
Egypt,2025-10-01,181,Forecast
Egypt,2025-11-01,155,Forecast
Egypt,2025-12-01,161,Forecast
Egypt,2026-01-01,220,Forecast
Egypt,2026-02-01,229,Forecast
Egypt,2026-03-01,211,Forecast
Egypt,2026-04-01,200,Forecast
Egypt,2026-05-01,217,Forecast
Egypt,2026-06-01,255,Forecast
Egypt,2026-07-01,283,Forecast
Egypt,2026-08-01,201,Forecast
Egypt,2026-09-01,203,Forecast
Egypt,2026-10-01,181,Forecast
Egypt,2026-11-01,152,Forecast
Egypt,2026-12-01,152,Forecast
El Salvador,2022-01-01,50,Actual
El Salvador,2022-02-01,55,Actual
El Salvador,2022-03-01,60,Actual
El Salvador,2022-04-01,60,Actual
El Salvador,2022-05-01,70,Actual
El Salvador,2022-06-01,70,Actual
El Salvador,2022-07-01,65,Actual
El Salvador,2022-08-01,55,Actual
El Salvador,2022-09-01,75,Actual
El Salvador,2022-10-01,40,Actual
El Salvador,2022-11-01,20,Actual
El Salvador,2022-12-01,25,Actual
El Salvador,2023-01-01,85,Actual
El Salvador,2023-02-01,60,Actual
El Salvador,2023-03-01,55,Actual
El Salvador,2023-04-01,25,Actual
El Salvador,2023-05-01,40,Actual
El Salvador,2023-06-01,45,Actual
El Salvador,2023-07-01,40,Actual
El Salvador,2023-08-01,45,Actual
El Salvador,2023-09-01,35,Actual
El Salvador,2023-10-01,30,Actual
El Salvador,2023-11-01,35,Actual
El Salvador,2023-12-01,60,Actual
El Salvador,2024-01-01,70,Actual
El Salvador,2024-02-01,45,Actual
El Salvador,2024-03-01,45,Actual
El Salvador,2024-04-01,40,Actual
El Salvador,2024-05-01,40,Actual
El Salvador,2024-06-01,35,Actual
El Salvador,2024-07-01,50,Actual
El Salvador,2024-08-01,40,Actual
El Salvador,2024-09-01,30,Actual
El Salvador,2024-10-01,35,Actual
El Salvador,2024-11-01,45,Actual
El Salvador,2024-12-01,70,Actual
El Salvador,2025-01-01,62,Forecast
El Salvador,2025-02-01,59,Forecast
El Salvador,2025-03-01,52,Forecast
El Salvador,2025-04-01,51,Forecast
El Salvador,2025-05-01,55,Forecast
El Salvador,2025-06-01,54,Forecast
El Salvador,2025-07-01,56,Forecast
El Salvador,2025-08-01,52,Forecast
El Salvador,2025-09-01,52,Forecast
El Salvador,2025-10-01,47,Forecast
El Salvador,2025-11-01,47,Forecast
El Salvador,2025-12-01,57,Forecast
El Salvador,2026-01-01,62,Forecast
El Salvador,2026-02-01,59,Forecast
El Salvador,2026-03-01,59,Forecast
El Salvador,2026-04-01,52,Forecast
El Salvador,2026-05-01,57,Forecast
El Salvador,2026-06-01,57,Forecast
El Salvador,2026-07-01,58,Forecast
El Salvador,2026-08-01,56,Forecast
El Salvador,2026-09-01,56,Forecast
El Salvador,2026-10-01,49,Forecast
El Salvador,2026-11-01,48,Forecast
El Salvador,2026-12-01,57,Forecast
Eritrea,2022-01-01,275,Actual
Eritrea,2022-02-01,270,Actual
Eritrea,2022-03-01,540,Actual
Eritrea,2022-04-01,350,Actual
Eritrea,2022-05-01,435,Actual
Eritrea,2022-06-01,725,Actual
Eritrea,2022-07-01,555,Actual
Eritrea,2022-08-01,430,Actual
Eritrea,2022-09-01,930,Actual
Eritrea,2022-10-01,895,Actual
Eritrea,2022-11-01,1585,Actual
Eritrea,2022-12-01,670,Actual
Eritrea,2023-01-01,890,Actual
Eritrea,2023-02-01,1045,Actual
Eritrea,2023-03-01,1090,Actual
Eritrea,2023-04-01,925,Actual
Eritrea,2023-05-01,1140,Actual
Eritrea,2023-06-01,825,Actual
Eritrea,2023-07-01,510,Actual
Eritrea,2023-08-01,380,Actual
Eritrea,2023-09-01,770,Actual
Eritrea,2023-10-01,845,Actual
Eritrea,2023-11-01,840,Actual
Eritrea,2023-12-01,1420,Actual
Eritrea,2024-01-01,635,Actual
Eritrea,2024-02-01,900,Actual
Eritrea,2024-03-01,825,Actual
Eritrea,2024-04-01,465,Actual
Eritrea,2024-05-01,1010,Actual
Eritrea,2024-06-01,2160,Actual
Eritrea,2024-07-01,1850,Actual
Eritrea,2024-08-01,1800,Actual
Eritrea,2024-09-01,1540,Actual
Eritrea,2024-10-01,1840,Actual
Eritrea,2024-11-01,1595,Actual
Eritrea,2024-12-01,1975,Actual
Eritrea,2025-01-01,1824,Forecast
Eritrea,2025-02-01,1944,Forecast
Eritrea,2025-03-01,1847,Forecast
Eritrea,2025-04-01,1740,Forecast
Eritrea,2025-05-01,1920,Forecast
Eritrea,2025-06-01,2197,Forecast
Eritrea,2025-07-01,2070,Forecast
Eritrea,2025-08-01,2036,Forecast
Eritrea,2025-09-01,2120,Forecast
Eritrea,2025-10-01,2218,Forecast
Eritrea,2025-11-01,2304,Forecast
Eritrea,2025-12-01,2352,Forecast
Eritrea,2026-01-01,2275,Forecast
Eritrea,2026-02-01,2381,Forecast
Eritrea,2026-03-01,2390,Forecast
Eritrea,2026-04-01,2305,Forecast
Eritrea,2026-05-01,2466,Forecast
Eritrea,2026-06-01,2642,Forecast
Eritrea,2026-07-01,2537,Forecast
Eritrea,2026-08-01,2510,Forecast
Eritrea,2026-09-01,2663,Forecast
Eritrea,2026-10-01,2739,Forecast
Eritrea,2026-11-01,2846,Forecast
Eritrea,2026-12-01,2868,Forecast
Estonia,2022-01-01,0,Actual
Estonia,2022-02-01,0,Actual
Estonia,2022-03-01,0,Actual
Estonia,2022-04-01,0,Actual
Estonia,2022-05-01,0,Actual
Estonia,2022-06-01,0,Actual
Estonia,2022-07-01,0,Actual
Estonia,2022-08-01,0,Actual
Estonia,2022-09-01,0,Actual
Estonia,2022-10-01,0,Actual
Estonia,2022-11-01,0,Actual
Estonia,2022-12-01,0,Actual
Estonia,2023-01-01,5,Actual
Estonia,2023-02-01,0,Actual
Estonia,2023-03-01,0,Actual
Estonia,2023-04-01,0,Actual
Estonia,2023-05-01,0,Actual
Estonia,2023-06-01,0,Actual
Estonia,2023-07-01,0,Actual
Estonia,2023-08-01,0,Actual
Estonia,2023-09-01,0,Actual
Estonia,2023-10-01,0,Actual
Estonia,2023-11-01,0,Actual
Estonia,2023-12-01,0,Actual
Estonia,2024-01-01,0,Actual
Estonia,2024-02-01,0,Actual
Estonia,2024-03-01,0,Actual
Estonia,2024-04-01,0,Actual
Estonia,2024-05-01,0,Actual
Estonia,2024-06-01,0,Actual
Estonia,2024-07-01,0,Actual
Estonia,2024-08-01,0,Actual
Estonia,2024-09-01,0,Actual
Estonia,2024-10-01,0,Actual
Estonia,2024-11-01,0,Actual
Estonia,2024-12-01,0,Actual
Estonia,2025-01-01,1,Forecast
Estonia,2025-02-01,0,Forecast
Estonia,2025-03-01,0,Forecast
Estonia,2025-04-01,0,Forecast
Estonia,2025-05-01,0,Forecast
Estonia,2025-06-01,0,Forecast
Estonia,2025-07-01,0,Forecast
Estonia,2025-08-01,0,Forecast
Estonia,2025-09-01,0,Forecast
Estonia,2025-10-01,0,Forecast
Estonia,2025-11-01,0,Forecast
Estonia,2025-12-01,0,Forecast
Estonia,2026-01-01,1,Forecast
Estonia,2026-02-01,0,Forecast
Estonia,2026-03-01,0,Forecast
Estonia,2026-04-01,0,Forecast
Estonia,2026-05-01,0,Forecast
Estonia,2026-06-01,0,Forecast
Estonia,2026-07-01,0,Forecast
Estonia,2026-08-01,0,Forecast
Estonia,2026-09-01,0,Forecast
Estonia,2026-10-01,0,Forecast
Estonia,2026-11-01,0,Forecast
Estonia,2026-12-01,0,Forecast
Ethiopia,2022-01-01,210,Actual
Ethiopia,2022-02-01,235,Actual
Ethiopia,2022-03-01,250,Actual
Ethiopia,2022-04-01,220,Actual
Ethiopia,2022-05-01,185,Actual
Ethiopia,2022-06-01,205,Actual
Ethiopia,2022-07-01,260,Actual
Ethiopia,2022-08-01,180,Actual
Ethiopia,2022-09-01,275,Actual
Ethiopia,2022-10-01,290,Actual
Ethiopia,2022-11-01,175,Actual
Ethiopia,2022-12-01,175,Actual
Ethiopia,2023-01-01,230,Actual
Ethiopia,2023-02-01,320,Actual
Ethiopia,2023-03-01,315,Actual
Ethiopia,2023-04-01,250,Actual
Ethiopia,2023-05-01,400,Actual
Ethiopia,2023-06-01,430,Actual
Ethiopia,2023-07-01,280,Actual
Ethiopia,2023-08-01,295,Actual
Ethiopia,2023-09-01,450,Actual
Ethiopia,2023-10-01,385,Actual
Ethiopia,2023-11-01,285,Actual
Ethiopia,2023-12-01,185,Actual
Ethiopia,2024-01-01,195,Actual
Ethiopia,2024-02-01,230,Actual
Ethiopia,2024-03-01,255,Actual
Ethiopia,2024-04-01,260,Actual
Ethiopia,2024-05-01,320,Actual
Ethiopia,2024-06-01,310,Actual
Ethiopia,2024-07-01,415,Actual
Ethiopia,2024-08-01,230,Actual
Ethiopia,2024-09-01,400,Actual
Ethiopia,2024-10-01,550,Actual
Ethiopia,2024-11-01,445,Actual
Ethiopia,2024-12-01,635,Actual
Ethiopia,2025-01-01,507,Forecast
Ethiopia,2025-02-01,575,Forecast
Ethiopia,2025-03-01,594,Forecast
Ethiopia,2025-04-01,609,Forecast
Ethiopia,2025-05-01,658,Forecast
Ethiopia,2025-06-01,682,Forecast
Ethiopia,2025-07-01,713,Forecast
Ethiopia,2025-08-01,676,Forecast
Ethiopia,2025-09-01,762,Forecast
Ethiopia,2025-10-01,803,Forecast
Ethiopia,2025-11-01,764,Forecast
Ethiopia,2025-12-01,809,Forecast
Ethiopia,2026-01-01,794,Forecast
Ethiopia,2026-02-01,853,Forecast
Ethiopia,2026-03-01,882,Forecast
Ethiopia,2026-04-01,885,Forecast
Ethiopia,2026-05-01,935,Forecast
Ethiopia,2026-06-01,963,Forecast
Ethiopia,2026-07-01,978,Forecast
Ethiopia,2026-08-01,962,Forecast
Ethiopia,2026-09-01,1052,Forecast
Ethiopia,2026-10-01,1082,Forecast
Ethiopia,2026-11-01,1046,Forecast
Ethiopia,2026-12-01,1069,Forecast
Fiji,2022-01-01,5,Actual
Fiji,2022-02-01,15,Actual
Fiji,2022-03-01,5,Actual
Fiji,2022-04-01,5,Actual
Fiji,2022-05-01,10,Actual
Fiji,2022-06-01,5,Actual
Fiji,2022-07-01,10,Actual
Fiji,2022-08-01,5,Actual
Fiji,2022-09-01,10,Actual
Fiji,2022-10-01,0,Actual
Fiji,2022-11-01,15,Actual
Fiji,2022-12-01,0,Actual
Fiji,2023-01-01,10,Actual
Fiji,2023-02-01,15,Actual
Fiji,2023-03-01,15,Actual
Fiji,2023-04-01,0,Actual
Fiji,2023-05-01,0,Actual
Fiji,2023-06-01,5,Actual
Fiji,2023-07-01,10,Actual
Fiji,2023-08-01,10,Actual
Fiji,2023-09-01,5,Actual
Fiji,2023-10-01,0,Actual
Fiji,2023-11-01,15,Actual
Fiji,2023-12-01,15,Actual
Fiji,2024-01-01,10,Actual
Fiji,2024-02-01,5,Actual
Fiji,2024-03-01,10,Actual
Fiji,2024-04-01,5,Actual
Fiji,2024-05-01,5,Actual
Fiji,2024-06-01,10,Actual
Fiji,2024-07-01,10,Actual
Fiji,2024-08-01,0,Actual
Fiji,2024-09-01,10,Actual
Fiji,2024-10-01,0,Actual
Fiji,2024-11-01,15,Actual
Fiji,2024-12-01,10,Actual
Fiji,2025-01-01,7,Forecast
Fiji,2025-02-01,12,Forecast
Fiji,2025-03-01,9,Forecast
Fiji,2025-04-01,6,Forecast
Fiji,2025-05-01,6,Forecast
Fiji,2025-06-01,8,Forecast
Fiji,2025-07-01,9,Forecast
Fiji,2025-08-01,6,Forecast
Fiji,2025-09-01,9,Forecast
Fiji,2025-10-01,4,Forecast
Fiji,2025-11-01,12,Forecast
Fiji,2025-12-01,8,Forecast
Fiji,2026-01-01,8,Forecast
Fiji,2026-02-01,11,Forecast
Fiji,2026-03-01,10,Forecast
Fiji,2026-04-01,6,Forecast
Fiji,2026-05-01,7,Forecast
Fiji,2026-06-01,8,Forecast
Fiji,2026-07-01,9,Forecast
Fiji,2026-08-01,7,Forecast
Fiji,2026-09-01,8,Forecast
Fiji,2026-10-01,4,Forecast
Fiji,2026-11-01,12,Forecast
Fiji,2026-12-01,9,Forecast
Finland,2022-01-01,5,Actual
Finland,2022-02-01,0,Actual
Finland,2022-03-01,10,Actual
Finland,2022-04-01,5,Actual
Finland,2022-05-01,5,Actual
Finland,2022-06-01,0,Actual
Finland,2022-07-01,5,Actual
Finland,2022-08-01,20,Actual
Finland,2022-09-01,10,Actual
Finland,2022-10-01,0,Actual
Finland,2022-11-01,5,Actual
Finland,2022-12-01,0,Actual
Finland,2023-01-01,10,Actual
Finland,2023-02-01,10,Actual
Finland,2023-03-01,20,Actual
Finland,2023-04-01,0,Actual
Finland,2023-05-01,10,Actual
Finland,2023-06-01,10,Actual
Finland,2023-07-01,10,Actual
Finland,2023-08-01,0,Actual
Finland,2023-09-01,0,Actual
Finland,2023-10-01,5,Actual
Finland,2023-11-01,5,Actual
Finland,2023-12-01,10,Actual
Finland,2024-01-01,10,Actual
Finland,2024-02-01,5,Actual
Finland,2024-03-01,0,Actual
Finland,2024-04-01,10,Actual
Finland,2024-05-01,0,Actual
Finland,2024-06-01,0,Actual
Finland,2024-07-01,5,Actual
Finland,2024-08-01,0,Actual
Finland,2024-09-01,10,Actual
Finland,2024-10-01,0,Actual
Finland,2024-11-01,0,Actual
Finland,2024-12-01,5,Actual
Finland,2025-01-01,6,Forecast
Finland,2025-02-01,5,Forecast
Finland,2025-03-01,6,Forecast
Finland,2025-04-01,5,Forecast
Finland,2025-05-01,5,Forecast
Finland,2025-06-01,4,Forecast
Finland,2025-07-01,5,Forecast
Finland,2025-08-01,6,Forecast
Finland,2025-09-01,6,Forecast
Finland,2025-10-01,3,Forecast
Finland,2025-11-01,4,Forecast
Finland,2025-12-01,5,Forecast
Finland,2026-01-01,6,Forecast
Finland,2026-02-01,5,Forecast
Finland,2026-03-01,7,Forecast
Finland,2026-04-01,4,Forecast
Finland,2026-05-01,4,Forecast
Finland,2026-06-01,4,Forecast
Finland,2026-07-01,5,Forecast
Finland,2026-08-01,5,Forecast
Finland,2026-09-01,5,Forecast
Finland,2026-10-01,3,Forecast
Finland,2026-11-01,3,Forecast
Finland,2026-12-01,4,Forecast
France,2022-01-01,705,Actual
France,2022-02-01,775,Actual
France,2022-03-01,1195,Actual
France,2022-04-01,995,Actual
France,2022-05-01,1175,Actual
France,2022-06-01,1440,Actual
France,2022-07-01,1340,Actual
France,2022-08-01,1485,Actual
France,2022-09-01,1165,Actual
France,2022-10-01,755,Actual
France,2022-11-01,1415,Actual
France,2022-12-01,1705,Actual
France,2023-01-01,1490,Actual
France,2023-02-01,1325,Actual
France,2023-03-01,1010,Actual
France,2023-04-01,500,Actual
France,2023-05-01,670,Actual
France,2023-06-01,755,Actual
France,2023-07-01,1095,Actual
France,2023-08-01,960,Actual
France,2023-09-01,1075,Actual
France,2023-10-01,450,Actual
France,2023-11-01,295,Actual
France,2023-12-01,450,Actual
France,2024-01-01,830,Actual
France,2024-02-01,705,Actual
France,2024-03-01,545,Actual
France,2024-04-01,940,Actual
France,2024-05-01,1020,Actual
France,2024-06-01,965,Actual
France,2024-07-01,1080,Actual
France,2024-08-01,1190,Actual
France,2024-09-01,495,Actual
France,2024-10-01,495,Actual
France,2024-11-01,995,Actual
France,2024-12-01,675,Actual
France,2025-01-01,605,Forecast
France,2025-02-01,717,Forecast
France,2025-03-01,747,Forecast
France,2025-04-01,732,Forecast
France,2025-05-01,788,Forecast
France,2025-06-01,822,Forecast
France,2025-07-01,872,Forecast
France,2025-08-01,910,Forecast
France,2025-09-01,720,Forecast
France,2025-10-01,594,Forecast
France,2025-11-01,799,Forecast
France,2025-12-01,793,Forecast
France,2026-01-01,684,Forecast
France,2026-02-01,672,Forecast
France,2026-03-01,697,Forecast
France,2026-04-01,620,Forecast
France,2026-05-01,696,Forecast
France,2026-06-01,754,Forecast
France,2026-07-01,819,Forecast
France,2026-08-01,837,Forecast
France,2026-09-01,705,Forecast
France,2026-10-01,518,Forecast
France,2026-11-01,668,Forecast
France,2026-12-01,697,Forecast
French Polynesia,2022-01-01,0,Actual
French Polynesia,2022-02-01,0,Actual
French Polynesia,2022-03-01,0,Actual
French Polynesia,2022-04-01,0,Actual
French Polynesia,2022-05-01,0,Actual
French Polynesia,2022-06-01,0,Actual
French Polynesia,2022-07-01,0,Actual
French Polynesia,2022-08-01,0,Actual
French Polynesia,2022-09-01,0,Actual
French Polynesia,2022-10-01,0,Actual
French Polynesia,2022-11-01,0,Actual
French Polynesia,2022-12-01,0,Actual
French Polynesia,2023-01-01,0,Actual
French Polynesia,2023-02-01,0,Actual
French Polynesia,2023-03-01,0,Actual
French Polynesia,2023-04-01,0,Actual
French Polynesia,2023-05-01,0,Actual
French Polynesia,2023-06-01,0,Actual
French Polynesia,2023-07-01,0,Actual
French Polynesia,2023-08-01,0,Actual
French Polynesia,2023-09-01,0,Actual
French Polynesia,2023-10-01,0,Actual
French Polynesia,2023-11-01,0,Actual
French Polynesia,2023-12-01,0,Actual
French Polynesia,2024-01-01,0,Actual
French Polynesia,2024-02-01,0,Actual
French Polynesia,2024-03-01,0,Actual
French Polynesia,2024-04-01,0,Actual
French Polynesia,2024-05-01,0,Actual
French Polynesia,2024-06-01,0,Actual
French Polynesia,2024-07-01,0,Actual
French Polynesia,2024-08-01,0,Actual
French Polynesia,2024-09-01,0,Actual
French Polynesia,2024-10-01,0,Actual
French Polynesia,2024-11-01,0,Actual
French Polynesia,2024-12-01,0,Actual
French Polynesia,2025-01-01,0,Forecast
French Polynesia,2025-02-01,0,Forecast
French Polynesia,2025-03-01,0,Forecast
French Polynesia,2025-04-01,0,Forecast
French Polynesia,2025-05-01,0,Forecast
French Polynesia,2025-06-01,0,Forecast
French Polynesia,2025-07-01,0,Forecast
French Polynesia,2025-08-01,0,Forecast
French Polynesia,2025-09-01,0,Forecast
French Polynesia,2025-10-01,0,Forecast
French Polynesia,2025-11-01,0,Forecast
French Polynesia,2025-12-01,0,Forecast
French Polynesia,2026-01-01,0,Forecast
French Polynesia,2026-02-01,0,Forecast
French Polynesia,2026-03-01,0,Forecast
French Polynesia,2026-04-01,0,Forecast
French Polynesia,2026-05-01,0,Forecast
French Polynesia,2026-06-01,0,Forecast
French Polynesia,2026-07-01,0,Forecast
French Polynesia,2026-08-01,0,Forecast
French Polynesia,2026-09-01,0,Forecast
French Polynesia,2026-10-01,0,Forecast
French Polynesia,2026-11-01,0,Forecast
French Polynesia,2026-12-01,0,Forecast
Gabon Republic,2022-01-01,5,Actual
Gabon Republic,2022-02-01,0,Actual
Gabon Republic,2022-03-01,5,Actual
Gabon Republic,2022-04-01,5,Actual
Gabon Republic,2022-05-01,5,Actual
Gabon Republic,2022-06-01,15,Actual
Gabon Republic,2022-07-01,15,Actual
Gabon Republic,2022-08-01,5,Actual
Gabon Republic,2022-09-01,10,Actual
Gabon Republic,2022-10-01,0,Actual
Gabon Republic,2022-11-01,5,Actual
Gabon Republic,2022-12-01,5,Actual
Gabon Republic,2023-01-01,5,Actual
Gabon Republic,2023-02-01,0,Actual
Gabon Republic,2023-03-01,5,Actual
Gabon Republic,2023-04-01,10,Actual
Gabon Republic,2023-05-01,5,Actual
Gabon Republic,2023-06-01,10,Actual
Gabon Republic,2023-07-01,5,Actual
Gabon Republic,2023-08-01,0,Actual
Gabon Republic,2023-09-01,0,Actual
Gabon Republic,2023-10-01,25,Actual
Gabon Republic,2023-11-01,10,Actual
Gabon Republic,2023-12-01,0,Actual
Gabon Republic,2024-01-01,5,Actual
Gabon Republic,2024-02-01,10,Actual
Gabon Republic,2024-03-01,10,Actual
Gabon Republic,2024-04-01,10,Actual
Gabon Republic,2024-05-01,20,Actual
Gabon Republic,2024-06-01,10,Actual
Gabon Republic,2024-07-01,20,Actual
Gabon Republic,2024-08-01,15,Actual
Gabon Republic,2024-09-01,15,Actual
Gabon Republic,2024-10-01,10,Actual
Gabon Republic,2024-11-01,10,Actual
Gabon Republic,2024-12-01,10,Actual
Gabon Republic,2025-01-01,13,Forecast
Gabon Republic,2025-02-01,10,Forecast
Gabon Republic,2025-03-01,12,Forecast
Gabon Republic,2025-04-01,13,Forecast
Gabon Republic,2025-05-01,14,Forecast
Gabon Republic,2025-06-01,14,Forecast
Gabon Republic,2025-07-01,16,Forecast
Gabon Republic,2025-08-01,13,Forecast
Gabon Republic,2025-09-01,13,Forecast
Gabon Republic,2025-10-01,14,Forecast
Gabon Republic,2025-11-01,13,Forecast
Gabon Republic,2025-12-01,12,Forecast
Gabon Republic,2026-01-01,14,Forecast
Gabon Republic,2026-02-01,12,Forecast
Gabon Republic,2026-03-01,14,Forecast
Gabon Republic,2026-04-01,15,Forecast
Gabon Republic,2026-05-01,15,Forecast
Gabon Republic,2026-06-01,16,Forecast
Gabon Republic,2026-07-01,17,Forecast
Gabon Republic,2026-08-01,14,Forecast
Gabon Republic,2026-09-01,14,Forecast
Gabon Republic,2026-10-01,17,Forecast
Gabon Republic,2026-11-01,15,Forecast
Gabon Republic,2026-12-01,13,Forecast
Gambia,2022-01-01,10,Actual
Gambia,2022-02-01,0,Actual
Gambia,2022-03-01,15,Actual
Gambia,2022-04-01,10,Actual
Gambia,2022-05-01,0,Actual
Gambia,2022-06-01,5,Actual
Gambia,2022-07-01,5,Actual
Gambia,2022-08-01,0,Actual
Gambia,2022-09-01,10,Actual
Gambia,2022-10-01,5,Actual
Gambia,2022-11-01,0,Actual
Gambia,2022-12-01,0,Actual
Gambia,2023-01-01,10,Actual
Gambia,2023-02-01,10,Actual
Gambia,2023-03-01,10,Actual
Gambia,2023-04-01,20,Actual
Gambia,2023-05-01,10,Actual
Gambia,2023-06-01,10,Actual
Gambia,2023-07-01,10,Actual
Gambia,2023-08-01,5,Actual
Gambia,2023-09-01,10,Actual
Gambia,2023-10-01,5,Actual
Gambia,2023-11-01,10,Actual
Gambia,2023-12-01,10,Actual
Gambia,2024-01-01,20,Actual
Gambia,2024-02-01,5,Actual
Gambia,2024-03-01,15,Actual
Gambia,2024-04-01,5,Actual
Gambia,2024-05-01,5,Actual
Gambia,2024-06-01,15,Actual
Gambia,2024-07-01,10,Actual
Gambia,2024-08-01,10,Actual
Gambia,2024-09-01,10,Actual
Gambia,2024-10-01,0,Actual
Gambia,2024-11-01,15,Actual
Gambia,2024-12-01,10,Actual
Gambia,2025-01-01,13,Forecast
Gambia,2025-02-01,10,Forecast
Gambia,2025-03-01,14,Forecast
Gambia,2025-04-01,12,Forecast
Gambia,2025-05-01,9,Forecast
Gambia,2025-06-01,12,Forecast
Gambia,2025-07-01,11,Forecast
Gambia,2025-08-01,10,Forecast
Gambia,2025-09-01,12,Forecast
Gambia,2025-10-01,8,Forecast
Gambia,2025-11-01,11,Forecast
Gambia,2025-12-01,10,Forecast
Gambia,2026-01-01,14,Forecast
Gambia,2026-02-01,11,Forecast
Gambia,2026-03-01,15,Forecast
Gambia,2026-04-01,14,Forecast
Gambia,2026-05-01,11,Forecast
Gambia,2026-06-01,13,Forecast
Gambia,2026-07-01,12,Forecast
Gambia,2026-08-01,10,Forecast
Gambia,2026-09-01,13,Forecast
Gambia,2026-10-01,10,Forecast
Gambia,2026-11-01,12,Forecast
Gambia,2026-12-01,11,Forecast
Georgia,2022-01-01,20,Actual
Georgia,2022-02-01,20,Actual
Georgia,2022-03-01,25,Actual
Georgia,2022-04-01,15,Actual
Georgia,2022-05-01,15,Actual
Georgia,2022-06-01,15,Actual
Georgia,2022-07-01,15,Actual
Georgia,2022-08-01,25,Actual
Georgia,2022-09-01,35,Actual
Georgia,2022-10-01,30,Actual
Georgia,2022-11-01,10,Actual
Georgia,2022-12-01,10,Actual
Georgia,2023-01-01,20,Actual
Georgia,2023-02-01,25,Actual
Georgia,2023-03-01,15,Actual
Georgia,2023-04-01,10,Actual
Georgia,2023-05-01,15,Actual
Georgia,2023-06-01,20,Actual
Georgia,2023-07-01,35,Actual
Georgia,2023-08-01,15,Actual
Georgia,2023-09-01,25,Actual
Georgia,2023-10-01,0,Actual
Georgia,2023-11-01,10,Actual
Georgia,2023-12-01,35,Actual
Georgia,2024-01-01,40,Actual
Georgia,2024-02-01,25,Actual
Georgia,2024-03-01,30,Actual
Georgia,2024-04-01,20,Actual
Georgia,2024-05-01,30,Actual
Georgia,2024-06-01,15,Actual
Georgia,2024-07-01,25,Actual
Georgia,2024-08-01,10,Actual
Georgia,2024-09-01,15,Actual
Georgia,2024-10-01,20,Actual
Georgia,2024-11-01,30,Actual
Georgia,2024-12-01,20,Actual
Georgia,2025-01-01,20,Forecast
Georgia,2025-02-01,22,Forecast
Georgia,2025-03-01,24,Forecast
Georgia,2025-04-01,19,Forecast
Georgia,2025-05-01,22,Forecast
Georgia,2025-06-01,19,Forecast
Georgia,2025-07-01,23,Forecast
Georgia,2025-08-01,19,Forecast
Georgia,2025-09-01,23,Forecast
Georgia,2025-10-01,21,Forecast
Georgia,2025-11-01,21,Forecast
Georgia,2025-12-01,22,Forecast
Georgia,2026-01-01,23,Forecast
Georgia,2026-02-01,23,Forecast
Georgia,2026-03-01,23,Forecast
Georgia,2026-04-01,19,Forecast
Georgia,2026-05-01,21,Forecast
Georgia,2026-06-01,20,Forecast
Georgia,2026-07-01,25,Forecast
Georgia,2026-08-01,20,Forecast
Georgia,2026-09-01,25,Forecast
Georgia,2026-10-01,20,Forecast
Georgia,2026-11-01,19,Forecast
Georgia,2026-12-01,23,Forecast
Ghana,2022-01-01,140,Actual
Ghana,2022-02-01,125,Actual
Ghana,2022-03-01,115,Actual
Ghana,2022-04-01,135,Actual
Ghana,2022-05-01,100,Actual
Ghana,2022-06-01,105,Actual
Ghana,2022-07-01,115,Actual
Ghana,2022-08-01,75,Actual
Ghana,2022-09-01,95,Actual
Ghana,2022-10-01,95,Actual
Ghana,2022-11-01,60,Actual
Ghana,2022-12-01,85,Actual
Ghana,2023-01-01,190,Actual
Ghana,2023-02-01,190,Actual
Ghana,2023-03-01,170,Actual
Ghana,2023-04-01,100,Actual
Ghana,2023-05-01,165,Actual
Ghana,2023-06-01,160,Actual
Ghana,2023-07-01,130,Actual
Ghana,2023-08-01,90,Actual
Ghana,2023-09-01,95,Actual
Ghana,2023-10-01,125,Actual
Ghana,2023-11-01,70,Actual
Ghana,2023-12-01,160,Actual
Ghana,2024-01-01,165,Actual
Ghana,2024-02-01,130,Actual
Ghana,2024-03-01,105,Actual
Ghana,2024-04-01,115,Actual
Ghana,2024-05-01,150,Actual
Ghana,2024-06-01,145,Actual
Ghana,2024-07-01,145,Actual
Ghana,2024-08-01,120,Actual
Ghana,2024-09-01,155,Actual
Ghana,2024-10-01,125,Actual
Ghana,2024-11-01,130,Actual
Ghana,2024-12-01,130,Actual
Ghana,2025-01-01,166,Forecast
Ghana,2025-02-01,167,Forecast
Ghana,2025-03-01,142,Forecast
Ghana,2025-04-01,139,Forecast
Ghana,2025-05-01,150,Forecast
Ghana,2025-06-01,148,Forecast
Ghana,2025-07-01,146,Forecast
Ghana,2025-08-01,129,Forecast
Ghana,2025-09-01,140,Forecast
Ghana,2025-10-01,136,Forecast
Ghana,2025-11-01,125,Forecast
Ghana,2025-12-01,140,Forecast
Ghana,2026-01-01,173,Forecast
Ghana,2026-02-01,170,Forecast
Ghana,2026-03-01,156,Forecast
Ghana,2026-04-01,148,Forecast
Ghana,2026-05-01,159,Forecast
Ghana,2026-06-01,158,Forecast
Ghana,2026-07-01,154,Forecast
Ghana,2026-08-01,137,Forecast
Ghana,2026-09-01,146,Forecast
Ghana,2026-10-01,148,Forecast
Ghana,2026-11-01,132,Forecast
Ghana,2026-12-01,154,Forecast
Greece,2022-01-01,30,Actual
Greece,2022-02-01,20,Actual
Greece,2022-03-01,15,Actual
Greece,2022-04-01,40,Actual
Greece,2022-05-01,35,Actual
Greece,2022-06-01,20,Actual
Greece,2022-07-01,25,Actual
Greece,2022-08-01,20,Actual
Greece,2022-09-01,30,Actual
Greece,2022-10-01,10,Actual
Greece,2022-11-01,10,Actual
Greece,2022-12-01,5,Actual
Greece,2023-01-01,55,Actual
Greece,2023-02-01,30,Actual
Greece,2023-03-01,45,Actual
Greece,2023-04-01,10,Actual
Greece,2023-05-01,20,Actual
Greece,2023-06-01,10,Actual
Greece,2023-07-01,25,Actual
Greece,2023-08-01,40,Actual
Greece,2023-09-01,20,Actual
Greece,2023-10-01,20,Actual
Greece,2023-11-01,5,Actual
Greece,2023-12-01,25,Actual
Greece,2024-01-01,45,Actual
Greece,2024-02-01,25,Actual
Greece,2024-03-01,25,Actual
Greece,2024-04-01,25,Actual
Greece,2024-05-01,10,Actual
Greece,2024-06-01,15,Actual
Greece,2024-07-01,20,Actual
Greece,2024-08-01,15,Actual
Greece,2024-09-01,15,Actual
Greece,2024-10-01,15,Actual
Greece,2024-11-01,15,Actual
Greece,2024-12-01,15,Actual
Greece,2025-01-01,29,Forecast
Greece,2025-02-01,23,Forecast
Greece,2025-03-01,24,Forecast
Greece,2025-04-01,23,Forecast
Greece,2025-05-01,20,Forecast
Greece,2025-06-01,18,Forecast
Greece,2025-07-01,22,Forecast
Greece,2025-08-01,22,Forecast
Greece,2025-09-01,21,Forecast
Greece,2025-10-01,18,Forecast
Greece,2025-11-01,16,Forecast
Greece,2025-12-01,18,Forecast
Greece,2026-01-01,30,Forecast
Greece,2026-02-01,22,Forecast
Greece,2026-03-01,24,Forecast
Greece,2026-04-01,22,Forecast
Greece,2026-05-01,20,Forecast
Greece,2026-06-01,17,Forecast
Greece,2026-07-01,21,Forecast
Greece,2026-08-01,22,Forecast
Greece,2026-09-01,20,Forecast
Greece,2026-10-01,17,Forecast
Greece,2026-11-01,14,Forecast
Greece,2026-12-01,17,Forecast
Grenada,2022-01-01,10,Actual
Grenada,2022-02-01,10,Actual
Grenada,2022-03-01,10,Actual
Grenada,2022-04-01,5,Actual
Grenada,2022-05-01,10,Actual
Grenada,2022-06-01,10,Actual
Grenada,2022-07-01,10,Actual
Grenada,2022-08-01,15,Actual
Grenada,2022-09-01,15,Actual
Grenada,2022-10-01,0,Actual
Grenada,2022-11-01,10,Actual
Grenada,2022-12-01,0,Actual
Grenada,2023-01-01,10,Actual
Grenada,2023-02-01,0,Actual
Grenada,2023-03-01,15,Actual
Grenada,2023-04-01,5,Actual
Grenada,2023-05-01,5,Actual
Grenada,2023-06-01,5,Actual
Grenada,2023-07-01,0,Actual
Grenada,2023-08-01,0,Actual
Grenada,2023-09-01,0,Actual
Grenada,2023-10-01,0,Actual
Grenada,2023-11-01,0,Actual
Grenada,2023-12-01,10,Actual
Grenada,2024-01-01,10,Actual
Grenada,2024-02-01,5,Actual
Grenada,2024-03-01,0,Actual
Grenada,2024-04-01,5,Actual
Grenada,2024-05-01,10,Actual
Grenada,2024-06-01,10,Actual
Grenada,2024-07-01,10,Actual
Grenada,2024-08-01,0,Actual
Grenada,2024-09-01,5,Actual
Grenada,2024-10-01,10,Actual
Grenada,2024-11-01,5,Actual
Grenada,2024-12-01,5,Actual
Grenada,2025-01-01,7,Forecast
Grenada,2025-02-01,7,Forecast
Grenada,2025-03-01,6,Forecast
Grenada,2025-04-01,5,Forecast
Grenada,2025-05-01,6,Forecast
Grenada,2025-06-01,6,Forecast
Grenada,2025-07-01,6,Forecast
Grenada,2025-08-01,5,Forecast
Grenada,2025-09-01,6,Forecast
Grenada,2025-10-01,4,Forecast
Grenada,2025-11-01,5,Forecast
Grenada,2025-12-01,5,Forecast
Grenada,2026-01-01,7,Forecast
Grenada,2026-02-01,5,Forecast
Grenada,2026-03-01,6,Forecast
Grenada,2026-04-01,4,Forecast
Grenada,2026-05-01,6,Forecast
Grenada,2026-06-01,6,Forecast
Grenada,2026-07-01,5,Forecast
Grenada,2026-08-01,4,Forecast
Grenada,2026-09-01,5,Forecast
Grenada,2026-10-01,3,Forecast
Grenada,2026-11-01,4,Forecast
Grenada,2026-12-01,4,Forecast
Guatemala,2022-01-01,20,Actual
Guatemala,2022-02-01,15,Actual
Guatemala,2022-03-01,30,Actual
Guatemala,2022-04-01,25,Actual
Guatemala,2022-05-01,20,Actual
Guatemala,2022-06-01,35,Actual
Guatemala,2022-07-01,30,Actual
Guatemala,2022-08-01,30,Actual
Guatemala,2022-09-01,35,Actual
Guatemala,2022-10-01,45,Actual
Guatemala,2022-11-01,10,Actual
Guatemala,2022-12-01,15,Actual
Guatemala,2023-01-01,35,Actual
Guatemala,2023-02-01,30,Actual
Guatemala,2023-03-01,25,Actual
Guatemala,2023-04-01,15,Actual
Guatemala,2023-05-01,25,Actual
Guatemala,2023-06-01,30,Actual
Guatemala,2023-07-01,20,Actual
Guatemala,2023-08-01,20,Actual
Guatemala,2023-09-01,10,Actual
Guatemala,2023-10-01,10,Actual
Guatemala,2023-11-01,15,Actual
Guatemala,2023-12-01,35,Actual
Guatemala,2024-01-01,20,Actual
Guatemala,2024-02-01,30,Actual
Guatemala,2024-03-01,25,Actual
Guatemala,2024-04-01,25,Actual
Guatemala,2024-05-01,25,Actual
Guatemala,2024-06-01,25,Actual
Guatemala,2024-07-01,40,Actual
Guatemala,2024-08-01,20,Actual
Guatemala,2024-09-01,5,Actual
Guatemala,2024-10-01,15,Actual
Guatemala,2024-11-01,45,Actual
Guatemala,2024-12-01,20,Actual
Guatemala,2025-01-01,22,Forecast
Guatemala,2025-02-01,20,Forecast
Guatemala,2025-03-01,25,Forecast
Guatemala,2025-04-01,23,Forecast
Guatemala,2025-05-01,22,Forecast
Guatemala,2025-06-01,25,Forecast
Guatemala,2025-07-01,25,Forecast
Guatemala,2025-08-01,23,Forecast
Guatemala,2025-09-01,21,Forecast
Guatemala,2025-10-01,24,Forecast
Guatemala,2025-11-01,23,Forecast
Guatemala,2025-12-01,22,Forecast
Guatemala,2026-01-01,23,Forecast
Guatemala,2026-02-01,21,Forecast
Guatemala,2026-03-01,24,Forecast
Guatemala,2026-04-01,21,Forecast
Guatemala,2026-05-01,22,Forecast
Guatemala,2026-06-01,26,Forecast
Guatemala,2026-07-01,25,Forecast
Guatemala,2026-08-01,22,Forecast
Guatemala,2026-09-01,19,Forecast
Guatemala,2026-10-01,22,Forecast
Guatemala,2026-11-01,21,Forecast
Guatemala,2026-12-01,22,Forecast
"Guinea, Republic of",2022-01-01,25,Actual
"Guinea, Republic of",2022-02-01,40,Actual
"Guinea, Republic of",2022-03-01,45,Actual
"Guinea, Republic of",2022-04-01,35,Actual
"Guinea, Republic of",2022-05-01,60,Actual
"Guinea, Republic of",2022-06-01,60,Actual
"Guinea, Republic of",2022-07-01,50,Actual
"Guinea, Republic of",2022-08-01,40,Actual
"Guinea, Republic of",2022-09-01,45,Actual
"Guinea, Republic of",2022-10-01,65,Actual
"Guinea, Republic of",2022-11-01,30,Actual
"Guinea, Republic of",2022-12-01,35,Actual
"Guinea, Republic of",2023-01-01,60,Actual
"Guinea, Republic of",2023-02-01,45,Actual
"Guinea, Republic of",2023-03-01,40,Actual
"Guinea, Republic of",2023-04-01,40,Actual
"Guinea, Republic of",2023-05-01,30,Actual
"Guinea, Republic of",2023-06-01,45,Actual
"Guinea, Republic of",2023-07-01,50,Actual
"Guinea, Republic of",2023-08-01,20,Actual
"Guinea, Republic of",2023-09-01,65,Actual
"Guinea, Republic of",2023-10-01,40,Actual
"Guinea, Republic of",2023-11-01,45,Actual
"Guinea, Republic of",2023-12-01,45,Actual
"Guinea, Republic of",2024-01-01,60,Actual
"Guinea, Republic of",2024-02-01,30,Actual
"Guinea, Republic of",2024-03-01,50,Actual
"Guinea, Republic of",2024-04-01,35,Actual
"Guinea, Republic of",2024-05-01,65,Actual
"Guinea, Republic of",2024-06-01,55,Actual
"Guinea, Republic of",2024-07-01,70,Actual
"Guinea, Republic of",2024-08-01,60,Actual
"Guinea, Republic of",2024-09-01,50,Actual
"Guinea, Republic of",2024-10-01,30,Actual
"Guinea, Republic of",2024-11-01,70,Actual
"Guinea, Republic of",2024-12-01,40,Actual
"Guinea, Republic of",2025-01-01,46,Forecast
"Guinea, Republic of",2025-02-01,50,Forecast
"Guinea, Republic of",2025-03-01,49,Forecast
"Guinea, Republic of",2025-04-01,44,Forecast
"Guinea, Republic of",2025-05-01,53,Forecast
"Guinea, Republic of",2025-06-01,53,Forecast
"Guinea, Republic of",2025-07-01,55,Forecast
"Guinea, Republic of",2025-08-01,48,Forecast
"Guinea, Republic of",2025-09-01,52,Forecast
"Guinea, Republic of",2025-10-01,48,Forecast
"Guinea, Republic of",2025-11-01,53,Forecast
"Guinea, Republic of",2025-12-01,47,Forecast
"Guinea, Republic of",2026-01-01,50,Forecast
"Guinea, Republic of",2026-02-01,50,Forecast
"Guinea, Republic of",2026-03-01,51,Forecast
"Guinea, Republic of",2026-04-01,47,Forecast
"Guinea, Republic of",2026-05-01,54,Forecast
"Guinea, Republic of",2026-06-01,55,Forecast
"Guinea, Republic of",2026-07-01,57,Forecast
"Guinea, Republic of",2026-08-01,48,Forecast
"Guinea, Republic of",2026-09-01,56,Forecast
"Guinea, Republic of",2026-10-01,51,Forecast
"Guinea, Republic of",2026-11-01,52,Forecast
"Guinea, Republic of",2026-12-01,48,Forecast
Guinea-Bissau,2022-01-01,0,Actual
Guinea-Bissau,2022-02-01,0,Actual
Guinea-Bissau,2022-03-01,0,Actual
Guinea-Bissau,2022-04-01,0,Actual
Guinea-Bissau,2022-05-01,0,Actual
Guinea-Bissau,2022-06-01,0,Actual
Guinea-Bissau,2022-07-01,0,Actual
Guinea-Bissau,2022-08-01,0,Actual
Guinea-Bissau,2022-09-01,0,Actual
Guinea-Bissau,2022-10-01,0,Actual
Guinea-Bissau,2022-11-01,0,Actual
Guinea-Bissau,2022-12-01,0,Actual
Guinea-Bissau,2023-01-01,0,Actual
Guinea-Bissau,2023-02-01,0,Actual
Guinea-Bissau,2023-03-01,0,Actual
Guinea-Bissau,2023-04-01,0,Actual
Guinea-Bissau,2023-05-01,0,Actual
Guinea-Bissau,2023-06-01,0,Actual
Guinea-Bissau,2023-07-01,0,Actual
Guinea-Bissau,2023-08-01,0,Actual
Guinea-Bissau,2023-09-01,0,Actual
Guinea-Bissau,2023-10-01,0,Actual
Guinea-Bissau,2023-11-01,0,Actual
Guinea-Bissau,2023-12-01,0,Actual
Guinea-Bissau,2024-01-01,0,Actual
Guinea-Bissau,2024-02-01,0,Actual
Guinea-Bissau,2024-03-01,0,Actual
Guinea-Bissau,2024-04-01,0,Actual
Guinea-Bissau,2024-05-01,0,Actual
Guinea-Bissau,2024-06-01,0,Actual
Guinea-Bissau,2024-07-01,0,Actual
Guinea-Bissau,2024-08-01,0,Actual
Guinea-Bissau,2024-09-01,0,Actual
Guinea-Bissau,2024-10-01,0,Actual
Guinea-Bissau,2024-11-01,0,Actual
Guinea-Bissau,2024-12-01,0,Actual
Guinea-Bissau,2025-01-01,0,Forecast
Guinea-Bissau,2025-02-01,0,Forecast
Guinea-Bissau,2025-03-01,0,Forecast
Guinea-Bissau,2025-04-01,0,Forecast
Guinea-Bissau,2025-05-01,0,Forecast
Guinea-Bissau,2025-06-01,0,Forecast
Guinea-Bissau,2025-07-01,0,Forecast
Guinea-Bissau,2025-08-01,0,Forecast
Guinea-Bissau,2025-09-01,0,Forecast
Guinea-Bissau,2025-10-01,0,Forecast
Guinea-Bissau,2025-11-01,0,Forecast
Guinea-Bissau,2025-12-01,0,Forecast
Guinea-Bissau,2026-01-01,0,Forecast
Guinea-Bissau,2026-02-01,0,Forecast
Guinea-Bissau,2026-03-01,0,Forecast
Guinea-Bissau,2026-04-01,0,Forecast
Guinea-Bissau,2026-05-01,0,Forecast
Guinea-Bissau,2026-06-01,0,Forecast
Guinea-Bissau,2026-07-01,0,Forecast
Guinea-Bissau,2026-08-01,0,Forecast
Guinea-Bissau,2026-09-01,0,Forecast
Guinea-Bissau,2026-10-01,0,Forecast
Guinea-Bissau,2026-11-01,0,Forecast
Guinea-Bissau,2026-12-01,0,Forecast
Guyana,2022-01-01,45,Actual
Guyana,2022-02-01,40,Actual
Guyana,2022-03-01,35,Actual
Guyana,2022-04-01,35,Actual
Guyana,2022-05-01,35,Actual
Guyana,2022-06-01,50,Actual
Guyana,2022-07-01,40,Actual
Guyana,2022-08-01,50,Actual
Guyana,2022-09-01,40,Actual
Guyana,2022-10-01,25,Actual
Guyana,2022-11-01,15,Actual
Guyana,2022-12-01,30,Actual
Guyana,2023-01-01,75,Actual
Guyana,2023-02-01,50,Actual
Guyana,2023-03-01,50,Actual
Guyana,2023-04-01,25,Actual
Guyana,2023-05-01,25,Actual
Guyana,2023-06-01,40,Actual
Guyana,2023-07-01,45,Actual
Guyana,2023-08-01,45,Actual
Guyana,2023-09-01,30,Actual
Guyana,2023-10-01,30,Actual
Guyana,2023-11-01,20,Actual
Guyana,2023-12-01,30,Actual
Guyana,2024-01-01,45,Actual
Guyana,2024-02-01,30,Actual
Guyana,2024-03-01,35,Actual
Guyana,2024-04-01,30,Actual
Guyana,2024-05-01,25,Actual
Guyana,2024-06-01,30,Actual
Guyana,2024-07-01,25,Actual
Guyana,2024-08-01,45,Actual
Guyana,2024-09-01,35,Actual
Guyana,2024-10-01,15,Actual
Guyana,2024-11-01,20,Actual
Guyana,2024-12-01,35,Actual
Guyana,2025-01-01,47,Forecast
Guyana,2025-02-01,38,Forecast
Guyana,2025-03-01,37,Forecast
Guyana,2025-04-01,28,Forecast
Guyana,2025-05-01,27,Forecast
Guyana,2025-06-01,35,Forecast
Guyana,2025-07-01,33,Forecast
Guyana,2025-08-01,40,Forecast
Guyana,2025-09-01,32,Forecast
Guyana,2025-10-01,24,Forecast
Guyana,2025-11-01,21,Forecast
Guyana,2025-12-01,30,Forecast
Guyana,2026-01-01,42,Forecast
Guyana,2026-02-01,33,Forecast
Guyana,2026-03-01,34,Forecast
Guyana,2026-04-01,27,Forecast
Guyana,2026-05-01,25,Forecast
Guyana,2026-06-01,32,Forecast
Guyana,2026-07-01,30,Forecast
Guyana,2026-08-01,38,Forecast
Guyana,2026-09-01,30,Forecast
Guyana,2026-10-01,21,Forecast
Guyana,2026-11-01,19,Forecast
Guyana,2026-12-01,28,Forecast
Haiti,2022-01-01,225,Actual
Haiti,2022-02-01,425,Actual
Haiti,2022-03-01,480,Actual
Haiti,2022-04-01,395,Actual
Haiti,2022-05-01,380,Actual
Haiti,2022-06-01,445,Actual
Haiti,2022-07-01,420,Actual
Haiti,2022-08-01,390,Actual
Haiti,2022-09-01,455,Actual
Haiti,2022-10-01,245,Actual
Haiti,2022-11-01,320,Actual
Haiti,2022-12-01,220,Actual
Haiti,2023-01-01,530,Actual
Haiti,2023-02-01,295,Actual
Haiti,2023-03-01,275,Actual
Haiti,2023-04-01,190,Actual
Haiti,2023-05-01,205,Actual
Haiti,2023-06-01,180,Actual
Haiti,2023-07-01,210,Actual
Haiti,2023-08-01,230,Actual
Haiti,2023-09-01,235,Actual
Haiti,2023-10-01,180,Actual
Haiti,2023-11-01,240,Actual
Haiti,2023-12-01,250,Actual
Haiti,2024-01-01,265,Actual
Haiti,2024-02-01,255,Actual
Haiti,2024-03-01,180,Actual
Haiti,2024-04-01,275,Actual
Haiti,2024-05-01,295,Actual
Haiti,2024-06-01,330,Actual
Haiti,2024-07-01,435,Actual
Haiti,2024-08-01,375,Actual
Haiti,2024-09-01,870,Actual
Haiti,2024-10-01,935,Actual
Haiti,2024-11-01,475,Actual
Haiti,2024-12-01,485,Actual
Haiti,2025-01-01,436,Forecast
Haiti,2025-02-01,518,Forecast
Haiti,2025-03-01,445,Forecast
Haiti,2025-04-01,440,Forecast
Haiti,2025-05-01,440,Forecast
Haiti,2025-06-01,450,Forecast
Haiti,2025-07-01,467,Forecast
Haiti,2025-08-01,447,Forecast
Haiti,2025-09-01,570,Forecast
Haiti,2025-10-01,547,Forecast
Haiti,2025-11-01,463,Forecast
Haiti,2025-12-01,462,Forecast
Haiti,2026-01-01,486,Forecast
Haiti,2026-02-01,534,Forecast
Haiti,2026-03-01,507,Forecast
Haiti,2026-04-01,491,Forecast
Haiti,2026-05-01,498,Forecast
Haiti,2026-06-01,516,Forecast
Haiti,2026-07-01,537,Forecast
Haiti,2026-08-01,532,Forecast
Haiti,2026-09-01,620,Forecast
Haiti,2026-10-01,586,Forecast
Haiti,2026-11-01,545,Forecast
Haiti,2026-12-01,533,Forecast
Holy See,2022-01-01,0,Actual
Holy See,2022-02-01,0,Actual
Holy See,2022-03-01,0,Actual
Holy See,2022-04-01,0,Actual
Holy See,2022-05-01,0,Actual
Holy See,2022-06-01,0,Actual
Holy See,2022-07-01,0,Actual
Holy See,2022-08-01,0,Actual
Holy See,2022-09-01,0,Actual
Holy See,2022-10-01,0,Actual
Holy See,2022-11-01,0,Actual
Holy See,2022-12-01,0,Actual
Holy See,2023-01-01,0,Actual
Holy See,2023-02-01,0,Actual
Holy See,2023-03-01,0,Actual
Holy See,2023-04-01,0,Actual
Holy See,2023-05-01,0,Actual
Holy See,2023-06-01,0,Actual
Holy See,2023-07-01,0,Actual
Holy See,2023-08-01,0,Actual
Holy See,2023-09-01,0,Actual
Holy See,2023-10-01,0,Actual
Holy See,2023-11-01,0,Actual
Holy See,2023-12-01,0,Actual
Holy See,2024-01-01,0,Actual
Holy See,2024-02-01,0,Actual
Holy See,2024-03-01,0,Actual
Holy See,2024-04-01,0,Actual
Holy See,2024-05-01,0,Actual
Holy See,2024-06-01,0,Actual
Holy See,2024-07-01,0,Actual
Holy See,2024-08-01,0,Actual
Holy See,2024-09-01,0,Actual
Holy See,2024-10-01,0,Actual
Holy See,2024-11-01,0,Actual
Holy See,2024-12-01,0,Actual
Holy See,2025-01-01,0,Forecast
Holy See,2025-02-01,0,Forecast
Holy See,2025-03-01,0,Forecast
Holy See,2025-04-01,0,Forecast
Holy See,2025-05-01,0,Forecast
Holy See,2025-06-01,0,Forecast
Holy See,2025-07-01,0,Forecast
Holy See,2025-08-01,0,Forecast
Holy See,2025-09-01,0,Forecast
Holy See,2025-10-01,0,Forecast
Holy See,2025-11-01,0,Forecast
Holy See,2025-12-01,0,Forecast
Holy See,2026-01-01,0,Forecast
Holy See,2026-02-01,0,Forecast
Holy See,2026-03-01,0,Forecast
Holy See,2026-04-01,0,Forecast
Holy See,2026-05-01,0,Forecast
Holy See,2026-06-01,0,Forecast
Holy See,2026-07-01,0,Forecast
Holy See,2026-08-01,0,Forecast
Holy See,2026-09-01,0,Forecast
Holy See,2026-10-01,0,Forecast
Holy See,2026-11-01,0,Forecast
Holy See,2026-12-01,0,Forecast
Honduras,2022-01-01,35,Actual
Honduras,2022-02-01,30,Actual
Honduras,2022-03-01,40,Actual
Honduras,2022-04-01,45,Actual
Honduras,2022-05-01,25,Actual
Honduras,2022-06-01,15,Actual
Honduras,2022-07-01,30,Actual
Honduras,2022-08-01,50,Actual
Honduras,2022-09-01,40,Actual
Honduras,2022-10-01,25,Actual
Honduras,2022-11-01,20,Actual
Honduras,2022-12-01,15,Actual
Honduras,2023-01-01,50,Actual
Honduras,2023-02-01,50,Actual
Honduras,2023-03-01,35,Actual
Honduras,2023-04-01,20,Actual
Honduras,2023-05-01,40,Actual
Honduras,2023-06-01,30,Actual
Honduras,2023-07-01,25,Actual
Honduras,2023-08-01,25,Actual
Honduras,2023-09-01,25,Actual
Honduras,2023-10-01,25,Actual
Honduras,2023-11-01,65,Actual
Honduras,2023-12-01,50,Actual
Honduras,2024-01-01,45,Actual
Honduras,2024-02-01,35,Actual
Honduras,2024-03-01,20,Actual
Honduras,2024-04-01,50,Actual
Honduras,2024-05-01,40,Actual
Honduras,2024-06-01,35,Actual
Honduras,2024-07-01,30,Actual
Honduras,2024-08-01,55,Actual
Honduras,2024-09-01,25,Actual
Honduras,2024-10-01,35,Actual
Honduras,2024-11-01,60,Actual
Honduras,2024-12-01,30,Actual
Honduras,2025-01-01,45,Forecast
Honduras,2025-02-01,44,Forecast
Honduras,2025-03-01,37,Forecast
Honduras,2025-04-01,42,Forecast
Honduras,2025-05-01,39,Forecast
Honduras,2025-06-01,35,Forecast
Honduras,2025-07-01,36,Forecast
Honduras,2025-08-01,45,Forecast
Honduras,2025-09-01,36,Forecast
Honduras,2025-10-01,37,Forecast
Honduras,2025-11-01,46,Forecast
Honduras,2025-12-01,37,Forecast
Honduras,2026-01-01,47,Forecast
Honduras,2026-02-01,45,Forecast
Honduras,2026-03-01,41,Forecast
Honduras,2026-04-01,43,Forecast
Honduras,2026-05-01,42,Forecast
Honduras,2026-06-01,38,Forecast
Honduras,2026-07-01,39,Forecast
Honduras,2026-08-01,45,Forecast
Honduras,2026-09-01,39,Forecast
Honduras,2026-10-01,38,Forecast
Honduras,2026-11-01,48,Forecast
Honduras,2026-12-01,40,Forecast
Hungary,2022-01-01,50,Actual
Hungary,2022-02-01,30,Actual
Hungary,2022-03-01,45,Actual
Hungary,2022-04-01,50,Actual
Hungary,2022-05-01,45,Actual
Hungary,2022-06-01,40,Actual
Hungary,2022-07-01,25,Actual
Hungary,2022-08-01,45,Actual
Hungary,2022-09-01,55,Actual
Hungary,2022-10-01,20,Actual
Hungary,2022-11-01,5,Actual
Hungary,2022-12-01,20,Actual
Hungary,2023-01-01,75,Actual
Hungary,2023-02-01,50,Actual
Hungary,2023-03-01,55,Actual
Hungary,2023-04-01,15,Actual
Hungary,2023-05-01,30,Actual
Hungary,2023-06-01,30,Actual
Hungary,2023-07-01,20,Actual
Hungary,2023-08-01,30,Actual
Hungary,2023-09-01,5,Actual
Hungary,2023-10-01,25,Actual
Hungary,2023-11-01,10,Actual
Hungary,2023-12-01,20,Actual
Hungary,2024-01-01,35,Actual
Hungary,2024-02-01,10,Actual
Hungary,2024-03-01,30,Actual
Hungary,2024-04-01,45,Actual
Hungary,2024-05-01,50,Actual
Hungary,2024-06-01,20,Actual
Hungary,2024-07-01,30,Actual
Hungary,2024-08-01,15,Actual
Hungary,2024-09-01,15,Actual
Hungary,2024-10-01,15,Actual
Hungary,2024-11-01,35,Actual
Hungary,2024-12-01,10,Actual
Hungary,2025-01-01,33,Forecast
Hungary,2025-02-01,22,Forecast
Hungary,2025-03-01,27,Forecast
Hungary,2025-04-01,26,Forecast
Hungary,2025-05-01,28,Forecast
Hungary,2025-06-01,21,Forecast
Hungary,2025-07-01,19,Forecast
Hungary,2025-08-01,20,Forecast
Hungary,2025-09-01,19,Forecast
Hungary,2025-10-01,16,Forecast
Hungary,2025-11-01,16,Forecast
Hungary,2025-12-01,14,Forecast
Hungary,2026-01-01,30,Forecast
Hungary,2026-02-01,19,Forecast
Hungary,2026-03-01,26,Forecast
Hungary,2026-04-01,22,Forecast
Hungary,2026-05-01,24,Forecast
Hungary,2026-06-01,19,Forecast
Hungary,2026-07-01,16,Forecast
Hungary,2026-08-01,19,Forecast
Hungary,2026-09-01,16,Forecast
Hungary,2026-10-01,14,Forecast
Hungary,2026-11-01,11,Forecast
Hungary,2026-12-01,12,Forecast
Iceland,2022-01-01,0,Actual
Iceland,2022-02-01,0,Actual
Iceland,2022-03-01,0,Actual
Iceland,2022-04-01,0,Actual
Iceland,2022-05-01,0,Actual
Iceland,2022-06-01,0,Actual
Iceland,2022-07-01,0,Actual
Iceland,2022-08-01,0,Actual
Iceland,2022-09-01,0,Actual
Iceland,2022-10-01,0,Actual
Iceland,2022-11-01,0,Actual
Iceland,2022-12-01,0,Actual
Iceland,2023-01-01,0,Actual
Iceland,2023-02-01,5,Actual
Iceland,2023-03-01,0,Actual
Iceland,2023-04-01,0,Actual
Iceland,2023-05-01,0,Actual
Iceland,2023-06-01,0,Actual
Iceland,2023-07-01,0,Actual
Iceland,2023-08-01,0,Actual
Iceland,2023-09-01,0,Actual
Iceland,2023-10-01,0,Actual
Iceland,2023-11-01,0,Actual
Iceland,2023-12-01,0,Actual
Iceland,2024-01-01,0,Actual
Iceland,2024-02-01,0,Actual
Iceland,2024-03-01,0,Actual
Iceland,2024-04-01,0,Actual
Iceland,2024-05-01,0,Actual
Iceland,2024-06-01,0,Actual
Iceland,2024-07-01,0,Actual
Iceland,2024-08-01,0,Actual
Iceland,2024-09-01,0,Actual
Iceland,2024-10-01,0,Actual
Iceland,2024-11-01,0,Actual
Iceland,2024-12-01,0,Actual
Iceland,2025-01-01,0,Forecast
Iceland,2025-02-01,1,Forecast
Iceland,2025-03-01,0,Forecast
Iceland,2025-04-01,0,Forecast
Iceland,2025-05-01,0,Forecast
Iceland,2025-06-01,0,Forecast
Iceland,2025-07-01,0,Forecast
Iceland,2025-08-01,0,Forecast
Iceland,2025-09-01,0,Forecast
Iceland,2025-10-01,0,Forecast
Iceland,2025-11-01,0,Forecast
Iceland,2025-12-01,0,Forecast
Iceland,2026-01-01,0,Forecast
Iceland,2026-02-01,1,Forecast
Iceland,2026-03-01,0,Forecast
Iceland,2026-04-01,0,Forecast
Iceland,2026-05-01,0,Forecast
Iceland,2026-06-01,0,Forecast
Iceland,2026-07-01,0,Forecast
Iceland,2026-08-01,0,Forecast
Iceland,2026-09-01,0,Forecast
Iceland,2026-10-01,0,Forecast
Iceland,2026-11-01,0,Forecast
Iceland,2026-12-01,0,Forecast
India,2022-01-01,12295,Actual
India,2022-02-01,11885,Actual
India,2022-03-01,10895,Actual
India,2022-04-01,10300,Actual
India,2022-05-01,10800,Actual
India,2022-06-01,12255,Actual
India,2022-07-01,11590,Actual
India,2022-08-01,8665,Actual
India,2022-09-01,11070,Actual
India,2022-10-01,8465,Actual
India,2022-11-01,5445,Actual
India,2022-12-01,4585,Actual
India,2023-01-01,14980,Actual
India,2023-02-01,16130,Actual
India,2023-03-01,14980,Actual
India,2023-04-01,9350,Actual
India,2023-05-01,15565,Actual
India,2023-06-01,13500,Actual
India,2023-07-01,11630,Actual
India,2023-08-01,10880,Actual
India,2023-09-01,7290,Actual
India,2023-10-01,8965,Actual
India,2023-11-01,6720,Actual
India,2023-12-01,9790,Actual
India,2024-01-01,16365,Actual
India,2024-02-01,11175,Actual
India,2024-03-01,10385,Actual
India,2024-04-01,13550,Actual
India,2024-05-01,13365,Actual
India,2024-06-01,10580,Actual
India,2024-07-01,11490,Actual
India,2024-08-01,10075,Actual
India,2024-09-01,7830,Actual
India,2024-10-01,7935,Actual
India,2024-11-01,8125,Actual
India,2024-12-01,6490,Actual
India,2025-01-01,12137,Forecast
India,2025-02-01,12757,Forecast
India,2025-03-01,11309,Forecast
India,2025-04-01,11582,Forecast
India,2025-05-01,12399,Forecast
India,2025-06-01,11254,Forecast
India,2025-07-01,11337,Forecast
India,2025-08-01,10308,Forecast
India,2025-09-01,9814,Forecast
India,2025-10-01,9520,Forecast
India,2025-11-01,8591,Forecast
India,2025-12-01,8460,Forecast
India,2026-01-01,12681,Forecast
India,2026-02-01,12502,Forecast
India,2026-03-01,11769,Forecast
India,2026-04-01,10988,Forecast
India,2026-05-01,12416,Forecast
India,2026-06-01,11539,Forecast
India,2026-07-01,11275,Forecast
India,2026-08-01,10371,Forecast
India,2026-09-01,9929,Forecast
India,2026-10-01,9744,Forecast
India,2026-11-01,8550,Forecast
India,2026-12-01,8984,Forecast
Iran,2022-01-01,890,Actual
Iran,2022-02-01,985,Actual
Iran,2022-03-01,1330,Actual
Iran,2022-04-01,1110,Actual
Iran,2022-05-01,1005,Actual
Iran,2022-06-01,1120,Actual
Iran,2022-07-01,1145,Actual
Iran,2022-08-01,960,Actual
Iran,2022-09-01,1140,Actual
Iran,2022-10-01,790,Actual
Iran,2022-11-01,390,Actual
Iran,2022-12-01,245,Actual
Iran,2023-01-01,955,Actual
Iran,2023-02-01,825,Actual
Iran,2023-03-01,740,Actual
Iran,2023-04-01,465,Actual
Iran,2023-05-01,925,Actual
Iran,2023-06-01,940,Actual
Iran,2023-07-01,1005,Actual
Iran,2023-08-01,1185,Actual
Iran,2023-09-01,845,Actual
Iran,2023-10-01,1005,Actual
Iran,2023-11-01,815,Actual
Iran,2023-12-01,985,Actual
Iran,2024-01-01,1300,Actual
Iran,2024-02-01,1020,Actual
Iran,2024-03-01,1250,Actual
Iran,2024-04-01,1025,Actual
Iran,2024-05-01,1280,Actual
Iran,2024-06-01,965,Actual
Iran,2024-07-01,980,Actual
Iran,2024-08-01,760,Actual
Iran,2024-09-01,720,Actual
Iran,2024-10-01,600,Actual
Iran,2024-11-01,725,Actual
Iran,2024-12-01,520,Actual
Iran,2025-01-01,778,Forecast
Iran,2025-02-01,789,Forecast
Iran,2025-03-01,949,Forecast
Iran,2025-04-01,840,Forecast
Iran,2025-05-01,943,Forecast
Iran,2025-06-01,906,Forecast
Iran,2025-07-01,935,Forecast
Iran,2025-08-01,892,Forecast
Iran,2025-09-01,881,Forecast
Iran,2025-10-01,820,Forecast
Iran,2025-11-01,762,Forecast
Iran,2025-12-01,703,Forecast
Iran,2026-01-01,891,Forecast
Iran,2026-02-01,845,Forecast
Iran,2026-03-01,938,Forecast
Iran,2026-04-01,819,Forecast
Iran,2026-05-01,924,Forecast
Iran,2026-06-01,908,Forecast
Iran,2026-07-01,927,Forecast
Iran,2026-08-01,898,Forecast
Iran,2026-09-01,857,Forecast
Iran,2026-10-01,803,Forecast
Iran,2026-11-01,712,Forecast
Iran,2026-12-01,688,Forecast
Iraq,2022-01-01,260,Actual
Iraq,2022-02-01,240,Actual
Iraq,2022-03-01,325,Actual
Iraq,2022-04-01,495,Actual
Iraq,2022-05-01,220,Actual
Iraq,2022-06-01,405,Actual
Iraq,2022-07-01,320,Actual
Iraq,2022-08-01,165,Actual
Iraq,2022-09-01,370,Actual
Iraq,2022-10-01,265,Actual
Iraq,2022-11-01,235,Actual
Iraq,2022-12-01,180,Actual
Iraq,2023-01-01,220,Actual
Iraq,2023-02-01,280,Actual
Iraq,2023-03-01,150,Actual
Iraq,2023-04-01,265,Actual
Iraq,2023-05-01,305,Actual
Iraq,2023-06-01,200,Actual
Iraq,2023-07-01,295,Actual
Iraq,2023-08-01,200,Actual
Iraq,2023-09-01,155,Actual
Iraq,2023-10-01,85,Actual
Iraq,2023-11-01,105,Actual
Iraq,2023-12-01,75,Actual
Iraq,2024-01-01,100,Actual
Iraq,2024-02-01,210,Actual
Iraq,2024-03-01,165,Actual
Iraq,2024-04-01,205,Actual
Iraq,2024-05-01,310,Actual
Iraq,2024-06-01,140,Actual
Iraq,2024-07-01,140,Actual
Iraq,2024-08-01,95,Actual
Iraq,2024-09-01,75,Actual
Iraq,2024-10-01,65,Actual
Iraq,2024-11-01,75,Actual
Iraq,2024-12-01,80,Actual
Iraq,2025-01-01,33,Forecast
Iraq,2025-02-01,60,Forecast
Iraq,2025-03-01,69,Forecast
Iraq,2025-04-01,128,Forecast
Iraq,2025-05-01,141,Forecast
Iraq,2025-06-01,73,Forecast
Iraq,2025-07-01,74,Forecast
Iraq,2025-08-01,15,Forecast
Iraq,2025-09-01,33,Forecast
Iraq,2025-10-01,4,Forecast
Iraq,2025-11-01,6,Forecast
Iraq,2025-12-01,0,Forecast
Iraq,2026-01-01,0,Forecast
Iraq,2026-02-01,13,Forecast
Iraq,2026-03-01,2,Forecast
Iraq,2026-04-01,68,Forecast
Iraq,2026-05-01,70,Forecast
Iraq,2026-06-01,15,Forecast
Iraq,2026-07-01,19,Forecast
Iraq,2026-08-01,0,Forecast
Iraq,2026-09-01,0,Forecast
Iraq,2026-10-01,0,Forecast
Iraq,2026-11-01,0,Forecast
Iraq,2026-12-01,0,Forecast
Israel,2022-01-01,120,Actual
Israel,2022-02-01,80,Actual
Israel,2022-03-01,100,Actual
Israel,2022-04-01,100,Actual
Israel,2022-05-01,85,Actual
Israel,2022-06-01,115,Actual
Israel,2022-07-01,80,Actual
Israel,2022-08-01,75,Actual
Israel,2022-09-01,70,Actual
Israel,2022-10-01,30,Actual
Israel,2022-11-01,20,Actual
Israel,2022-12-01,20,Actual
Israel,2023-01-01,130,Actual
Israel,2023-02-01,115,Actual
Israel,2023-03-01,85,Actual
Israel,2023-04-01,50,Actual
Israel,2023-05-01,100,Actual
Israel,2023-06-01,75,Actual
Israel,2023-07-01,60,Actual
Israel,2023-08-01,110,Actual
Israel,2023-09-01,60,Actual
Israel,2023-10-01,70,Actual
Israel,2023-11-01,35,Actual
Israel,2023-12-01,90,Actual
Israel,2024-01-01,100,Actual
Israel,2024-02-01,45,Actual
Israel,2024-03-01,50,Actual
Israel,2024-04-01,100,Actual
Israel,2024-05-01,85,Actual
Israel,2024-06-01,60,Actual
Israel,2024-07-01,95,Actual
Israel,2024-08-01,80,Actual
Israel,2024-09-01,55,Actual
Israel,2024-10-01,60,Actual
Israel,2024-11-01,55,Actual
Israel,2024-12-01,50,Actual
Israel,2025-01-01,93,Forecast
Israel,2025-02-01,81,Forecast
Israel,2025-03-01,72,Forecast
Israel,2025-04-01,80,Forecast
Israel,2025-05-01,80,Forecast
Israel,2025-06-01,76,Forecast
Israel,2025-07-01,77,Forecast
Israel,2025-08-01,79,Forecast
Israel,2025-09-01,66,Forecast
Israel,2025-10-01,62,Forecast
Israel,2025-11-01,55,Forecast
Israel,2025-12-01,61,Forecast
Israel,2026-01-01,94,Forecast
Israel,2026-02-01,77,Forecast
Israel,2026-03-01,75,Forecast
Israel,2026-04-01,76,Forecast
Israel,2026-05-01,80,Forecast
Israel,2026-06-01,77,Forecast
Israel,2026-07-01,73,Forecast
Israel,2026-08-01,80,Forecast
Israel,2026-09-01,66,Forecast
Israel,2026-10-01,62,Forecast
Israel,2026-11-01,53,Forecast
Israel,2026-12-01,63,Forecast
Italy,2022-01-01,115,Actual
Italy,2022-02-01,130,Actual
Italy,2022-03-01,155,Actual
Italy,2022-04-01,70,Actual
Italy,2022-05-01,90,Actual
Italy,2022-06-01,120,Actual
Italy,2022-07-01,100,Actual
Italy,2022-08-01,110,Actual
Italy,2022-09-01,85,Actual
Italy,2022-10-01,40,Actual
Italy,2022-11-01,35,Actual
Italy,2022-12-01,40,Actual
Italy,2023-01-01,225,Actual
Italy,2023-02-01,170,Actual
Italy,2023-03-01,135,Actual
Italy,2023-04-01,50,Actual
Italy,2023-05-01,105,Actual
Italy,2023-06-01,85,Actual
Italy,2023-07-01,80,Actual
Italy,2023-08-01,100,Actual
Italy,2023-09-01,65,Actual
Italy,2023-10-01,75,Actual
Italy,2023-11-01,40,Actual
Italy,2023-12-01,75,Actual
Italy,2024-01-01,125,Actual
Italy,2024-02-01,95,Actual
Italy,2024-03-01,65,Actual
Italy,2024-04-01,65,Actual
Italy,2024-05-01,75,Actual
Italy,2024-06-01,65,Actual
Italy,2024-07-01,70,Actual
Italy,2024-08-01,65,Actual
Italy,2024-09-01,65,Actual
Italy,2024-10-01,25,Actual
Italy,2024-11-01,75,Actual
Italy,2024-12-01,45,Actual
Italy,2025-01-01,94,Forecast
Italy,2025-02-01,92,Forecast
Italy,2025-03-01,72,Forecast
Italy,2025-04-01,49,Forecast
Italy,2025-05-01,62,Forecast
Italy,2025-06-01,61,Forecast
Italy,2025-07-01,58,Forecast
Italy,2025-08-01,61,Forecast
Italy,2025-09-01,52,Forecast
Italy,2025-10-01,33,Forecast
Italy,2025-11-01,45,Forecast
Italy,2025-12-01,40,Forecast
Italy,2026-01-01,88,Forecast
Italy,2026-02-01,81,Forecast
Italy,2026-03-01,71,Forecast
Italy,2026-04-01,40,Forecast
Italy,2026-05-01,56,Forecast
Italy,2026-06-01,55,Forecast
Italy,2026-07-01,52,Forecast
Italy,2026-08-01,56,Forecast
Italy,2026-09-01,46,Forecast
Italy,2026-10-01,32,Forecast
Italy,2026-11-01,34,Forecast
Italy,2026-12-01,36,Forecast
Jamaica,2022-01-01,485,Actual
Jamaica,2022-02-01,440,Actual
Jamaica,2022-03-01,425,Actual
Jamaica,2022-04-01,350,Actual
Jamaica,2022-05-01,335,Actual
Jamaica,2022-06-01,385,Actual
Jamaica,2022-07-01,425,Actual
Jamaica,2022-08-01,430,Actual
Jamaica,2022-09-01,415,Actual
Jamaica,2022-10-01,205,Actual
Jamaica,2022-11-01,145,Actual
Jamaica,2022-12-01,205,Actual
Jamaica,2023-01-01,660,Actual
Jamaica,2023-02-01,470,Actual
Jamaica,2023-03-01,375,Actual
Jamaica,2023-04-01,255,Actual
Jamaica,2023-05-01,375,Actual
Jamaica,2023-06-01,400,Actual
Jamaica,2023-07-01,345,Actual
Jamaica,2023-08-01,325,Actual
Jamaica,2023-09-01,250,Actual
Jamaica,2023-10-01,255,Actual
Jamaica,2023-11-01,250,Actual
Jamaica,2023-12-01,380,Actual
Jamaica,2024-01-01,450,Actual
Jamaica,2024-02-01,310,Actual
Jamaica,2024-03-01,290,Actual
Jamaica,2024-04-01,290,Actual
Jamaica,2024-05-01,255,Actual
Jamaica,2024-06-01,305,Actual
Jamaica,2024-07-01,325,Actual
Jamaica,2024-08-01,325,Actual
Jamaica,2024-09-01,270,Actual
Jamaica,2024-10-01,240,Actual
Jamaica,2024-11-01,325,Actual
Jamaica,2024-12-01,340,Actual
Jamaica,2025-01-01,416,Forecast
Jamaica,2025-02-01,363,Forecast
Jamaica,2025-03-01,324,Forecast
Jamaica,2025-04-01,297,Forecast
Jamaica,2025-05-01,298,Forecast
Jamaica,2025-06-01,325,Forecast
Jamaica,2025-07-01,330,Forecast
Jamaica,2025-08-01,328,Forecast
Jamaica,2025-09-01,297,Forecast
Jamaica,2025-10-01,254,Forecast
Jamaica,2025-11-01,270,Forecast
Jamaica,2025-12-01,300,Forecast
Jamaica,2026-01-01,400,Forecast
Jamaica,2026-02-01,348,Forecast
Jamaica,2026-03-01,319,Forecast
Jamaica,2026-04-01,283,Forecast
Jamaica,2026-05-01,297,Forecast
Jamaica,2026-06-01,319,Forecast
Jamaica,2026-07-01,320,Forecast
Jamaica,2026-08-01,317,Forecast
Jamaica,2026-09-01,291,Forecast
Jamaica,2026-10-01,251,Forecast
Jamaica,2026-11-01,254,Forecast
Jamaica,2026-12-01,292,Forecast
Japan,2022-01-01,100,Actual
Japan,2022-02-01,100,Actual
Japan,2022-03-01,100,Actual
Japan,2022-04-01,90,Actual
Japan,2022-05-01,100,Actual
Japan,2022-06-01,80,Actual
Japan,2022-07-01,85,Actual
Japan,2022-08-01,70,Actual
Japan,2022-09-01,55,Actual
Japan,2022-10-01,40,Actual
Japan,2022-11-01,20,Actual
Japan,2022-12-01,45,Actual
Japan,2023-01-01,185,Actual
Japan,2023-02-01,160,Actual
Japan,2023-03-01,110,Actual
Japan,2023-04-01,45,Actual
Japan,2023-05-01,95,Actual
Japan,2023-06-01,70,Actual
Japan,2023-07-01,75,Actual
Japan,2023-08-01,100,Actual
Japan,2023-09-01,30,Actual
Japan,2023-10-01,30,Actual
Japan,2023-11-01,50,Actual
Japan,2023-12-01,65,Actual
Japan,2024-01-01,120,Actual
Japan,2024-02-01,85,Actual
Japan,2024-03-01,60,Actual
Japan,2024-04-01,95,Actual
Japan,2024-05-01,70,Actual
Japan,2024-06-01,90,Actual
Japan,2024-07-01,80,Actual
Japan,2024-08-01,85,Actual
Japan,2024-09-01,30,Actual
Japan,2024-10-01,45,Actual
Japan,2024-11-01,65,Actual
Japan,2024-12-01,75,Actual
Japan,2025-01-01,111,Forecast
Japan,2025-02-01,109,Forecast
Japan,2025-03-01,85,Forecast
Japan,2025-04-01,85,Forecast
Japan,2025-05-01,83,Forecast
Japan,2025-06-01,82,Forecast
Japan,2025-07-01,79,Forecast
Japan,2025-08-01,81,Forecast
Japan,2025-09-01,52,Forecast
Japan,2025-10-01,55,Forecast
Japan,2025-11-01,61,Forecast
Japan,2025-12-01,71,Forecast
Japan,2026-01-01,107,Forecast
Japan,2026-02-01,100,Forecast
Japan,2026-03-01,85,Forecast
Japan,2026-04-01,77,Forecast
Japan,2026-05-01,84,Forecast
Japan,2026-06-01,80,Forecast
Japan,2026-07-01,80,Forecast
Japan,2026-08-01,83,Forecast
Japan,2026-09-01,57,Forecast
Japan,2026-10-01,57,Forecast
Japan,2026-11-01,61,Forecast
Japan,2026-12-01,70,Forecast
Jordan,2022-01-01,100,Actual
Jordan,2022-02-01,80,Actual
Jordan,2022-03-01,95,Actual
Jordan,2022-04-01,120,Actual
Jordan,2022-05-01,65,Actual
Jordan,2022-06-01,115,Actual
Jordan,2022-07-01,155,Actual
Jordan,2022-08-01,115,Actual
Jordan,2022-09-01,120,Actual
Jordan,2022-10-01,80,Actual
Jordan,2022-11-01,55,Actual
Jordan,2022-12-01,35,Actual
Jordan,2023-01-01,165,Actual
Jordan,2023-02-01,110,Actual
Jordan,2023-03-01,105,Actual
Jordan,2023-04-01,85,Actual
Jordan,2023-05-01,105,Actual
Jordan,2023-06-01,135,Actual
Jordan,2023-07-01,155,Actual
Jordan,2023-08-01,110,Actual
Jordan,2023-09-01,50,Actual
Jordan,2023-10-01,85,Actual
Jordan,2023-11-01,60,Actual
Jordan,2023-12-01,100,Actual
Jordan,2024-01-01,120,Actual
Jordan,2024-02-01,85,Actual
Jordan,2024-03-01,70,Actual
Jordan,2024-04-01,110,Actual
Jordan,2024-05-01,105,Actual
Jordan,2024-06-01,130,Actual
Jordan,2024-07-01,135,Actual
Jordan,2024-08-01,75,Actual
Jordan,2024-09-01,100,Actual
Jordan,2024-10-01,115,Actual
Jordan,2024-11-01,130,Actual
Jordan,2024-12-01,95,Actual
Jordan,2025-01-01,110,Forecast
Jordan,2025-02-01,101,Forecast
Jordan,2025-03-01,99,Forecast
Jordan,2025-04-01,110,Forecast
Jordan,2025-05-01,103,Forecast
Jordan,2025-06-01,120,Forecast
Jordan,2025-07-01,129,Forecast
Jordan,2025-08-01,103,Forecast
Jordan,2025-09-01,102,Forecast
Jordan,2025-10-01,103,Forecast
Jordan,2025-11-01,99,Forecast
Jordan,2025-12-01,93,Forecast
Jordan,2026-01-01,119,Forecast
Jordan,2026-02-01,105,Forecast
Jordan,2026-03-01,104,Forecast
Jordan,2026-04-01,110,Forecast
Jordan,2026-05-01,103,Forecast
Jordan,2026-06-01,121,Forecast
Jordan,2026-07-01,133,Forecast
Jordan,2026-08-01,110,Forecast
Jordan,2026-09-01,103,Forecast
Jordan,2026-10-01,105,Forecast
Jordan,2026-11-01,98,Forecast
Jordan,2026-12-01,97,Forecast
Kazakhstan,2022-01-01,20,Actual
Kazakhstan,2022-02-01,45,Actual
Kazakhstan,2022-03-01,45,Actual
Kazakhstan,2022-04-01,30,Actual
Kazakhstan,2022-05-01,30,Actual
Kazakhstan,2022-06-01,65,Actual
Kazakhstan,2022-07-01,45,Actual
Kazakhstan,2022-08-01,55,Actual
Kazakhstan,2022-09-01,45,Actual
Kazakhstan,2022-10-01,35,Actual
Kazakhstan,2022-11-01,20,Actual
Kazakhstan,2022-12-01,10,Actual
Kazakhstan,2023-01-01,55,Actual
Kazakhstan,2023-02-01,35,Actual
Kazakhstan,2023-03-01,35,Actual
Kazakhstan,2023-04-01,35,Actual
Kazakhstan,2023-05-01,35,Actual
Kazakhstan,2023-06-01,45,Actual
Kazakhstan,2023-07-01,50,Actual
Kazakhstan,2023-08-01,60,Actual
Kazakhstan,2023-09-01,40,Actual
Kazakhstan,2023-10-01,30,Actual
Kazakhstan,2023-11-01,25,Actual
Kazakhstan,2023-12-01,40,Actual
Kazakhstan,2024-01-01,40,Actual
Kazakhstan,2024-02-01,25,Actual
Kazakhstan,2024-03-01,45,Actual
Kazakhstan,2024-04-01,35,Actual
Kazakhstan,2024-05-01,35,Actual
Kazakhstan,2024-06-01,45,Actual
Kazakhstan,2024-07-01,35,Actual
Kazakhstan,2024-08-01,25,Actual
Kazakhstan,2024-09-01,30,Actual
Kazakhstan,2024-10-01,25,Actual
Kazakhstan,2024-11-01,15,Actual
Kazakhstan,2024-12-01,20,Actual
Kazakhstan,2025-01-01,26,Forecast
Kazakhstan,2025-02-01,34,Forecast
Kazakhstan,2025-03-01,36,Forecast
Kazakhstan,2025-04-01,31,Forecast
Kazakhstan,2025-05-01,31,Forecast
Kazakhstan,2025-06-01,40,Forecast
Kazakhstan,2025-07-01,36,Forecast
Kazakhstan,2025-08-01,37,Forecast
Kazakhstan,2025-09-01,34,Forecast
Kazakhstan,2025-10-01,30,Forecast
Kazakhstan,2025-11-01,25,Forecast
Kazakhstan,2025-12-01,26,Forecast
Kazakhstan,2026-01-01,29,Forecast
Kazakhstan,2026-02-01,31,Forecast
Kazakhstan,2026-03-01,33,Forecast
Kazakhstan,2026-04-01,29,Forecast
Kazakhstan,2026-05-01,29,Forecast
Kazakhstan,2026-06-01,39,Forecast
Kazakhstan,2026-07-01,35,Forecast
Kazakhstan,2026-08-01,37,Forecast
Kazakhstan,2026-09-01,32,Forecast
Kazakhstan,2026-10-01,27,Forecast
Kazakhstan,2026-11-01,23,Forecast
Kazakhstan,2026-12-01,24,Forecast
Kenya,2022-01-01,110,Actual
Kenya,2022-02-01,70,Actual
Kenya,2022-03-01,60,Actual
Kenya,2022-04-01,80,Actual
Kenya,2022-05-01,85,Actual
Kenya,2022-06-01,95,Actual
Kenya,2022-07-01,105,Actual
Kenya,2022-08-01,85,Actual
Kenya,2022-09-01,90,Actual
Kenya,2022-10-01,100,Actual
Kenya,2022-11-01,50,Actual
Kenya,2022-12-01,55,Actual
Kenya,2023-01-01,160,Actual
Kenya,2023-02-01,150,Actual
Kenya,2023-03-01,130,Actual
Kenya,2023-04-01,85,Actual
Kenya,2023-05-01,125,Actual
Kenya,2023-06-01,110,Actual
Kenya,2023-07-01,90,Actual
Kenya,2023-08-01,65,Actual
Kenya,2023-09-01,90,Actual
Kenya,2023-10-01,85,Actual
Kenya,2023-11-01,50,Actual
Kenya,2023-12-01,80,Actual
Kenya,2024-01-01,140,Actual
Kenya,2024-02-01,85,Actual
Kenya,2024-03-01,65,Actual
Kenya,2024-04-01,105,Actual
Kenya,2024-05-01,120,Actual
Kenya,2024-06-01,100,Actual
Kenya,2024-07-01,95,Actual
Kenya,2024-08-01,55,Actual
Kenya,2024-09-01,60,Actual
Kenya,2024-10-01,85,Actual
Kenya,2024-11-01,100,Actual
Kenya,2024-12-01,80,Actual
Kenya,2025-01-01,118,Forecast
Kenya,2025-02-01,107,Forecast
Kenya,2025-03-01,93,Forecast
Kenya,2025-04-01,102,Forecast
Kenya,2025-05-01,112,Forecast
Kenya,2025-06-01,106,Forecast
Kenya,2025-07-01,103,Forecast
Kenya,2025-08-01,85,Forecast
Kenya,2025-09-01,90,Forecast
Kenya,2025-10-01,99,Forecast
Kenya,2025-11-01,91,Forecast
Kenya,2025-12-01,89,Forecast
Kenya,2026-01-01,126,Forecast
Kenya,2026-02-01,111,Forecast
Kenya,2026-03-01,103,Forecast
Kenya,2026-04-01,104,Forecast
Kenya,2026-05-01,115,Forecast
Kenya,2026-06-01,110,Forecast
Kenya,2026-07-01,108,Forecast
Kenya,2026-08-01,93,Forecast
Kenya,2026-09-01,100,Forecast
Kenya,2026-10-01,105,Forecast
Kenya,2026-11-01,92,Forecast
Kenya,2026-12-01,95,Forecast
Kiribati,2022-01-01,0,Actual
Kiribati,2022-02-01,0,Actual
Kiribati,2022-03-01,0,Actual
Kiribati,2022-04-01,0,Actual
Kiribati,2022-05-01,0,Actual
Kiribati,2022-06-01,0,Actual
Kiribati,2022-07-01,0,Actual
Kiribati,2022-08-01,0,Actual
Kiribati,2022-09-01,0,Actual
Kiribati,2022-10-01,0,Actual
Kiribati,2022-11-01,0,Actual
Kiribati,2022-12-01,0,Actual
Kiribati,2023-01-01,0,Actual
Kiribati,2023-02-01,0,Actual
Kiribati,2023-03-01,0,Actual
Kiribati,2023-04-01,0,Actual
Kiribati,2023-05-01,0,Actual
Kiribati,2023-06-01,0,Actual
Kiribati,2023-07-01,0,Actual
Kiribati,2023-08-01,0,Actual
Kiribati,2023-09-01,0,Actual
Kiribati,2023-10-01,0,Actual
Kiribati,2023-11-01,0,Actual
Kiribati,2023-12-01,0,Actual
Kiribati,2024-01-01,0,Actual
Kiribati,2024-02-01,0,Actual
Kiribati,2024-03-01,0,Actual
Kiribati,2024-04-01,0,Actual
Kiribati,2024-05-01,0,Actual
Kiribati,2024-06-01,0,Actual
Kiribati,2024-07-01,0,Actual
Kiribati,2024-08-01,0,Actual
Kiribati,2024-09-01,0,Actual
Kiribati,2024-10-01,0,Actual
Kiribati,2024-11-01,0,Actual
Kiribati,2024-12-01,0,Actual
Kiribati,2025-01-01,0,Forecast
Kiribati,2025-02-01,0,Forecast
Kiribati,2025-03-01,0,Forecast
Kiribati,2025-04-01,0,Forecast
Kiribati,2025-05-01,0,Forecast
Kiribati,2025-06-01,0,Forecast
Kiribati,2025-07-01,0,Forecast
Kiribati,2025-08-01,0,Forecast
Kiribati,2025-09-01,0,Forecast
Kiribati,2025-10-01,0,Forecast
Kiribati,2025-11-01,0,Forecast
Kiribati,2025-12-01,0,Forecast
Kiribati,2026-01-01,0,Forecast
Kiribati,2026-02-01,0,Forecast
Kiribati,2026-03-01,0,Forecast
Kiribati,2026-04-01,0,Forecast
Kiribati,2026-05-01,0,Forecast
Kiribati,2026-06-01,0,Forecast
Kiribati,2026-07-01,0,Forecast
Kiribati,2026-08-01,0,Forecast
Kiribati,2026-09-01,0,Forecast
Kiribati,2026-10-01,0,Forecast
Kiribati,2026-11-01,0,Forecast
Kiribati,2026-12-01,0,Forecast
"Korea, People's Democratic Republic of",2022-01-01,0,Actual
"Korea, People's Democratic Republic of",2022-02-01,0,Actual
"Korea, People's Democratic Republic of",2022-03-01,0,Actual
"Korea, People's Democratic Republic of",2022-04-01,0,Actual
"Korea, People's Democratic Republic of",2022-05-01,0,Actual
"Korea, People's Democratic Republic of",2022-06-01,0,Actual
"Korea, People's Democratic Republic of",2022-07-01,0,Actual
"Korea, People's Democratic Republic of",2022-08-01,0,Actual
"Korea, People's Democratic Republic of",2022-09-01,0,Actual
"Korea, People's Democratic Republic of",2022-10-01,0,Actual
"Korea, People's Democratic Republic of",2022-11-01,0,Actual
"Korea, People's Democratic Republic of",2022-12-01,0,Actual
"Korea, People's Democratic Republic of",2023-01-01,0,Actual
"Korea, People's Democratic Republic of",2023-02-01,0,Actual
"Korea, People's Democratic Republic of",2023-03-01,0,Actual
"Korea, People's Democratic Republic of",2023-04-01,0,Actual
"Korea, People's Democratic Republic of",2023-05-01,0,Actual
"Korea, People's Democratic Republic of",2023-06-01,0,Actual
"Korea, People's Democratic Republic of",2023-07-01,0,Actual
"Korea, People's Democratic Republic of",2023-08-01,0,Actual
"Korea, People's Democratic Republic of",2023-09-01,0,Actual
"Korea, People's Democratic Republic of",2023-10-01,0,Actual
"Korea, People's Democratic Republic of",2023-11-01,0,Actual
"Korea, People's Democratic Republic of",2023-12-01,0,Actual
"Korea, People's Democratic Republic of",2024-01-01,0,Actual
"Korea, People's Democratic Republic of",2024-02-01,0,Actual
"Korea, People's Democratic Republic of",2024-03-01,0,Actual
"Korea, People's Democratic Republic of",2024-04-01,0,Actual
"Korea, People's Democratic Republic of",2024-05-01,0,Actual
"Korea, People's Democratic Republic of",2024-06-01,0,Actual
"Korea, People's Democratic Republic of",2024-07-01,0,Actual
"Korea, People's Democratic Republic of",2024-08-01,0,Actual
"Korea, People's Democratic Republic of",2024-09-01,0,Actual
"Korea, People's Democratic Republic of",2024-10-01,0,Actual
"Korea, People's Democratic Republic of",2024-11-01,0,Actual
"Korea, People's Democratic Republic of",2024-12-01,0,Actual
"Korea, People's Democratic Republic of",2025-01-01,0,Forecast
"Korea, People's Democratic Republic of",2025-02-01,0,Forecast
"Korea, People's Democratic Republic of",2025-03-01,0,Forecast
"Korea, People's Democratic Republic of",2025-04-01,0,Forecast
"Korea, People's Democratic Republic of",2025-05-01,0,Forecast
"Korea, People's Democratic Republic of",2025-06-01,0,Forecast
"Korea, People's Democratic Republic of",2025-07-01,0,Forecast
"Korea, People's Democratic Republic of",2025-08-01,0,Forecast
"Korea, People's Democratic Republic of",2025-09-01,0,Forecast
"Korea, People's Democratic Republic of",2025-10-01,0,Forecast
"Korea, People's Democratic Republic of",2025-11-01,0,Forecast
"Korea, People's Democratic Republic of",2025-12-01,0,Forecast
"Korea, People's Democratic Republic of",2026-01-01,0,Forecast
"Korea, People's Democratic Republic of",2026-02-01,0,Forecast
"Korea, People's Democratic Republic of",2026-03-01,0,Forecast
"Korea, People's Democratic Republic of",2026-04-01,0,Forecast
"Korea, People's Democratic Republic of",2026-05-01,0,Forecast
"Korea, People's Democratic Republic of",2026-06-01,0,Forecast
"Korea, People's Democratic Republic of",2026-07-01,0,Forecast
"Korea, People's Democratic Republic of",2026-08-01,0,Forecast
"Korea, People's Democratic Republic of",2026-09-01,0,Forecast
"Korea, People's Democratic Republic of",2026-10-01,0,Forecast
"Korea, People's Democratic Republic of",2026-11-01,0,Forecast
"Korea, People's Democratic Republic of",2026-12-01,0,Forecast
"Korea, Republic of",2022-01-01,680,Actual
"Korea, Republic of",2022-02-01,605,Actual
"Korea, Republic of",2022-03-01,600,Actual
"Korea, Republic of",2022-04-01,490,Actual
"Korea, Republic of",2022-05-01,465,Actual
"Korea, Republic of",2022-06-01,625,Actual
"Korea, Republic of",2022-07-01,530,Actual
"Korea, Republic of",2022-08-01,430,Actual
"Korea, Republic of",2022-09-01,510,Actual
"Korea, Republic of",2022-10-01,235,Actual
"Korea, Republic of",2022-11-01,130,Actual
"Korea, Republic of",2022-12-01,165,Actual
"Korea, Republic of",2023-01-01,1045,Actual
"Korea, Republic of",2023-02-01,780,Actual
"Korea, Republic of",2023-03-01,540,Actual
"Korea, Republic of",2023-04-01,200,Actual
"Korea, Republic of",2023-05-01,470,Actual
"Korea, Republic of",2023-06-01,345,Actual
"Korea, Republic of",2023-07-01,345,Actual
"Korea, Republic of",2023-08-01,405,Actual
"Korea, Republic of",2023-09-01,165,Actual
"Korea, Republic of",2023-10-01,225,Actual
"Korea, Republic of",2023-11-01,195,Actual
"Korea, Republic of",2023-12-01,490,Actual
"Korea, Republic of",2024-01-01,625,Actual
"Korea, Republic of",2024-02-01,435,Actual
"Korea, Republic of",2024-03-01,280,Actual
"Korea, Republic of",2024-04-01,420,Actual
"Korea, Republic of",2024-05-01,490,Actual
"Korea, Republic of",2024-06-01,390,Actual
"Korea, Republic of",2024-07-01,410,Actual
"Korea, Republic of",2024-08-01,390,Actual
"Korea, Republic of",2024-09-01,255,Actual
"Korea, Republic of",2024-10-01,215,Actual
"Korea, Republic of",2024-11-01,265,Actual
"Korea, Republic of",2024-12-01,195,Actual
"Korea, Republic of",2025-01-01,643,Forecast
"Korea, Republic of",2025-02-01,554,Forecast
"Korea, Republic of",2025-03-01,398,Forecast
"Korea, Republic of",2025-04-01,306,Forecast
"Korea, Republic of",2025-05-01,400,Forecast
"Korea, Republic of",2025-06-01,352,Forecast
"Korea, Republic of",2025-07-01,349,Forecast
"Korea, Republic of",2025-08-01,346,Forecast
"Korea, Republic of",2025-09-01,262,Forecast
"Korea, Republic of",2025-10-01,225,Forecast
"Korea, Republic of",2025-11-01,209,Forecast
"Korea, Republic of",2025-12-01,289,Forecast
"Korea, Republic of",2026-01-01,579,Forecast
"Korea, Republic of",2026-02-01,463,Forecast
"Korea, Republic of",2026-03-01,352,Forecast
"Korea, Republic of",2026-04-01,304,Forecast
"Korea, Republic of",2026-05-01,386,Forecast
"Korea, Republic of",2026-06-01,346,Forecast
"Korea, Republic of",2026-07-01,342,Forecast
"Korea, Republic of",2026-08-01,332,Forecast
"Korea, Republic of",2026-09-01,258,Forecast
"Korea, Republic of",2026-10-01,209,Forecast
"Korea, Republic of",2026-11-01,193,Forecast
"Korea, Republic of",2026-12-01,251,Forecast
"Kosovo, Republic of",2022-01-01,10,Actual
"Kosovo, Republic of",2022-02-01,20,Actual
"Kosovo, Republic of",2022-03-01,20,Actual
"Kosovo, Republic of",2022-04-01,20,Actual
"Kosovo, Republic of",2022-05-01,10,Actual
"Kosovo, Republic of",2022-06-01,10,Actual
"Kosovo, Republic of",2022-07-01,5,Actual
"Kosovo, Republic of",2022-08-01,0,Actual
"Kosovo, Republic of",2022-09-01,20,Actual
"Kosovo, Republic of",2022-10-01,25,Actual
"Kosovo, Republic of",2022-11-01,10,Actual
"Kosovo, Republic of",2022-12-01,5,Actual
"Kosovo, Republic of",2023-01-01,15,Actual
"Kosovo, Republic of",2023-02-01,20,Actual
"Kosovo, Republic of",2023-03-01,25,Actual
"Kosovo, Republic of",2023-04-01,5,Actual
"Kosovo, Republic of",2023-05-01,20,Actual
"Kosovo, Republic of",2023-06-01,15,Actual
"Kosovo, Republic of",2023-07-01,15,Actual
"Kosovo, Republic of",2023-08-01,10,Actual
"Kosovo, Republic of",2023-09-01,5,Actual
"Kosovo, Republic of",2023-10-01,10,Actual
"Kosovo, Republic of",2023-11-01,5,Actual
"Kosovo, Republic of",2023-12-01,10,Actual
"Kosovo, Republic of",2024-01-01,10,Actual
"Kosovo, Republic of",2024-02-01,0,Actual
"Kosovo, Republic of",2024-03-01,10,Actual
"Kosovo, Republic of",2024-04-01,15,Actual
"Kosovo, Republic of",2024-05-01,10,Actual
"Kosovo, Republic of",2024-06-01,5,Actual
"Kosovo, Republic of",2024-07-01,20,Actual
"Kosovo, Republic of",2024-08-01,10,Actual
"Kosovo, Republic of",2024-09-01,15,Actual
"Kosovo, Republic of",2024-10-01,10,Actual
"Kosovo, Republic of",2024-11-01,10,Actual
"Kosovo, Republic of",2024-12-01,0,Actual
"Kosovo, Republic of",2025-01-01,9,Forecast
"Kosovo, Republic of",2025-02-01,16,Forecast
"Kosovo, Republic of",2025-03-01,13,Forecast
"Kosovo, Republic of",2025-04-01,12,Forecast
"Kosovo, Republic of",2025-05-01,11,Forecast
"Kosovo, Republic of",2025-06-01,9,Forecast
"Kosovo, Republic of",2025-07-01,12,Forecast
"Kosovo, Republic of",2025-08-01,8,Forecast
"Kosovo, Republic of",2025-09-01,12,Forecast
"Kosovo, Republic of",2025-10-01,12,Forecast
"Kosovo, Republic of",2025-11-01,9,Forecast
"Kosovo, Republic of",2025-12-01,7,Forecast
"Kosovo, Republic of",2026-01-01,10,Forecast
"Kosovo, Republic of",2026-02-01,13,Forecast
"Kosovo, Republic of",2026-03-01,14,Forecast
"Kosovo, Republic of",2026-04-01,11,Forecast
"Kosovo, Republic of",2026-05-01,11,Forecast
"Kosovo, Republic of",2026-06-01,9,Forecast
"Kosovo, Republic of",2026-07-01,11,Forecast
"Kosovo, Republic of",2026-08-01,7,Forecast
"Kosovo, Republic of",2026-09-01,11,Forecast
"Kosovo, Republic of",2026-10-01,12,Forecast
"Kosovo, Republic of",2026-11-01,8,Forecast
"Kosovo, Republic of",2026-12-01,7,Forecast
Kuwait,2022-01-01,10,Actual
Kuwait,2022-02-01,0,Actual
Kuwait,2022-03-01,0,Actual
Kuwait,2022-04-01,0,Actual
Kuwait,2022-05-01,0,Actual
Kuwait,2022-06-01,0,Actual
Kuwait,2022-07-01,10,Actual
Kuwait,2022-08-01,0,Actual
Kuwait,2022-09-01,5,Actual
Kuwait,2022-10-01,0,Actual
Kuwait,2022-11-01,0,Actual
Kuwait,2022-12-01,0,Actual
Kuwait,2023-01-01,0,Actual
Kuwait,2023-02-01,5,Actual
Kuwait,2023-03-01,10,Actual
Kuwait,2023-04-01,0,Actual
Kuwait,2023-05-01,5,Actual
Kuwait,2023-06-01,0,Actual
Kuwait,2023-07-01,0,Actual
Kuwait,2023-08-01,0,Actual
Kuwait,2023-09-01,0,Actual
Kuwait,2023-10-01,0,Actual
Kuwait,2023-11-01,0,Actual
Kuwait,2023-12-01,5,Actual
Kuwait,2024-01-01,0,Actual
Kuwait,2024-02-01,0,Actual
Kuwait,2024-03-01,5,Actual
Kuwait,2024-04-01,0,Actual
Kuwait,2024-05-01,5,Actual
Kuwait,2024-06-01,0,Actual
Kuwait,2024-07-01,0,Actual
Kuwait,2024-08-01,0,Actual
Kuwait,2024-09-01,0,Actual
Kuwait,2024-10-01,0,Actual
Kuwait,2024-11-01,0,Actual
Kuwait,2024-12-01,0,Actual
Kuwait,2025-01-01,4,Forecast
Kuwait,2025-02-01,1,Forecast
Kuwait,2025-03-01,3,Forecast
Kuwait,2025-04-01,0,Forecast
Kuwait,2025-05-01,2,Forecast
Kuwait,2025-06-01,0,Forecast
Kuwait,2025-07-01,2,Forecast
Kuwait,2025-08-01,0,Forecast
Kuwait,2025-09-01,1,Forecast
Kuwait,2025-10-01,0,Forecast
Kuwait,2025-11-01,0,Forecast
Kuwait,2025-12-01,1,Forecast
Kuwait,2026-01-01,3,Forecast
Kuwait,2026-02-01,1,Forecast
Kuwait,2026-03-01,3,Forecast
Kuwait,2026-04-01,0,Forecast
Kuwait,2026-05-01,2,Forecast
Kuwait,2026-06-01,0,Forecast
Kuwait,2026-07-01,2,Forecast
Kuwait,2026-08-01,0,Forecast
Kuwait,2026-09-01,1,Forecast
Kuwait,2026-10-01,0,Forecast
Kuwait,2026-11-01,0,Forecast
Kuwait,2026-12-01,1,Forecast
Kyrgyzstan,2022-01-01,15,Actual
Kyrgyzstan,2022-02-01,25,Actual
Kyrgyzstan,2022-03-01,0,Actual
Kyrgyzstan,2022-04-01,0,Actual
Kyrgyzstan,2022-05-01,5,Actual
Kyrgyzstan,2022-06-01,20,Actual
Kyrgyzstan,2022-07-01,5,Actual
Kyrgyzstan,2022-08-01,0,Actual
Kyrgyzstan,2022-09-01,0,Actual
Kyrgyzstan,2022-10-01,5,Actual
Kyrgyzstan,2022-11-01,5,Actual
Kyrgyzstan,2022-12-01,0,Actual
Kyrgyzstan,2023-01-01,10,Actual
Kyrgyzstan,2023-02-01,15,Actual
Kyrgyzstan,2023-03-01,5,Actual
Kyrgyzstan,2023-04-01,5,Actual
Kyrgyzstan,2023-05-01,20,Actual
Kyrgyzstan,2023-06-01,15,Actual
Kyrgyzstan,2023-07-01,5,Actual
Kyrgyzstan,2023-08-01,10,Actual
Kyrgyzstan,2023-09-01,10,Actual
Kyrgyzstan,2023-10-01,15,Actual
Kyrgyzstan,2023-11-01,10,Actual
Kyrgyzstan,2023-12-01,15,Actual
Kyrgyzstan,2024-01-01,15,Actual
Kyrgyzstan,2024-02-01,5,Actual
Kyrgyzstan,2024-03-01,5,Actual
Kyrgyzstan,2024-04-01,5,Actual
Kyrgyzstan,2024-05-01,15,Actual
Kyrgyzstan,2024-06-01,5,Actual
Kyrgyzstan,2024-07-01,10,Actual
Kyrgyzstan,2024-08-01,10,Actual
Kyrgyzstan,2024-09-01,0,Actual
Kyrgyzstan,2024-10-01,5,Actual
Kyrgyzstan,2024-11-01,15,Actual
Kyrgyzstan,2024-12-01,5,Actual
Kyrgyzstan,2025-01-01,11,Forecast
Kyrgyzstan,2025-02-01,16,Forecast
Kyrgyzstan,2025-03-01,7,Forecast
Kyrgyzstan,2025-04-01,7,Forecast
Kyrgyzstan,2025-05-01,12,Forecast
Kyrgyzstan,2025-06-01,12,Forecast
Kyrgyzstan,2025-07-01,9,Forecast
Kyrgyzstan,2025-08-01,9,Forecast
Kyrgyzstan,2025-09-01,7,Forecast
Kyrgyzstan,2025-10-01,9,Forecast
Kyrgyzstan,2025-11-01,11,Forecast
Kyrgyzstan,2025-12-01,8,Forecast
Kyrgyzstan,2026-01-01,12,Forecast
Kyrgyzstan,2026-02-01,15,Forecast
Kyrgyzstan,2026-03-01,8,Forecast
Kyrgyzstan,2026-04-01,8,Forecast
Kyrgyzstan,2026-05-01,13,Forecast
Kyrgyzstan,2026-06-01,13,Forecast
Kyrgyzstan,2026-07-01,9,Forecast
Kyrgyzstan,2026-08-01,9,Forecast
Kyrgyzstan,2026-09-01,8,Forecast
Kyrgyzstan,2026-10-01,10,Forecast
Kyrgyzstan,2026-11-01,11,Forecast
Kyrgyzstan,2026-12-01,10,Forecast
Laos,2022-01-01,0,Actual
Laos,2022-02-01,0,Actual
Laos,2022-03-01,0,Actual
Laos,2022-04-01,0,Actual
Laos,2022-05-01,0,Actual
Laos,2022-06-01,0,Actual
Laos,2022-07-01,0,Actual
Laos,2022-08-01,0,Actual
Laos,2022-09-01,5,Actual
Laos,2022-10-01,0,Actual
Laos,2022-11-01,0,Actual
Laos,2022-12-01,0,Actual
Laos,2023-01-01,0,Actual
Laos,2023-02-01,0,Actual
Laos,2023-03-01,0,Actual
Laos,2023-04-01,0,Actual
Laos,2023-05-01,0,Actual
Laos,2023-06-01,0,Actual
Laos,2023-07-01,0,Actual
Laos,2023-08-01,0,Actual
Laos,2023-09-01,0,Actual
Laos,2023-10-01,0,Actual
Laos,2023-11-01,0,Actual
Laos,2023-12-01,0,Actual
Laos,2024-01-01,0,Actual
Laos,2024-02-01,0,Actual
Laos,2024-03-01,0,Actual
Laos,2024-04-01,0,Actual
Laos,2024-05-01,0,Actual
Laos,2024-06-01,0,Actual
Laos,2024-07-01,0,Actual
Laos,2024-08-01,0,Actual
Laos,2024-09-01,0,Actual
Laos,2024-10-01,0,Actual
Laos,2024-11-01,5,Actual
Laos,2024-12-01,0,Actual
Laos,2025-01-01,0,Forecast
Laos,2025-02-01,0,Forecast
Laos,2025-03-01,0,Forecast
Laos,2025-04-01,0,Forecast
Laos,2025-05-01,0,Forecast
Laos,2025-06-01,0,Forecast
Laos,2025-07-01,0,Forecast
Laos,2025-08-01,0,Forecast
Laos,2025-09-01,1,Forecast
Laos,2025-10-01,0,Forecast
Laos,2025-11-01,1,Forecast
Laos,2025-12-01,0,Forecast
Laos,2026-01-01,0,Forecast
Laos,2026-02-01,0,Forecast
Laos,2026-03-01,0,Forecast
Laos,2026-04-01,0,Forecast
Laos,2026-05-01,0,Forecast
Laos,2026-06-01,0,Forecast
Laos,2026-07-01,0,Forecast
Laos,2026-08-01,0,Forecast
Laos,2026-09-01,1,Forecast
Laos,2026-10-01,0,Forecast
Laos,2026-11-01,1,Forecast
Laos,2026-12-01,0,Forecast
Latvia,2022-01-01,0,Actual
Latvia,2022-02-01,5,Actual
Latvia,2022-03-01,5,Actual
Latvia,2022-04-01,10,Actual
Latvia,2022-05-01,0,Actual
Latvia,2022-06-01,10,Actual
Latvia,2022-07-01,0,Actual
Latvia,2022-08-01,0,Actual
Latvia,2022-09-01,0,Actual
Latvia,2022-10-01,10,Actual
Latvia,2022-11-01,0,Actual
Latvia,2022-12-01,5,Actual
Latvia,2023-01-01,10,Actual
Latvia,2023-02-01,10,Actual
Latvia,2023-03-01,5,Actual
Latvia,2023-04-01,0,Actual
Latvia,2023-05-01,5,Actual
Latvia,2023-06-01,0,Actual
Latvia,2023-07-01,5,Actual
Latvia,2023-08-01,5,Actual
Latvia,2023-09-01,5,Actual
Latvia,2023-10-01,10,Actual
Latvia,2023-11-01,0,Actual
Latvia,2023-12-01,10,Actual
Latvia,2024-01-01,10,Actual
Latvia,2024-02-01,5,Actual
Latvia,2024-03-01,0,Actual
Latvia,2024-04-01,0,Actual
Latvia,2024-05-01,5,Actual
Latvia,2024-06-01,0,Actual
Latvia,2024-07-01,10,Actual
Latvia,2024-08-01,0,Actual
Latvia,2024-09-01,0,Actual
Latvia,2024-10-01,0,Actual
Latvia,2024-11-01,0,Actual
Latvia,2024-12-01,0,Actual
Latvia,2025-01-01,4,Forecast
Latvia,2025-02-01,6,Forecast
Latvia,2025-03-01,3,Forecast
Latvia,2025-04-01,3,Forecast
Latvia,2025-05-01,3,Forecast
Latvia,2025-06-01,3,Forecast
Latvia,2025-07-01,4,Forecast
Latvia,2025-08-01,2,Forecast
Latvia,2025-09-01,2,Forecast
Latvia,2025-10-01,4,Forecast
Latvia,2025-11-01,2,Forecast
Latvia,2025-12-01,4,Forecast
Latvia,2026-01-01,4,Forecast
Latvia,2026-02-01,5,Forecast
Latvia,2026-03-01,3,Forecast
Latvia,2026-04-01,3,Forecast
Latvia,2026-05-01,3,Forecast
Latvia,2026-06-01,3,Forecast
Latvia,2026-07-01,3,Forecast
Latvia,2026-08-01,2,Forecast
Latvia,2026-09-01,2,Forecast
Latvia,2026-10-01,5,Forecast
Latvia,2026-11-01,1,Forecast
Latvia,2026-12-01,4,Forecast
Lebanon,2022-01-01,140,Actual
Lebanon,2022-02-01,190,Actual
Lebanon,2022-03-01,230,Actual
Lebanon,2022-04-01,240,Actual
Lebanon,2022-05-01,240,Actual
Lebanon,2022-06-01,425,Actual
Lebanon,2022-07-01,685,Actual
Lebanon,2022-08-01,490,Actual
Lebanon,2022-09-01,595,Actual
Lebanon,2022-10-01,390,Actual
Lebanon,2022-11-01,210,Actual
Lebanon,2022-12-01,260,Actual
Lebanon,2023-01-01,285,Actual
Lebanon,2023-02-01,260,Actual
Lebanon,2023-03-01,340,Actual
Lebanon,2023-04-01,375,Actual
Lebanon,2023-05-01,355,Actual
Lebanon,2023-06-01,650,Actual
Lebanon,2023-07-01,600,Actual
Lebanon,2023-08-01,385,Actual
Lebanon,2023-09-01,390,Actual
Lebanon,2023-10-01,355,Actual
Lebanon,2023-11-01,210,Actual
Lebanon,2023-12-01,355,Actual
Lebanon,2024-01-01,260,Actual
Lebanon,2024-02-01,305,Actual
Lebanon,2024-03-01,290,Actual
Lebanon,2024-04-01,370,Actual
Lebanon,2024-05-01,370,Actual
Lebanon,2024-06-01,505,Actual
Lebanon,2024-07-01,480,Actual
Lebanon,2024-08-01,390,Actual
Lebanon,2024-09-01,355,Actual
Lebanon,2024-10-01,455,Actual
Lebanon,2024-11-01,305,Actual
Lebanon,2024-12-01,250,Actual
Lebanon,2025-01-01,240,Forecast
Lebanon,2025-02-01,279,Forecast
Lebanon,2025-03-01,311,Forecast
Lebanon,2025-04-01,350,Forecast
Lebanon,2025-05-01,349,Forecast
Lebanon,2025-06-01,463,Forecast
Lebanon,2025-07-01,489,Forecast
Lebanon,2025-08-01,399,Forecast
Lebanon,2025-09-01,403,Forecast
Lebanon,2025-10-01,404,Forecast
Lebanon,2025-11-01,303,Forecast
Lebanon,2025-12-01,307,Forecast
Lebanon,2026-01-01,281,Forecast
Lebanon,2026-02-01,305,Forecast
Lebanon,2026-03-01,326,Forecast
Lebanon,2026-04-01,353,Forecast
Lebanon,2026-05-01,350,Forecast
Lebanon,2026-06-01,468,Forecast
Lebanon,2026-07-01,499,Forecast
Lebanon,2026-08-01,404,Forecast
Lebanon,2026-09-01,416,Forecast
Lebanon,2026-10-01,397,Forecast
Lebanon,2026-11-01,304,Forecast
Lebanon,2026-12-01,328,Forecast
Lesotho,2022-01-01,0,Actual
Lesotho,2022-02-01,0,Actual
Lesotho,2022-03-01,0,Actual
Lesotho,2022-04-01,0,Actual
Lesotho,2022-05-01,0,Actual
Lesotho,2022-06-01,0,Actual
Lesotho,2022-07-01,0,Actual
Lesotho,2022-08-01,0,Actual
Lesotho,2022-09-01,0,Actual
Lesotho,2022-10-01,0,Actual
Lesotho,2022-11-01,0,Actual
Lesotho,2022-12-01,0,Actual
Lesotho,2023-01-01,0,Actual
Lesotho,2023-02-01,0,Actual
Lesotho,2023-03-01,0,Actual
Lesotho,2023-04-01,0,Actual
Lesotho,2023-05-01,0,Actual
Lesotho,2023-06-01,0,Actual
Lesotho,2023-07-01,0,Actual
Lesotho,2023-08-01,0,Actual
Lesotho,2023-09-01,0,Actual
Lesotho,2023-10-01,0,Actual
Lesotho,2023-11-01,0,Actual
Lesotho,2023-12-01,0,Actual
Lesotho,2024-01-01,0,Actual
Lesotho,2024-02-01,0,Actual
Lesotho,2024-03-01,0,Actual
Lesotho,2024-04-01,0,Actual
Lesotho,2024-05-01,0,Actual
Lesotho,2024-06-01,0,Actual
Lesotho,2024-07-01,0,Actual
Lesotho,2024-08-01,0,Actual
Lesotho,2024-09-01,0,Actual
Lesotho,2024-10-01,0,Actual
Lesotho,2024-11-01,0,Actual
Lesotho,2024-12-01,0,Actual
Lesotho,2025-01-01,0,Forecast
Lesotho,2025-02-01,0,Forecast
Lesotho,2025-03-01,0,Forecast
Lesotho,2025-04-01,0,Forecast
Lesotho,2025-05-01,0,Forecast
Lesotho,2025-06-01,0,Forecast
Lesotho,2025-07-01,0,Forecast
Lesotho,2025-08-01,0,Forecast
Lesotho,2025-09-01,0,Forecast
Lesotho,2025-10-01,0,Forecast
Lesotho,2025-11-01,0,Forecast
Lesotho,2025-12-01,0,Forecast
Lesotho,2026-01-01,0,Forecast
Lesotho,2026-02-01,0,Forecast
Lesotho,2026-03-01,0,Forecast
Lesotho,2026-04-01,0,Forecast
Lesotho,2026-05-01,0,Forecast
Lesotho,2026-06-01,0,Forecast
Lesotho,2026-07-01,0,Forecast
Lesotho,2026-08-01,0,Forecast
Lesotho,2026-09-01,0,Forecast
Lesotho,2026-10-01,0,Forecast
Lesotho,2026-11-01,0,Forecast
Lesotho,2026-12-01,0,Forecast
Liberia,2022-01-01,5,Actual
Liberia,2022-02-01,5,Actual
Liberia,2022-03-01,10,Actual
Liberia,2022-04-01,10,Actual
Liberia,2022-05-01,0,Actual
Liberia,2022-06-01,5,Actual
Liberia,2022-07-01,0,Actual
Liberia,2022-08-01,10,Actual
Liberia,2022-09-01,10,Actual
Liberia,2022-10-01,10,Actual
Liberia,2022-11-01,5,Actual
Liberia,2022-12-01,15,Actual
Liberia,2023-01-01,0,Actual
Liberia,2023-02-01,5,Actual
Liberia,2023-03-01,5,Actual
Liberia,2023-04-01,10,Actual
Liberia,2023-05-01,0,Actual
Liberia,2023-06-01,5,Actual
Liberia,2023-07-01,0,Actual
Liberia,2023-08-01,0,Actual
Liberia,2023-09-01,20,Actual
Liberia,2023-10-01,0,Actual
Liberia,2023-11-01,10,Actual
Liberia,2023-12-01,10,Actual
Liberia,2024-01-01,15,Actual
Liberia,2024-02-01,10,Actual
Liberia,2024-03-01,20,Actual
Liberia,2024-04-01,5,Actual
Liberia,2024-05-01,5,Actual
Liberia,2024-06-01,10,Actual
Liberia,2024-07-01,15,Actual
Liberia,2024-08-01,5,Actual
Liberia,2024-09-01,20,Actual
Liberia,2024-10-01,0,Actual
Liberia,2024-11-01,10,Actual
Liberia,2024-12-01,5,Actual
Liberia,2025-01-01,9,Forecast
Liberia,2025-02-01,9,Forecast
Liberia,2025-03-01,13,Forecast
Liberia,2025-04-01,8,Forecast
Liberia,2025-05-01,6,Forecast
Liberia,2025-06-01,9,Forecast
Liberia,2025-07-01,9,Forecast
Liberia,2025-08-01,8,Forecast
Liberia,2025-09-01,14,Forecast
Liberia,2025-10-01,6,Forecast
Liberia,2025-11-01,10,Forecast
Liberia,2025-12-01,10,Forecast
Liberia,2026-01-01,9,Forecast
Liberia,2026-02-01,9,Forecast
Liberia,2026-03-01,12,Forecast
Liberia,2026-04-01,10,Forecast
Liberia,2026-05-01,7,Forecast
Liberia,2026-06-01,9,Forecast
Liberia,2026-07-01,8,Forecast
Liberia,2026-08-01,9,Forecast
Liberia,2026-09-01,14,Forecast
Liberia,2026-10-01,8,Forecast
Liberia,2026-11-01,10,Forecast
Liberia,2026-12-01,11,Forecast
Libya,2022-01-01,60,Actual
Libya,2022-02-01,45,Actual
Libya,2022-03-01,85,Actual
Libya,2022-04-01,55,Actual
Libya,2022-05-01,60,Actual
Libya,2022-06-01,60,Actual
Libya,2022-07-01,50,Actual
Libya,2022-08-01,65,Actual
Libya,2022-09-01,30,Actual
Libya,2022-10-01,40,Actual
Libya,2022-11-01,20,Actual
Libya,2022-12-01,15,Actual
Libya,2023-01-01,90,Actual
Libya,2023-02-01,40,Actual
Libya,2023-03-01,50,Actual
Libya,2023-04-01,35,Actual
Libya,2023-05-01,50,Actual
Libya,2023-06-01,30,Actual
Libya,2023-07-01,45,Actual
Libya,2023-08-01,35,Actual
Libya,2023-09-01,15,Actual
Libya,2023-10-01,40,Actual
Libya,2023-11-01,30,Actual
Libya,2023-12-01,30,Actual
Libya,2024-01-01,30,Actual
Libya,2024-02-01,25,Actual
Libya,2024-03-01,15,Actual
Libya,2024-04-01,20,Actual
Libya,2024-05-01,20,Actual
Libya,2024-06-01,30,Actual
Libya,2024-07-01,25,Actual
Libya,2024-08-01,40,Actual
Libya,2024-09-01,45,Actual
Libya,2024-10-01,25,Actual
Libya,2024-11-01,35,Actual
Libya,2024-12-01,15,Actual
Libya,2025-01-01,36,Forecast
Libya,2025-02-01,25,Forecast
Libya,2025-03-01,28,Forecast
Libya,2025-04-01,23,Forecast
Libya,2025-05-01,25,Forecast
Libya,2025-06-01,25,Forecast
Libya,2025-07-01,23,Forecast
Libya,2025-08-01,27,Forecast
Libya,2025-09-01,20,Forecast
Libya,2025-10-01,20,Forecast
Libya,2025-11-01,18,Forecast
Libya,2025-12-01,13,Forecast
Libya,2026-01-01,30,Forecast
Libya,2026-02-01,19,Forecast
Libya,2026-03-01,24,Forecast
Libya,2026-04-01,17,Forecast
Libya,2026-05-01,21,Forecast
Libya,2026-06-01,19,Forecast
Libya,2026-07-01,19,Forecast
Libya,2026-08-01,22,Forecast
Libya,2026-09-01,13,Forecast
Libya,2026-10-01,17,Forecast
Libya,2026-11-01,13,Forecast
Libya,2026-12-01,9,Forecast
Liechtenstein,2022-01-01,0,Actual
Liechtenstein,2022-02-01,0,Actual
Liechtenstein,2022-03-01,0,Actual
Liechtenstein,2022-04-01,0,Actual
Liechtenstein,2022-05-01,0,Actual
Liechtenstein,2022-06-01,0,Actual
Liechtenstein,2022-07-01,0,Actual
Liechtenstein,2022-08-01,0,Actual
Liechtenstein,2022-09-01,0,Actual
Liechtenstein,2022-10-01,0,Actual
Liechtenstein,2022-11-01,0,Actual
Liechtenstein,2022-12-01,0,Actual
Liechtenstein,2023-01-01,0,Actual
Liechtenstein,2023-02-01,0,Actual
Liechtenstein,2023-03-01,0,Actual
Liechtenstein,2023-04-01,0,Actual
Liechtenstein,2023-05-01,0,Actual
Liechtenstein,2023-06-01,0,Actual
Liechtenstein,2023-07-01,0,Actual
Liechtenstein,2023-08-01,0,Actual
Liechtenstein,2023-09-01,0,Actual
Liechtenstein,2023-10-01,0,Actual
Liechtenstein,2023-11-01,0,Actual
Liechtenstein,2023-12-01,0,Actual
Liechtenstein,2024-01-01,0,Actual
Liechtenstein,2024-02-01,0,Actual
Liechtenstein,2024-03-01,0,Actual
Liechtenstein,2024-04-01,0,Actual
Liechtenstein,2024-05-01,0,Actual
Liechtenstein,2024-06-01,0,Actual
Liechtenstein,2024-07-01,0,Actual
Liechtenstein,2024-08-01,0,Actual
Liechtenstein,2024-09-01,0,Actual
Liechtenstein,2024-10-01,0,Actual
Liechtenstein,2024-11-01,0,Actual
Liechtenstein,2024-12-01,0,Actual
Liechtenstein,2025-01-01,0,Forecast
Liechtenstein,2025-02-01,0,Forecast
Liechtenstein,2025-03-01,0,Forecast
Liechtenstein,2025-04-01,0,Forecast
Liechtenstein,2025-05-01,0,Forecast
Liechtenstein,2025-06-01,0,Forecast
Liechtenstein,2025-07-01,0,Forecast
Liechtenstein,2025-08-01,0,Forecast
Liechtenstein,2025-09-01,0,Forecast
Liechtenstein,2025-10-01,0,Forecast
Liechtenstein,2025-11-01,0,Forecast
Liechtenstein,2025-12-01,0,Forecast
Liechtenstein,2026-01-01,0,Forecast
Liechtenstein,2026-02-01,0,Forecast
Liechtenstein,2026-03-01,0,Forecast
Liechtenstein,2026-04-01,0,Forecast
Liechtenstein,2026-05-01,0,Forecast
Liechtenstein,2026-06-01,0,Forecast
Liechtenstein,2026-07-01,0,Forecast
Liechtenstein,2026-08-01,0,Forecast
Liechtenstein,2026-09-01,0,Forecast
Liechtenstein,2026-10-01,0,Forecast
Liechtenstein,2026-11-01,0,Forecast
Liechtenstein,2026-12-01,0,Forecast
Lithuania,2022-01-01,10,Actual
Lithuania,2022-02-01,5,Actual
Lithuania,2022-03-01,20,Actual
Lithuania,2022-04-01,10,Actual
Lithuania,2022-05-01,0,Actual
Lithuania,2022-06-01,10,Actual
Lithuania,2022-07-01,0,Actual
Lithuania,2022-08-01,5,Actual
Lithuania,2022-09-01,5,Actual
Lithuania,2022-10-01,0,Actual
Lithuania,2022-11-01,0,Actual
Lithuania,2022-12-01,0,Actual
Lithuania,2023-01-01,20,Actual
Lithuania,2023-02-01,20,Actual
Lithuania,2023-03-01,5,Actual
Lithuania,2023-04-01,0,Actual
Lithuania,2023-05-01,10,Actual
Lithuania,2023-06-01,5,Actual
Lithuania,2023-07-01,0,Actual
Lithuania,2023-08-01,5,Actual
Lithuania,2023-09-01,0,Actual
Lithuania,2023-10-01,5,Actual
Lithuania,2023-11-01,0,Actual
Lithuania,2023-12-01,10,Actual
Lithuania,2024-01-01,15,Actual
Lithuania,2024-02-01,5,Actual
Lithuania,2024-03-01,0,Actual
Lithuania,2024-04-01,5,Actual
Lithuania,2024-05-01,10,Actual
Lithuania,2024-06-01,10,Actual
Lithuania,2024-07-01,0,Actual
Lithuania,2024-08-01,0,Actual
Lithuania,2024-09-01,0,Actual
Lithuania,2024-10-01,10,Actual
Lithuania,2024-11-01,10,Actual
Lithuania,2024-12-01,0,Actual
Lithuania,2025-01-01,10,Forecast
Lithuania,2025-02-01,9,Forecast
Lithuania,2025-03-01,7,Forecast
Lithuania,2025-04-01,6,Forecast
Lithuania,2025-05-01,6,Forecast
Lithuania,2025-06-01,7,Forecast
Lithuania,2025-07-01,3,Forecast
Lithuania,2025-08-01,4,Forecast
Lithuania,2025-09-01,4,Forecast
Lithuania,2025-10-01,6,Forecast
Lithuania,2025-11-01,5,Forecast
Lithuania,2025-12-01,4,Forecast
Lithuania,2026-01-01,10,Forecast
Lithuania,2026-02-01,8,Forecast
Lithuania,2026-03-01,7,Forecast
Lithuania,2026-04-01,5,Forecast
Lithuania,2026-05-01,6,Forecast
Lithuania,2026-06-01,7,Forecast
Lithuania,2026-07-01,3,Forecast
Lithuania,2026-08-01,5,Forecast
Lithuania,2026-09-01,4,Forecast
Lithuania,2026-10-01,5,Forecast
Lithuania,2026-11-01,4,Forecast
Lithuania,2026-12-01,5,Forecast
Luxembourg,2022-01-01,0,Actual
Luxembourg,2022-02-01,0,Actual
Luxembourg,2022-03-01,0,Actual
Luxembourg,2022-04-01,0,Actual
Luxembourg,2022-05-01,5,Actual
Luxembourg,2022-06-01,0,Actual
Luxembourg,2022-07-01,0,Actual
Luxembourg,2022-08-01,0,Actual
Luxembourg,2022-09-01,0,Actual
Luxembourg,2022-10-01,0,Actual
Luxembourg,2022-11-01,0,Actual
Luxembourg,2022-12-01,0,Actual
Luxembourg,2023-01-01,0,Actual
Luxembourg,2023-02-01,0,Actual
Luxembourg,2023-03-01,0,Actual
Luxembourg,2023-04-01,0,Actual
Luxembourg,2023-05-01,0,Actual
Luxembourg,2023-06-01,0,Actual
Luxembourg,2023-07-01,0,Actual
Luxembourg,2023-08-01,0,Actual
Luxembourg,2023-09-01,0,Actual
Luxembourg,2023-10-01,0,Actual
Luxembourg,2023-11-01,0,Actual
Luxembourg,2023-12-01,0,Actual
Luxembourg,2024-01-01,0,Actual
Luxembourg,2024-02-01,0,Actual
Luxembourg,2024-03-01,0,Actual
Luxembourg,2024-04-01,0,Actual
Luxembourg,2024-05-01,0,Actual
Luxembourg,2024-06-01,0,Actual
Luxembourg,2024-07-01,0,Actual
Luxembourg,2024-08-01,0,Actual
Luxembourg,2024-09-01,0,Actual
Luxembourg,2024-10-01,0,Actual
Luxembourg,2024-11-01,0,Actual
Luxembourg,2024-12-01,0,Actual
Luxembourg,2025-01-01,0,Forecast
Luxembourg,2025-02-01,0,Forecast
Luxembourg,2025-03-01,0,Forecast
Luxembourg,2025-04-01,0,Forecast
Luxembourg,2025-05-01,1,Forecast
Luxembourg,2025-06-01,0,Forecast
Luxembourg,2025-07-01,0,Forecast
Luxembourg,2025-08-01,0,Forecast
Luxembourg,2025-09-01,0,Forecast
Luxembourg,2025-10-01,0,Forecast
Luxembourg,2025-11-01,0,Forecast
Luxembourg,2025-12-01,0,Forecast
Luxembourg,2026-01-01,0,Forecast
Luxembourg,2026-02-01,0,Forecast
Luxembourg,2026-03-01,0,Forecast
Luxembourg,2026-04-01,0,Forecast
Luxembourg,2026-05-01,1,Forecast
Luxembourg,2026-06-01,0,Forecast
Luxembourg,2026-07-01,0,Forecast
Luxembourg,2026-08-01,0,Forecast
Luxembourg,2026-09-01,0,Forecast
Luxembourg,2026-10-01,0,Forecast
Luxembourg,2026-11-01,0,Forecast
Luxembourg,2026-12-01,0,Forecast
Macedonia,2022-01-01,5,Actual
Macedonia,2022-02-01,10,Actual
Macedonia,2022-03-01,0,Actual
Macedonia,2022-04-01,0,Actual
Macedonia,2022-05-01,5,Actual
Macedonia,2022-06-01,0,Actual
Macedonia,2022-07-01,0,Actual
Macedonia,2022-08-01,0,Actual
Macedonia,2022-09-01,5,Actual
Macedonia,2022-10-01,10,Actual
Macedonia,2022-11-01,0,Actual
Macedonia,2022-12-01,0,Actual
Macedonia,2023-01-01,15,Actual
Macedonia,2023-02-01,10,Actual
Macedonia,2023-03-01,10,Actual
Macedonia,2023-04-01,0,Actual
Macedonia,2023-05-01,0,Actual
Macedonia,2023-06-01,10,Actual
Macedonia,2023-07-01,0,Actual
Macedonia,2023-08-01,10,Actual
Macedonia,2023-09-01,0,Actual
Macedonia,2023-10-01,5,Actual
Macedonia,2023-11-01,0,Actual
Macedonia,2023-12-01,0,Actual
Macedonia,2024-01-01,0,Actual
Macedonia,2024-02-01,5,Actual
Macedonia,2024-03-01,0,Actual
Macedonia,2024-04-01,10,Actual
Macedonia,2024-05-01,10,Actual
Macedonia,2024-06-01,0,Actual
Macedonia,2024-07-01,5,Actual
Macedonia,2024-08-01,15,Actual
Macedonia,2024-09-01,0,Actual
Macedonia,2024-10-01,10,Actual
Macedonia,2024-11-01,0,Actual
Macedonia,2024-12-01,5,Actual
Macedonia,2025-01-01,8,Forecast
Macedonia,2025-02-01,8,Forecast
Macedonia,2025-03-01,4,Forecast
Macedonia,2025-04-01,5,Forecast
Macedonia,2025-05-01,6,Forecast
Macedonia,2025-06-01,5,Forecast
Macedonia,2025-07-01,4,Forecast
Macedonia,2025-08-01,8,Forecast
Macedonia,2025-09-01,4,Forecast
Macedonia,2025-10-01,8,Forecast
Macedonia,2025-11-01,3,Forecast
Macedonia,2025-12-01,4,Forecast
Macedonia,2026-01-01,8,Forecast
Macedonia,2026-02-01,9,Forecast
Macedonia,2026-03-01,6,Forecast
Macedonia,2026-04-01,6,Forecast
Macedonia,2026-05-01,6,Forecast
Macedonia,2026-06-01,6,Forecast
Macedonia,2026-07-01,5,Forecast
Macedonia,2026-08-01,8,Forecast
Macedonia,2026-09-01,5,Forecast
Macedonia,2026-10-01,8,Forecast
Macedonia,2026-11-01,4,Forecast
Macedonia,2026-12-01,5,Forecast
Madagascar,2022-01-01,5,Actual
Madagascar,2022-02-01,15,Actual
Madagascar,2022-03-01,20,Actual
Madagascar,2022-04-01,15,Actual
Madagascar,2022-05-01,60,Actual
Madagascar,2022-06-01,25,Actual
Madagascar,2022-07-01,40,Actual
Madagascar,2022-08-01,25,Actual
Madagascar,2022-09-01,30,Actual
Madagascar,2022-10-01,20,Actual
Madagascar,2022-11-01,35,Actual
Madagascar,2022-12-01,45,Actual
Madagascar,2023-01-01,15,Actual
Madagascar,2023-02-01,40,Actual
Madagascar,2023-03-01,35,Actual
Madagascar,2023-04-01,20,Actual
Madagascar,2023-05-01,10,Actual
Madagascar,2023-06-01,35,Actual
Madagascar,2023-07-01,55,Actual
Madagascar,2023-08-01,40,Actual
Madagascar,2023-09-01,45,Actual
Madagascar,2023-10-01,30,Actual
Madagascar,2023-11-01,5,Actual
Madagascar,2023-12-01,15,Actual
Madagascar,2024-01-01,30,Actual
Madagascar,2024-02-01,45,Actual
Madagascar,2024-03-01,45,Actual
Madagascar,2024-04-01,55,Actual
Madagascar,2024-05-01,75,Actual
Madagascar,2024-06-01,105,Actual
Madagascar,2024-07-01,65,Actual
Madagascar,2024-08-01,70,Actual
Madagascar,2024-09-01,50,Actual
Madagascar,2024-10-01,40,Actual
Madagascar,2024-11-01,70,Actual
Madagascar,2024-12-01,40,Actual
Madagascar,2025-01-01,48,Forecast
Madagascar,2025-02-01,53,Forecast
Madagascar,2025-03-01,55,Forecast
Madagascar,2025-04-01,54,Forecast
Madagascar,2025-05-01,64,Forecast
Madagascar,2025-06-01,68,Forecast
Madagascar,2025-07-01,64,Forecast
Madagascar,2025-08-01,61,Forecast
Madagascar,2025-09-01,58,Forecast
Madagascar,2025-10-01,53,Forecast
Madagascar,2025-11-01,60,Forecast
Madagascar,2025-12-01,56,Forecast
Madagascar,2026-01-01,55,Forecast
Madagascar,2026-02-01,61,Forecast
Madagascar,2026-03-01,63,Forecast
Madagascar,2026-04-01,61,Forecast
Madagascar,2026-05-01,70,Forecast
Madagascar,2026-06-01,73,Forecast
Madagascar,2026-07-01,74,Forecast
Madagascar,2026-08-01,69,Forecast
Madagascar,2026-09-01,68,Forecast
Madagascar,2026-10-01,62,Forecast
Madagascar,2026-11-01,63,Forecast
Madagascar,2026-12-01,63,Forecast
Malawi,2022-01-01,0,Actual
Malawi,2022-02-01,0,Actual
Malawi,2022-03-01,10,Actual
Malawi,2022-04-01,5,Actual
Malawi,2022-05-01,0,Actual
Malawi,2022-06-01,0,Actual
Malawi,2022-07-01,0,Actual
Malawi,2022-08-01,0,Actual
Malawi,2022-09-01,5,Actual
Malawi,2022-10-01,0,Actual
Malawi,2022-11-01,0,Actual
Malawi,2022-12-01,0,Actual
Malawi,2023-01-01,5,Actual
Malawi,2023-02-01,0,Actual
Malawi,2023-03-01,5,Actual
Malawi,2023-04-01,0,Actual
Malawi,2023-05-01,5,Actual
Malawi,2023-06-01,0,Actual
Malawi,2023-07-01,0,Actual
Malawi,2023-08-01,5,Actual
Malawi,2023-09-01,0,Actual
Malawi,2023-10-01,0,Actual
Malawi,2023-11-01,5,Actual
Malawi,2023-12-01,10,Actual
Malawi,2024-01-01,5,Actual
Malawi,2024-02-01,5,Actual
Malawi,2024-03-01,0,Actual
Malawi,2024-04-01,0,Actual
Malawi,2024-05-01,5,Actual
Malawi,2024-06-01,0,Actual
Malawi,2024-07-01,0,Actual
Malawi,2024-08-01,10,Actual
Malawi,2024-09-01,0,Actual
Malawi,2024-10-01,0,Actual
Malawi,2024-11-01,0,Actual
Malawi,2024-12-01,10,Actual
Malawi,2025-01-01,4,Forecast
Malawi,2025-02-01,4,Forecast
Malawi,2025-03-01,4,Forecast
Malawi,2025-04-01,3,Forecast
Malawi,2025-05-01,4,Forecast
Malawi,2025-06-01,2,Forecast
Malawi,2025-07-01,2,Forecast
Malawi,2025-08-01,6,Forecast
Malawi,2025-09-01,3,Forecast
Malawi,2025-10-01,2,Forecast
Malawi,2025-11-01,2,Forecast
Malawi,2025-12-01,6,Forecast
Malawi,2026-01-01,4,Forecast
Malawi,2026-02-01,3,Forecast
Malawi,2026-03-01,5,Forecast
Malawi,2026-04-01,3,Forecast
Malawi,2026-05-01,4,Forecast
Malawi,2026-06-01,2,Forecast
Malawi,2026-07-01,2,Forecast
Malawi,2026-08-01,5,Forecast
Malawi,2026-09-01,3,Forecast
Malawi,2026-10-01,2,Forecast
Malawi,2026-11-01,3,Forecast
Malawi,2026-12-01,6,Forecast
Malaysia,2022-01-01,40,Actual
Malaysia,2022-02-01,30,Actual
Malaysia,2022-03-01,25,Actual
Malaysia,2022-04-01,25,Actual
Malaysia,2022-05-01,30,Actual
Malaysia,2022-06-01,25,Actual
Malaysia,2022-07-01,30,Actual
Malaysia,2022-08-01,20,Actual
Malaysia,2022-09-01,25,Actual
Malaysia,2022-10-01,20,Actual
Malaysia,2022-11-01,15,Actual
Malaysia,2022-12-01,10,Actual
Malaysia,2023-01-01,55,Actual
Malaysia,2023-02-01,40,Actual
Malaysia,2023-03-01,35,Actual
Malaysia,2023-04-01,30,Actual
Malaysia,2023-05-01,35,Actual
Malaysia,2023-06-01,30,Actual
Malaysia,2023-07-01,20,Actual
Malaysia,2023-08-01,45,Actual
Malaysia,2023-09-01,20,Actual
Malaysia,2023-10-01,15,Actual
Malaysia,2023-11-01,20,Actual
Malaysia,2023-12-01,25,Actual
Malaysia,2024-01-01,55,Actual
Malaysia,2024-02-01,35,Actual
Malaysia,2024-03-01,25,Actual
Malaysia,2024-04-01,25,Actual
Malaysia,2024-05-01,35,Actual
Malaysia,2024-06-01,45,Actual
Malaysia,2024-07-01,35,Actual
Malaysia,2024-08-01,30,Actual
Malaysia,2024-09-01,35,Actual
Malaysia,2024-10-01,20,Actual
Malaysia,2024-11-01,15,Actual
Malaysia,2024-12-01,20,Actual
Malaysia,2025-01-01,48,Forecast
Malaysia,2025-02-01,40,Forecast
Malaysia,2025-03-01,32,Forecast
Malaysia,2025-04-01,31,Forecast
Malaysia,2025-05-01,36,Forecast
Malaysia,2025-06-01,37,Forecast
Malaysia,2025-07-01,32,Forecast
Malaysia,2025-08-01,35,Forecast
Malaysia,2025-09-01,32,Forecast
Malaysia,2025-10-01,25,Forecast
Malaysia,2025-11-01,24,Forecast
Malaysia,2025-12-01,26,Forecast
Malaysia,2026-01-01,50,Forecast
Malaysia,2026-02-01,40,Forecast
Malaysia,2026-03-01,34,Forecast
Malaysia,2026-04-01,33,Forecast
Malaysia,2026-05-01,38,Forecast
Malaysia,2026-06-01,39,Forecast
Malaysia,2026-07-01,35,Forecast
Malaysia,2026-08-01,37,Forecast
Malaysia,2026-09-01,34,Forecast
Malaysia,2026-10-01,28,Forecast
Malaysia,2026-11-01,27,Forecast
Malaysia,2026-12-01,28,Forecast
"Maldives, Republic of",2022-01-01,0,Actual
"Maldives, Republic of",2022-02-01,0,Actual
"Maldives, Republic of",2022-03-01,0,Actual
"Maldives, Republic of",2022-04-01,0,Actual
"Maldives, Republic of",2022-05-01,0,Actual
"Maldives, Republic of",2022-06-01,0,Actual
"Maldives, Republic of",2022-07-01,0,Actual
"Maldives, Republic of",2022-08-01,0,Actual
"Maldives, Republic of",2022-09-01,0,Actual
"Maldives, Republic of",2022-10-01,0,Actual
"Maldives, Republic of",2022-11-01,0,Actual
"Maldives, Republic of",2022-12-01,0,Actual
"Maldives, Republic of",2023-01-01,0,Actual
"Maldives, Republic of",2023-02-01,0,Actual
"Maldives, Republic of",2023-03-01,0,Actual
"Maldives, Republic of",2023-04-01,0,Actual
"Maldives, Republic of",2023-05-01,0,Actual
"Maldives, Republic of",2023-06-01,0,Actual
"Maldives, Republic of",2023-07-01,0,Actual
"Maldives, Republic of",2023-08-01,0,Actual
"Maldives, Republic of",2023-09-01,0,Actual
"Maldives, Republic of",2023-10-01,0,Actual
"Maldives, Republic of",2023-11-01,0,Actual
"Maldives, Republic of",2023-12-01,0,Actual
"Maldives, Republic of",2024-01-01,0,Actual
"Maldives, Republic of",2024-02-01,0,Actual
"Maldives, Republic of",2024-03-01,0,Actual
"Maldives, Republic of",2024-04-01,0,Actual
"Maldives, Republic of",2024-05-01,0,Actual
"Maldives, Republic of",2024-06-01,0,Actual
"Maldives, Republic of",2024-07-01,0,Actual
"Maldives, Republic of",2024-08-01,0,Actual
"Maldives, Republic of",2024-09-01,0,Actual
"Maldives, Republic of",2024-10-01,0,Actual
"Maldives, Republic of",2024-11-01,0,Actual
"Maldives, Republic of",2024-12-01,0,Actual
"Maldives, Republic of",2025-01-01,0,Forecast
"Maldives, Republic of",2025-02-01,0,Forecast
"Maldives, Republic of",2025-03-01,0,Forecast
"Maldives, Republic of",2025-04-01,0,Forecast
"Maldives, Republic of",2025-05-01,0,Forecast
"Maldives, Republic of",2025-06-01,0,Forecast
"Maldives, Republic of",2025-07-01,0,Forecast
"Maldives, Republic of",2025-08-01,0,Forecast
"Maldives, Republic of",2025-09-01,0,Forecast
"Maldives, Republic of",2025-10-01,0,Forecast
"Maldives, Republic of",2025-11-01,0,Forecast
"Maldives, Republic of",2025-12-01,0,Forecast
"Maldives, Republic of",2026-01-01,0,Forecast
"Maldives, Republic of",2026-02-01,0,Forecast
"Maldives, Republic of",2026-03-01,0,Forecast
"Maldives, Republic of",2026-04-01,0,Forecast
"Maldives, Republic of",2026-05-01,0,Forecast
"Maldives, Republic of",2026-06-01,0,Forecast
"Maldives, Republic of",2026-07-01,0,Forecast
"Maldives, Republic of",2026-08-01,0,Forecast
"Maldives, Republic of",2026-09-01,0,Forecast
"Maldives, Republic of",2026-10-01,0,Forecast
"Maldives, Republic of",2026-11-01,0,Forecast
"Maldives, Republic of",2026-12-01,0,Forecast
"Mali, Republic of",2022-01-01,15,Actual
"Mali, Republic of",2022-02-01,15,Actual
"Mali, Republic of",2022-03-01,30,Actual
"Mali, Republic of",2022-04-01,40,Actual
"Mali, Republic of",2022-05-01,30,Actual
"Mali, Republic of",2022-06-01,45,Actual
"Mali, Republic of",2022-07-01,35,Actual
"Mali, Republic of",2022-08-01,35,Actual
"Mali, Republic of",2022-09-01,35,Actual
"Mali, Republic of",2022-10-01,20,Actual
"Mali, Republic of",2022-11-01,35,Actual
"Mali, Republic of",2022-12-01,40,Actual
"Mali, Republic of",2023-01-01,30,Actual
"Mali, Republic of",2023-02-01,35,Actual
"Mali, Republic of",2023-03-01,30,Actual
"Mali, Republic of",2023-04-01,45,Actual
"Mali, Republic of",2023-05-01,30,Actual
"Mali, Republic of",2023-06-01,30,Actual
"Mali, Republic of",2023-07-01,45,Actual
"Mali, Republic of",2023-08-01,15,Actual
"Mali, Republic of",2023-09-01,45,Actual
"Mali, Republic of",2023-10-01,70,Actual
"Mali, Republic of",2023-11-01,25,Actual
"Mali, Republic of",2023-12-01,30,Actual
"Mali, Republic of",2024-01-01,50,Actual
"Mali, Republic of",2024-02-01,35,Actual
"Mali, Republic of",2024-03-01,25,Actual
"Mali, Republic of",2024-04-01,35,Actual
"Mali, Republic of",2024-05-01,60,Actual
"Mali, Republic of",2024-06-01,40,Actual
"Mali, Republic of",2024-07-01,55,Actual
"Mali, Republic of",2024-08-01,25,Actual
"Mali, Republic of",2024-09-01,30,Actual
"Mali, Republic of",2024-10-01,40,Actual
"Mali, Republic of",2024-11-01,45,Actual
"Mali, Republic of",2024-12-01,35,Actual
"Mali, Republic of",2025-01-01,36,Forecast
"Mali, Republic of",2025-02-01,38,Forecast
"Mali, Republic of",2025-03-01,37,Forecast
"Mali, Republic of",2025-04-01,42,Forecast
"Mali, Republic of",2025-05-01,44,Forecast
"Mali, Republic of",2025-06-01,42,Forecast
"Mali, Republic of",2025-07-01,46,Forecast
"Mali, Republic of",2025-08-01,36,Forecast
"Mali, Republic of",2025-09-01,41,Forecast
"Mali, Republic of",2025-10-01,44,Forecast
"Mali, Republic of",2025-11-01,42,Forecast
"Mali, Republic of",2025-12-01,41,Forecast
"Mali, Republic of",2026-01-01,40,Forecast
"Mali, Republic of",2026-02-01,39,Forecast
"Mali, Republic of",2026-03-01,39,Forecast
"Mali, Republic of",2026-04-01,45,Forecast
"Mali, Republic of",2026-05-01,44,Forecast
"Mali, Republic of",2026-06-01,44,Forecast
"Mali, Republic of",2026-07-01,47,Forecast
"Mali, Republic of",2026-08-01,37,Forecast
"Mali, Republic of",2026-09-01,44,Forecast
"Mali, Republic of",2026-10-01,47,Forecast
"Mali, Republic of",2026-11-01,42,Forecast
"Mali, Republic of",2026-12-01,42,Forecast
Malta,2022-01-01,0,Actual
Malta,2022-02-01,0,Actual
Malta,2022-03-01,0,Actual
Malta,2022-04-01,0,Actual
Malta,2022-05-01,0,Actual
Malta,2022-06-01,0,Actual
Malta,2022-07-01,0,Actual
Malta,2022-08-01,0,Actual
Malta,2022-09-01,0,Actual
Malta,2022-10-01,0,Actual
Malta,2022-11-01,0,Actual
Malta,2022-12-01,0,Actual
Malta,2023-01-01,0,Actual
Malta,2023-02-01,0,Actual
Malta,2023-03-01,0,Actual
Malta,2023-04-01,0,Actual
Malta,2023-05-01,0,Actual
Malta,2023-06-01,0,Actual
Malta,2023-07-01,0,Actual
Malta,2023-08-01,0,Actual
Malta,2023-09-01,0,Actual
Malta,2023-10-01,0,Actual
Malta,2023-11-01,0,Actual
Malta,2023-12-01,0,Actual
Malta,2024-01-01,0,Actual
Malta,2024-02-01,0,Actual
Malta,2024-03-01,0,Actual
Malta,2024-04-01,0,Actual
Malta,2024-05-01,0,Actual
Malta,2024-06-01,0,Actual
Malta,2024-07-01,0,Actual
Malta,2024-08-01,0,Actual
Malta,2024-09-01,5,Actual
Malta,2024-10-01,0,Actual
Malta,2024-11-01,0,Actual
Malta,2024-12-01,0,Actual
Malta,2025-01-01,0,Forecast
Malta,2025-02-01,0,Forecast
Malta,2025-03-01,0,Forecast
Malta,2025-04-01,0,Forecast
Malta,2025-05-01,0,Forecast
Malta,2025-06-01,0,Forecast
Malta,2025-07-01,0,Forecast
Malta,2025-08-01,0,Forecast
Malta,2025-09-01,3,Forecast
Malta,2025-10-01,0,Forecast
Malta,2025-11-01,0,Forecast
Malta,2025-12-01,0,Forecast
Malta,2026-01-01,1,Forecast
Malta,2026-02-01,1,Forecast
Malta,2026-03-01,1,Forecast
Malta,2026-04-01,1,Forecast
Malta,2026-05-01,1,Forecast
Malta,2026-06-01,1,Forecast
Malta,2026-07-01,1,Forecast
Malta,2026-08-01,1,Forecast
Malta,2026-09-01,3,Forecast
Malta,2026-10-01,1,Forecast
Malta,2026-11-01,1,Forecast
Malta,2026-12-01,1,Forecast
Mauritania,2022-01-01,0,Actual
Mauritania,2022-02-01,10,Actual
Mauritania,2022-03-01,15,Actual
Mauritania,2022-04-01,0,Actual
Mauritania,2022-05-01,5,Actual
Mauritania,2022-06-01,10,Actual
Mauritania,2022-07-01,10,Actual
Mauritania,2022-08-01,10,Actual
Mauritania,2022-09-01,10,Actual
Mauritania,2022-10-01,5,Actual
Mauritania,2022-11-01,5,Actual
Mauritania,2022-12-01,0,Actual
Mauritania,2023-01-01,5,Actual
Mauritania,2023-02-01,10,Actual
Mauritania,2023-03-01,10,Actual
Mauritania,2023-04-01,10,Actual
Mauritania,2023-05-01,0,Actual
Mauritania,2023-06-01,5,Actual
Mauritania,2023-07-01,10,Actual
Mauritania,2023-08-01,10,Actual
Mauritania,2023-09-01,15,Actual
Mauritania,2023-10-01,15,Actual
Mauritania,2023-11-01,30,Actual
Mauritania,2023-12-01,0,Actual
Mauritania,2024-01-01,15,Actual
Mauritania,2024-02-01,10,Actual
Mauritania,2024-03-01,5,Actual
Mauritania,2024-04-01,10,Actual
Mauritania,2024-05-01,10,Actual
Mauritania,2024-06-01,10,Actual
Mauritania,2024-07-01,20,Actual
Mauritania,2024-08-01,15,Actual
Mauritania,2024-09-01,15,Actual
Mauritania,2024-10-01,5,Actual
Mauritania,2024-11-01,0,Actual
Mauritania,2024-12-01,10,Actual
Mauritania,2025-01-01,10,Forecast
Mauritania,2025-02-01,14,Forecast
Mauritania,2025-03-01,11,Forecast
Mauritania,2025-04-01,10,Forecast
Mauritania,2025-05-01,9,Forecast
Mauritania,2025-06-01,11,Forecast
Mauritania,2025-07-01,14,Forecast
Mauritania,2025-08-01,13,Forecast
Mauritania,2025-09-01,14,Forecast
Mauritania,2025-10-01,11,Forecast
Mauritania,2025-11-01,11,Forecast
Mauritania,2025-12-01,9,Forecast
Mauritania,2026-01-01,11,Forecast
Mauritania,2026-02-01,14,Forecast
Mauritania,2026-03-01,13,Forecast
Mauritania,2026-04-01,11,Forecast
Mauritania,2026-05-01,10,Forecast
Mauritania,2026-06-01,12,Forecast
Mauritania,2026-07-01,14,Forecast
Mauritania,2026-08-01,14,Forecast
Mauritania,2026-09-01,14,Forecast
Mauritania,2026-10-01,12,Forecast
Mauritania,2026-11-01,14,Forecast
Mauritania,2026-12-01,9,Forecast
Mauritius,2022-01-01,50,Actual
Mauritius,2022-02-01,50,Actual
Mauritius,2022-03-01,65,Actual
Mauritius,2022-04-01,105,Actual
Mauritius,2022-05-01,125,Actual
Mauritius,2022-06-01,120,Actual
Mauritius,2022-07-01,100,Actual
Mauritius,2022-08-01,105,Actual
Mauritius,2022-09-01,95,Actual
Mauritius,2022-10-01,45,Actual
Mauritius,2022-11-01,90,Actual
Mauritius,2022-12-01,75,Actual
Mauritius,2023-01-01,65,Actual
Mauritius,2023-02-01,100,Actual
Mauritius,2023-03-01,135,Actual
Mauritius,2023-04-01,75,Actual
Mauritius,2023-05-01,125,Actual
Mauritius,2023-06-01,100,Actual
Mauritius,2023-07-01,110,Actual
Mauritius,2023-08-01,90,Actual
Mauritius,2023-09-01,120,Actual
Mauritius,2023-10-01,70,Actual
Mauritius,2023-11-01,75,Actual
Mauritius,2023-12-01,85,Actual
Mauritius,2024-01-01,115,Actual
Mauritius,2024-02-01,100,Actual
Mauritius,2024-03-01,125,Actual
Mauritius,2024-04-01,220,Actual
Mauritius,2024-05-01,170,Actual
Mauritius,2024-06-01,135,Actual
Mauritius,2024-07-01,200,Actual
Mauritius,2024-08-01,160,Actual
Mauritius,2024-09-01,140,Actual
Mauritius,2024-10-01,125,Actual
Mauritius,2024-11-01,95,Actual
Mauritius,2024-12-01,130,Actual
Mauritius,2025-01-01,128,Forecast
Mauritius,2025-02-01,132,Forecast
Mauritius,2025-03-01,141,Forecast
Mauritius,2025-04-01,161,Forecast
Mauritius,2025-05-01,159,Forecast
Mauritius,2025-06-01,147,Forecast
Mauritius,2025-07-01,160,Forecast
Mauritius,2025-08-01,150,Forecast
Mauritius,2025-09-01,148,Forecast
Mauritius,2025-10-01,131,Forecast
Mauritius,2025-11-01,132,Forecast
Mauritius,2025-12-01,139,Forecast
Mauritius,2026-01-01,142,Forecast
Mauritius,2026-02-01,146,Forecast
Mauritius,2026-03-01,160,Forecast
Mauritius,2026-04-01,169,Forecast
Mauritius,2026-05-01,175,Forecast
Mauritius,2026-06-01,165,Forecast
Mauritius,2026-07-01,172,Forecast
Mauritius,2026-08-01,163,Forecast
Mauritius,2026-09-01,164,Forecast
Mauritius,2026-10-01,144,Forecast
Mauritius,2026-11-01,148,Forecast
Mauritius,2026-12-01,152,Forecast
Mexico,2022-01-01,665,Actual
Mexico,2022-02-01,620,Actual
Mexico,2022-03-01,670,Actual
Mexico,2022-04-01,455,Actual
Mexico,2022-05-01,445,Actual
Mexico,2022-06-01,540,Actual
Mexico,2022-07-01,450,Actual
Mexico,2022-08-01,505,Actual
Mexico,2022-09-01,390,Actual
Mexico,2022-10-01,195,Actual
Mexico,2022-11-01,110,Actual
Mexico,2022-12-01,185,Actual
Mexico,2023-01-01,885,Actual
Mexico,2023-02-01,685,Actual
Mexico,2023-03-01,700,Actual
Mexico,2023-04-01,270,Actual
Mexico,2023-05-01,445,Actual
Mexico,2023-06-01,355,Actual
Mexico,2023-07-01,385,Actual
Mexico,2023-08-01,450,Actual
Mexico,2023-09-01,285,Actual
Mexico,2023-10-01,375,Actual
Mexico,2023-11-01,240,Actual
Mexico,2023-12-01,660,Actual
Mexico,2024-01-01,770,Actual
Mexico,2024-02-01,595,Actual
Mexico,2024-03-01,480,Actual
Mexico,2024-04-01,540,Actual
Mexico,2024-05-01,705,Actual
Mexico,2024-06-01,420,Actual
Mexico,2024-07-01,530,Actual
Mexico,2024-08-01,655,Actual
Mexico,2024-09-01,330,Actual
Mexico,2024-10-01,320,Actual
Mexico,2024-11-01,670,Actual
Mexico,2024-12-01,400,Actual
Mexico,2025-01-01,712,Forecast
Mexico,2025-02-01,667,Forecast
Mexico,2025-03-01,595,Forecast
Mexico,2025-04-01,532,Forecast
Mexico,2025-05-01,607,Forecast
Mexico,2025-06-01,514,Forecast
Mexico,2025-07-01,544,Forecast
Mexico,2025-08-01,601,Forecast
Mexico,2025-09-01,463,Forecast
Mexico,2025-10-01,442,Forecast
Mexico,2025-11-01,521,Forecast
Mexico,2025-12-01,504,Forecast
Mexico,2026-01-01,747,Forecast
Mexico,2026-02-01,686,Forecast
Mexico,2026-03-01,665,Forecast
Mexico,2026-04-01,560,Forecast
Mexico,2026-05-01,624,Forecast
Mexico,2026-06-01,570,Forecast
Mexico,2026-07-01,584,Forecast
Mexico,2026-08-01,628,Forecast
Mexico,2026-09-01,523,Forecast
Mexico,2026-10-01,506,Forecast
Mexico,2026-11-01,520,Forecast
Mexico,2026-12-01,574,Forecast
Moldova,2022-01-01,10,Actual
Moldova,2022-02-01,15,Actual
Moldova,2022-03-01,40,Actual
Moldova,2022-04-01,10,Actual
Moldova,2022-05-01,30,Actual
Moldova,2022-06-01,20,Actual
Moldova,2022-07-01,20,Actual
Moldova,2022-08-01,5,Actual
Moldova,2022-09-01,30,Actual
Moldova,2022-10-01,15,Actual
Moldova,2022-11-01,15,Actual
Moldova,2022-12-01,0,Actual
Moldova,2023-01-01,25,Actual
Moldova,2023-02-01,5,Actual
Moldova,2023-03-01,10,Actual
Moldova,2023-04-01,10,Actual
Moldova,2023-05-01,10,Actual
Moldova,2023-06-01,15,Actual
Moldova,2023-07-01,10,Actual
Moldova,2023-08-01,15,Actual
Moldova,2023-09-01,20,Actual
Moldova,2023-10-01,5,Actual
Moldova,2023-11-01,10,Actual
Moldova,2023-12-01,5,Actual
Moldova,2024-01-01,5,Actual
Moldova,2024-02-01,5,Actual
Moldova,2024-03-01,10,Actual
Moldova,2024-04-01,10,Actual
Moldova,2024-05-01,10,Actual
Moldova,2024-06-01,5,Actual
Moldova,2024-07-01,15,Actual
Moldova,2024-08-01,25,Actual
Moldova,2024-09-01,5,Actual
Moldova,2024-10-01,10,Actual
Moldova,2024-11-01,20,Actual
Moldova,2024-12-01,0,Actual
Moldova,2025-01-01,7,Forecast
Moldova,2025-02-01,7,Forecast
Moldova,2025-03-01,11,Forecast
Moldova,2025-04-01,5,Forecast
Moldova,2025-05-01,11,Forecast
Moldova,2025-06-01,7,Forecast
Moldova,2025-07-01,8,Forecast
Moldova,2025-08-01,9,Forecast
Moldova,2025-09-01,10,Forecast
Moldova,2025-10-01,6,Forecast
Moldova,2025-11-01,9,Forecast
Moldova,2025-12-01,2,Forecast
Moldova,2026-01-01,5,Forecast
Moldova,2026-02-01,3,Forecast
Moldova,2026-03-01,9,Forecast
Moldova,2026-04-01,4,Forecast
Moldova,2026-05-01,7,Forecast
Moldova,2026-06-01,6,Forecast
Moldova,2026-07-01,7,Forecast
Moldova,2026-08-01,6,Forecast
Moldova,2026-09-01,9,Forecast
Moldova,2026-10-01,4,Forecast
Moldova,2026-11-01,6,Forecast
Moldova,2026-12-01,0,Forecast
Monaco,2022-01-01,0,Actual
Monaco,2022-02-01,0,Actual
Monaco,2022-03-01,0,Actual
Monaco,2022-04-01,0,Actual
Monaco,2022-05-01,0,Actual
Monaco,2022-06-01,0,Actual
Monaco,2022-07-01,0,Actual
Monaco,2022-08-01,0,Actual
Monaco,2022-09-01,0,Actual
Monaco,2022-10-01,0,Actual
Monaco,2022-11-01,0,Actual
Monaco,2022-12-01,0,Actual
Monaco,2023-01-01,0,Actual
Monaco,2023-02-01,0,Actual
Monaco,2023-03-01,0,Actual
Monaco,2023-04-01,0,Actual
Monaco,2023-05-01,0,Actual
Monaco,2023-06-01,0,Actual
Monaco,2023-07-01,0,Actual
Monaco,2023-08-01,0,Actual
Monaco,2023-09-01,0,Actual
Monaco,2023-10-01,0,Actual
Monaco,2023-11-01,0,Actual
Monaco,2023-12-01,0,Actual
Monaco,2024-01-01,0,Actual
Monaco,2024-02-01,0,Actual
Monaco,2024-03-01,0,Actual
Monaco,2024-04-01,0,Actual
Monaco,2024-05-01,0,Actual
Monaco,2024-06-01,0,Actual
Monaco,2024-07-01,0,Actual
Monaco,2024-08-01,0,Actual
Monaco,2024-09-01,0,Actual
Monaco,2024-10-01,0,Actual
Monaco,2024-11-01,0,Actual
Monaco,2024-12-01,0,Actual
Monaco,2025-01-01,0,Forecast
Monaco,2025-02-01,0,Forecast
Monaco,2025-03-01,0,Forecast
Monaco,2025-04-01,0,Forecast
Monaco,2025-05-01,0,Forecast
Monaco,2025-06-01,0,Forecast
Monaco,2025-07-01,0,Forecast
Monaco,2025-08-01,0,Forecast
Monaco,2025-09-01,0,Forecast
Monaco,2025-10-01,0,Forecast
Monaco,2025-11-01,0,Forecast
Monaco,2025-12-01,0,Forecast
Monaco,2026-01-01,0,Forecast
Monaco,2026-02-01,0,Forecast
Monaco,2026-03-01,0,Forecast
Monaco,2026-04-01,0,Forecast
Monaco,2026-05-01,0,Forecast
Monaco,2026-06-01,0,Forecast
Monaco,2026-07-01,0,Forecast
Monaco,2026-08-01,0,Forecast
Monaco,2026-09-01,0,Forecast
Monaco,2026-10-01,0,Forecast
Monaco,2026-11-01,0,Forecast
Monaco,2026-12-01,0,Forecast
"Mongolia, People's Republic of",2022-01-01,20,Actual
"Mongolia, People's Republic of",2022-02-01,10,Actual
"Mongolia, People's Republic of",2022-03-01,5,Actual
"Mongolia, People's Republic of",2022-04-01,15,Actual
"Mongolia, People's Republic of",2022-05-01,10,Actual
"Mongolia, People's Republic of",2022-06-01,5,Actual
"Mongolia, People's Republic of",2022-07-01,10,Actual
"Mongolia, People's Republic of",2022-08-01,0,Actual
"Mongolia, People's Republic of",2022-09-01,0,Actual
"Mongolia, People's Republic of",2022-10-01,0,Actual
"Mongolia, People's Republic of",2022-11-01,0,Actual
"Mongolia, People's Republic of",2022-12-01,10,Actual
"Mongolia, People's Republic of",2023-01-01,10,Actual
"Mongolia, People's Republic of",2023-02-01,15,Actual
"Mongolia, People's Republic of",2023-03-01,20,Actual
"Mongolia, People's Republic of",2023-04-01,0,Actual
"Mongolia, People's Republic of",2023-05-01,10,Actual
"Mongolia, People's Republic of",2023-06-01,25,Actual
"Mongolia, People's Republic of",2023-07-01,20,Actual
"Mongolia, People's Republic of",2023-08-01,10,Actual
"Mongolia, People's Republic of",2023-09-01,10,Actual
"Mongolia, People's Republic of",2023-10-01,0,Actual
"Mongolia, People's Republic of",2023-11-01,10,Actual
"Mongolia, People's Republic of",2023-12-01,15,Actual
"Mongolia, People's Republic of",2024-01-01,10,Actual
"Mongolia, People's Republic of",2024-02-01,10,Actual
"Mongolia, People's Republic of",2024-03-01,5,Actual
"Mongolia, People's Republic of",2024-04-01,10,Actual
"Mongolia, People's Republic of",2024-05-01,20,Actual
"Mongolia, People's Republic of",2024-06-01,10,Actual
"Mongolia, People's Republic of",2024-07-01,10,Actual
"Mongolia, People's Republic of",2024-08-01,20,Actual
"Mongolia, People's Republic of",2024-09-01,20,Actual
"Mongolia, People's Republic of",2024-10-01,5,Actual
"Mongolia, People's Republic of",2024-11-01,5,Actual
"Mongolia, People's Republic of",2024-12-01,10,Actual
"Mongolia, People's Republic of",2025-01-01,18,Forecast
"Mongolia, People's Republic of",2025-02-01,15,Forecast
"Mongolia, People's Republic of",2025-03-01,12,Forecast
"Mongolia, People's Republic of",2025-04-01,12,Forecast
"Mongolia, People's Republic of",2025-05-01,15,Forecast
"Mongolia, People's Republic of",2025-06-01,14,Forecast
"Mongolia, People's Republic of",2025-07-01,14,Forecast
"Mongolia, People's Republic of",2025-08-01,14,Forecast
"Mongolia, People's Republic of",2025-09-01,13,Forecast
"Mongolia, People's Republic of",2025-10-01,9,Forecast
"Mongolia, People's Republic of",2025-11-01,10,Forecast
"Mongolia, People's Republic of",2025-12-01,13,Forecast
"Mongolia, People's Republic of",2026-01-01,17,Forecast
"Mongolia, People's Republic of",2026-02-01,16,Forecast
"Mongolia, People's Republic of",2026-03-01,15,Forecast
"Mongolia, People's Republic of",2026-04-01,13,Forecast
"Mongolia, People's Republic of",2026-05-01,16,Forecast
"Mongolia, People's Republic of",2026-06-01,16,Forecast
"Mongolia, People's Republic of",2026-07-01,16,Forecast
"Mongolia, People's Republic of",2026-08-01,14,Forecast
"Mongolia, People's Republic of",2026-09-01,14,Forecast
"Mongolia, People's Republic of",2026-10-01,10,Forecast
"Mongolia, People's Republic of",2026-11-01,12,Forecast
"Mongolia, People's Republic of",2026-12-01,15,Forecast
"Montenegro, Republic of",2022-01-01,0,Actual
"Montenegro, Republic of",2022-02-01,0,Actual
"Montenegro, Republic of",2022-03-01,0,Actual
"Montenegro, Republic of",2022-04-01,0,Actual
"Montenegro, Republic of",2022-05-01,0,Actual
"Montenegro, Republic of",2022-06-01,0,Actual
"Montenegro, Republic of",2022-07-01,0,Actual
"Montenegro, Republic of",2022-08-01,0,Actual
"Montenegro, Republic of",2022-09-01,0,Actual
"Montenegro, Republic of",2022-10-01,0,Actual
"Montenegro, Republic of",2022-11-01,0,Actual
"Montenegro, Republic of",2022-12-01,0,Actual
"Montenegro, Republic of",2023-01-01,0,Actual
"Montenegro, Republic of",2023-02-01,0,Actual
"Montenegro, Republic of",2023-03-01,0,Actual
"Montenegro, Republic of",2023-04-01,0,Actual
"Montenegro, Republic of",2023-05-01,0,Actual
"Montenegro, Republic of",2023-06-01,0,Actual
"Montenegro, Republic of",2023-07-01,0,Actual
"Montenegro, Republic of",2023-08-01,0,Actual
"Montenegro, Republic of",2023-09-01,0,Actual
"Montenegro, Republic of",2023-10-01,0,Actual
"Montenegro, Republic of",2023-11-01,0,Actual
"Montenegro, Republic of",2023-12-01,0,Actual
"Montenegro, Republic of",2024-01-01,0,Actual
"Montenegro, Republic of",2024-02-01,0,Actual
"Montenegro, Republic of",2024-03-01,0,Actual
"Montenegro, Republic of",2024-04-01,5,Actual
"Montenegro, Republic of",2024-05-01,0,Actual
"Montenegro, Republic of",2024-06-01,0,Actual
"Montenegro, Republic of",2024-07-01,5,Actual
"Montenegro, Republic of",2024-08-01,0,Actual
"Montenegro, Republic of",2024-09-01,0,Actual
"Montenegro, Republic of",2024-10-01,0,Actual
"Montenegro, Republic of",2024-11-01,0,Actual
"Montenegro, Republic of",2024-12-01,0,Actual
Morocco,2022-01-01,205,Actual
Morocco,2022-02-01,315,Actual
Morocco,2022-03-01,420,Actual
Morocco,2022-04-01,400,Actual
Morocco,2022-05-01,545,Actual
Morocco,2022-06-01,640,Actual
Morocco,2022-07-01,810,Actual
Morocco,2022-08-01,520,Actual
Morocco,2022-09-01,920,Actual
Morocco,2022-10-01,575,Actual
Morocco,2022-11-01,515,Actual
Morocco,2022-12-01,515,Actual
Morocco,2023-01-01,370,Actual
Morocco,2023-02-01,450,Actual
Morocco,2023-03-01,480,Actual
Morocco,2023-04-01,455,Actual
Morocco,2023-05-01,520,Actual
Morocco,2023-06-01,685,Actual
Morocco,2023-07-01,830,Actual
Morocco,2023-08-01,395,Actual
Morocco,2023-09-01,705,Actual
Morocco,2023-10-01,580,Actual
Morocco,2023-11-01,500,Actual
Morocco,2023-12-01,435,Actual
Morocco,2024-01-01,470,Actual
Morocco,2024-02-01,525,Actual
Morocco,2024-03-01,405,Actual
Morocco,2024-04-01,730,Actual
Morocco,2024-05-01,670,Actual
Morocco,2024-06-01,875,Actual
Morocco,2024-07-01,1020,Actual
Morocco,2024-08-01,635,Actual
Morocco,2024-09-01,705,Actual
Morocco,2024-10-01,580,Actual
Morocco,2024-11-01,570,Actual
Morocco,2024-12-01,450,Actual
Morocco,2025-01-01,478,Forecast
Morocco,2025-02-01,535,Forecast
Morocco,2025-03-01,486,Forecast
Morocco,2025-04-01,636,Forecast
Morocco,2025-05-01,636,Forecast
Morocco,2025-06-01,765,Forecast
Morocco,2025-07-01,880,Forecast
Morocco,2025-08-01,602,Forecast
Morocco,2025-09-01,736,Forecast
Morocco,2025-10-01,614,Forecast
Morocco,2025-11-01,594,Forecast
Morocco,2025-12-01,530,Forecast
Morocco,2026-01-01,501,Forecast
Morocco,2026-02-01,555,Forecast
Morocco,2026-03-01,534,Forecast
Morocco,2026-04-01,651,Forecast
Morocco,2026-05-01,667,Forecast
Morocco,2026-06-01,793,Forecast
Morocco,2026-07-01,908,Forecast
Morocco,2026-08-01,624,Forecast
Morocco,2026-09-01,776,Forecast
Morocco,2026-10-01,645,Forecast
Morocco,2026-11-01,615,Forecast
Morocco,2026-12-01,555,Forecast
Mozambique,2022-01-01,0,Actual
Mozambique,2022-02-01,0,Actual
Mozambique,2022-03-01,0,Actual
Mozambique,2022-04-01,0,Actual
Mozambique,2022-05-01,0,Actual
Mozambique,2022-06-01,0,Actual
Mozambique,2022-07-01,0,Actual
Mozambique,2022-08-01,0,Actual
Mozambique,2022-09-01,0,Actual
Mozambique,2022-10-01,0,Actual
Mozambique,2022-11-01,0,Actual
Mozambique,2022-12-01,0,Actual
Mozambique,2023-01-01,5,Actual
Mozambique,2023-02-01,0,Actual
Mozambique,2023-03-01,0,Actual
Mozambique,2023-04-01,0,Actual
Mozambique,2023-05-01,0,Actual
Mozambique,2023-06-01,0,Actual
Mozambique,2023-07-01,0,Actual
Mozambique,2023-08-01,0,Actual
Mozambique,2023-09-01,0,Actual
Mozambique,2023-10-01,0,Actual
Mozambique,2023-11-01,0,Actual
Mozambique,2023-12-01,0,Actual
Mozambique,2024-01-01,0,Actual
Mozambique,2024-02-01,0,Actual
Mozambique,2024-03-01,0,Actual
Mozambique,2024-04-01,5,Actual
Mozambique,2024-05-01,0,Actual
Mozambique,2024-06-01,0,Actual
Mozambique,2024-07-01,0,Actual
Mozambique,2024-08-01,0,Actual
Mozambique,2024-09-01,0,Actual
Mozambique,2024-10-01,0,Actual
Mozambique,2024-11-01,0,Actual
Mozambique,2024-12-01,0,Actual
Mozambique,2025-01-01,1,Forecast
Mozambique,2025-02-01,0,Forecast
Mozambique,2025-03-01,0,Forecast
Mozambique,2025-04-01,1,Forecast
Mozambique,2025-05-01,0,Forecast
Mozambique,2025-06-01,0,Forecast
Mozambique,2025-07-01,0,Forecast
Mozambique,2025-08-01,0,Forecast
Mozambique,2025-09-01,0,Forecast
Mozambique,2025-10-01,0,Forecast
Mozambique,2025-11-01,0,Forecast
Mozambique,2025-12-01,0,Forecast
Mozambique,2026-01-01,1,Forecast
Mozambique,2026-02-01,0,Forecast
Mozambique,2026-03-01,0,Forecast
Mozambique,2026-04-01,1,Forecast
Mozambique,2026-05-01,0,Forecast
Mozambique,2026-06-01,0,Forecast
Mozambique,2026-07-01,0,Forecast
Mozambique,2026-08-01,0,Forecast
Mozambique,2026-09-01,0,Forecast
Mozambique,2026-10-01,0,Forecast
Mozambique,2026-11-01,0,Forecast
Mozambique,2026-12-01,0,Forecast
Myanmar (Burma),2022-01-01,20,Actual
Myanmar (Burma),2022-02-01,15,Actual
Myanmar (Burma),2022-03-01,15,Actual
Myanmar (Burma),2022-04-01,10,Actual
Myanmar (Burma),2022-05-01,10,Actual
Myanmar (Burma),2022-06-01,15,Actual
Myanmar (Burma),2022-07-01,25,Actual
Myanmar (Burma),2022-08-01,15,Actual
Myanmar (Burma),2022-09-01,35,Actual
Myanmar (Burma),2022-10-01,10,Actual
Myanmar (Burma),2022-11-01,10,Actual
Myanmar (Burma),2022-12-01,10,Actual
Myanmar (Burma),2023-01-01,5,Actual
Myanmar (Burma),2023-02-01,5,Actual
Myanmar (Burma),2023-03-01,25,Actual
Myanmar (Burma),2023-04-01,0,Actual
Myanmar (Burma),2023-05-01,15,Actual
Myanmar (Burma),2023-06-01,45,Actual
Myanmar (Burma),2023-07-01,20,Actual
Myanmar (Burma),2023-08-01,20,Actual
Myanmar (Burma),2023-09-01,20,Actual
Myanmar (Burma),2023-10-01,40,Actual
Myanmar (Burma),2023-11-01,30,Actual
Myanmar (Burma),2023-12-01,30,Actual
Myanmar (Burma),2024-01-01,30,Actual
Myanmar (Burma),2024-02-01,15,Actual
Myanmar (Burma),2024-03-01,15,Actual
Myanmar (Burma),2024-04-01,30,Actual
Myanmar (Burma),2024-05-01,50,Actual
Myanmar (Burma),2024-06-01,55,Actual
Myanmar (Burma),2024-07-01,25,Actual
Myanmar (Burma),2024-08-01,10,Actual
Myanmar (Burma),2024-09-01,40,Actual
Myanmar (Burma),2024-10-01,25,Actual
Myanmar (Burma),2024-11-01,25,Actual
Myanmar (Burma),2024-12-01,15,Actual
Myanmar (Burma),2025-01-01,26,Forecast
Myanmar (Burma),2025-02-01,22,Forecast
Myanmar (Burma),2025-03-01,22,Forecast
Myanmar (Burma),2025-04-01,21,Forecast
Myanmar (Burma),2025-05-01,28,Forecast
Myanmar (Burma),2025-06-01,33,Forecast
Myanmar (Burma),2025-07-01,25,Forecast
Myanmar (Burma),2025-08-01,21,Forecast
Myanmar (Burma),2025-09-01,31,Forecast
Myanmar (Burma),2025-10-01,26,Forecast
Myanmar (Burma),2025-11-01,25,Forecast
Myanmar (Burma),2025-12-01,23,Forecast
Myanmar (Burma),2026-01-01,28,Forecast
Myanmar (Burma),2026-02-01,24,Forecast
Myanmar (Burma),2026-03-01,28,Forecast
Myanmar (Burma),2026-04-01,24,Forecast
Myanmar (Burma),2026-05-01,30,Forecast
Myanmar (Burma),2026-06-01,37,Forecast
Myanmar (Burma),2026-07-01,29,Forecast
Myanmar (Burma),2026-08-01,26,Forecast
Myanmar (Burma),2026-09-01,33,Forecast
Myanmar (Burma),2026-10-01,30,Forecast
Myanmar (Burma),2026-11-01,28,Forecast
Myanmar (Burma),2026-12-01,27,Forecast
Namibia,2022-01-01,15,Actual
Namibia,2022-02-01,10,Actual
Namibia,2022-03-01,0,Actual
Namibia,2022-04-01,5,Actual
Namibia,2022-05-01,10,Actual
Namibia,2022-06-01,0,Actual
Namibia,2022-07-01,10,Actual
Namibia,2022-08-01,0,Actual
Namibia,2022-09-01,5,Actual
Namibia,2022-10-01,0,Actual
Namibia,2022-11-01,5,Actual
Namibia,2022-12-01,0,Actual
Namibia,2023-01-01,20,Actual
Namibia,2023-02-01,10,Actual
Namibia,2023-03-01,5,Actual
Namibia,2023-04-01,0,Actual
Namibia,2023-05-01,5,Actual
Namibia,2023-06-01,5,Actual
Namibia,2023-07-01,10,Actual
Namibia,2023-08-01,0,Actual
Namibia,2023-09-01,0,Actual
Namibia,2023-10-01,0,Actual
Namibia,2023-11-01,0,Actual
Namibia,2023-12-01,5,Actual
Namibia,2024-01-01,10,Actual
Namibia,2024-02-01,0,Actual
Namibia,2024-03-01,5,Actual
Namibia,2024-04-01,5,Actual
Namibia,2024-05-01,0,Actual
Namibia,2024-06-01,5,Actual
Namibia,2024-07-01,0,Actual
Namibia,2024-08-01,5,Actual
Namibia,2024-09-01,10,Actual
Namibia,2024-10-01,0,Actual
Namibia,2024-11-01,0,Actual
Namibia,2024-12-01,0,Actual
Namibia,2025-01-01,9,Forecast
Namibia,2025-02-01,5,Forecast
Namibia,2025-03-01,3,Forecast
Namibia,2025-04-01,4,Forecast
Namibia,2025-05-01,3,Forecast
Namibia,2025-06-01,3,Forecast
Namibia,2025-07-01,4,Forecast
Namibia,2025-08-01,3,Forecast
Namibia,2025-09-01,6,Forecast
Namibia,2025-10-01,1,Forecast
Namibia,2025-11-01,2,Forecast
Namibia,2025-12-01,1,Forecast
Namibia,2026-01-01,9,Forecast
Namibia,2026-02-01,5,Forecast
Namibia,2026-03-01,3,Forecast
Namibia,2026-04-01,3,Forecast
Namibia,2026-05-01,4,Forecast
Namibia,2026-06-01,3,Forecast
Namibia,2026-07-01,5,Forecast
Namibia,2026-08-01,2,Forecast
Namibia,2026-09-01,3,Forecast
Namibia,2026-10-01,1,Forecast
Namibia,2026-11-01,2,Forecast
Namibia,2026-12-01,2,Forecast
Nepal,2022-01-01,135,Actual
Nepal,2022-02-01,135,Actual
Nepal,2022-03-01,130,Actual
Nepal,2022-04-01,95,Actual
Nepal,2022-05-01,130,Actual
Nepal,2022-06-01,140,Actual
Nepal,2022-07-01,120,Actual
Nepal,2022-08-01,95,Actual
Nepal,2022-09-01,120,Actual
Nepal,2022-10-01,105,Actual
Nepal,2022-11-01,110,Actual
Nepal,2022-12-01,115,Actual
Nepal,2023-01-01,190,Actual
Nepal,2023-02-01,170,Actual
Nepal,2023-03-01,140,Actual
Nepal,2023-04-01,95,Actual
Nepal,2023-05-01,215,Actual
Nepal,2023-06-01,165,Actual
Nepal,2023-07-01,145,Actual
Nepal,2023-08-01,145,Actual
Nepal,2023-09-01,150,Actual
Nepal,2023-10-01,110,Actual
Nepal,2023-11-01,105,Actual
Nepal,2023-12-01,135,Actual
Nepal,2024-01-01,225,Actual
Nepal,2024-02-01,150,Actual
Nepal,2024-03-01,160,Actual
Nepal,2024-04-01,215,Actual
Nepal,2024-05-01,205,Actual
Nepal,2024-06-01,185,Actual
Nepal,2024-07-01,205,Actual
Nepal,2024-08-01,145,Actual
Nepal,2024-09-01,120,Actual
Nepal,2024-10-01,125,Actual
Nepal,2024-11-01,140,Actual
Nepal,2024-12-01,125,Actual
Nepal,2025-01-01,183,Forecast
Nepal,2025-02-01,174,Forecast
Nepal,2025-03-01,168,Forecast
Nepal,2025-04-01,175,Forecast
Nepal,2025-05-01,188,Forecast
Nepal,2025-06-01,178,Forecast
Nepal,2025-07-01,183,Forecast
Nepal,2025-08-01,157,Forecast
Nepal,2025-09-01,156,Forecast
Nepal,2025-10-01,151,Forecast
Nepal,2025-11-01,158,Forecast
Nepal,2025-12-01,154,Forecast
Nepal,2026-01-01,194,Forecast
Nepal,2026-02-01,185,Forecast
Nepal,2026-03-01,179,Forecast
Nepal,2026-04-01,172,Forecast
Nepal,2026-05-01,200,Forecast
Nepal,2026-06-01,189,Forecast
Nepal,2026-07-01,184,Forecast
Nepal,2026-08-01,171,Forecast
Nepal,2026-09-01,173,Forecast
Nepal,2026-10-01,163,Forecast
Nepal,2026-11-01,165,Forecast
Nepal,2026-12-01,169,Forecast
New Caledonia,2022-01-01,0,Actual
New Caledonia,2022-02-01,0,Actual
New Caledonia,2022-03-01,0,Actual
New Caledonia,2022-04-01,0,Actual
New Caledonia,2022-05-01,0,Actual
New Caledonia,2022-06-01,0,Actual
New Caledonia,2022-07-01,0,Actual
New Caledonia,2022-08-01,0,Actual
New Caledonia,2022-09-01,0,Actual
New Caledonia,2022-10-01,0,Actual
New Caledonia,2022-11-01,0,Actual
New Caledonia,2022-12-01,0,Actual
New Caledonia,2023-01-01,0,Actual
New Caledonia,2023-02-01,0,Actual
New Caledonia,2023-03-01,0,Actual
New Caledonia,2023-04-01,0,Actual
New Caledonia,2023-05-01,0,Actual
New Caledonia,2023-06-01,0,Actual
New Caledonia,2023-07-01,0,Actual
New Caledonia,2023-08-01,0,Actual
New Caledonia,2023-09-01,0,Actual
New Caledonia,2023-10-01,0,Actual
New Caledonia,2023-11-01,0,Actual
New Caledonia,2023-12-01,0,Actual
New Caledonia,2024-01-01,0,Actual
New Caledonia,2024-02-01,0,Actual
New Caledonia,2024-03-01,0,Actual
New Caledonia,2024-04-01,0,Actual
New Caledonia,2024-05-01,0,Actual
New Caledonia,2024-06-01,0,Actual
New Caledonia,2024-07-01,0,Actual
New Caledonia,2024-08-01,0,Actual
New Caledonia,2024-09-01,0,Actual
New Caledonia,2024-10-01,0,Actual
New Caledonia,2024-11-01,0,Actual
New Caledonia,2024-12-01,0,Actual
New Caledonia,2025-01-01,0,Forecast
New Caledonia,2025-02-01,0,Forecast
New Caledonia,2025-03-01,0,Forecast
New Caledonia,2025-04-01,0,Forecast
New Caledonia,2025-05-01,0,Forecast
New Caledonia,2025-06-01,0,Forecast
New Caledonia,2025-07-01,0,Forecast
New Caledonia,2025-08-01,0,Forecast
New Caledonia,2025-09-01,0,Forecast
New Caledonia,2025-10-01,0,Forecast
New Caledonia,2025-11-01,0,Forecast
New Caledonia,2025-12-01,0,Forecast
New Caledonia,2026-01-01,0,Forecast
New Caledonia,2026-02-01,0,Forecast
New Caledonia,2026-03-01,0,Forecast
New Caledonia,2026-04-01,0,Forecast
New Caledonia,2026-05-01,0,Forecast
New Caledonia,2026-06-01,0,Forecast
New Caledonia,2026-07-01,0,Forecast
New Caledonia,2026-08-01,0,Forecast
New Caledonia,2026-09-01,0,Forecast
New Caledonia,2026-10-01,0,Forecast
New Caledonia,2026-11-01,0,Forecast
New Caledonia,2026-12-01,0,Forecast
New Zealand,2022-01-01,40,Actual
New Zealand,2022-02-01,40,Actual
New Zealand,2022-03-01,55,Actual
New Zealand,2022-04-01,50,Actual
New Zealand,2022-05-01,35,Actual
New Zealand,2022-06-01,35,Actual
New Zealand,2022-07-01,50,Actual
New Zealand,2022-08-01,30,Actual
New Zealand,2022-09-01,35,Actual
New Zealand,2022-10-01,15,Actual
New Zealand,2022-11-01,15,Actual
New Zealand,2022-12-01,10,Actual
New Zealand,2023-01-01,55,Actual
New Zealand,2023-02-01,75,Actual
New Zealand,2023-03-01,25,Actual
New Zealand,2023-04-01,25,Actual
New Zealand,2023-05-01,30,Actual
New Zealand,2023-06-01,40,Actual
New Zealand,2023-07-01,35,Actual
New Zealand,2023-08-01,35,Actual
New Zealand,2023-09-01,25,Actual
New Zealand,2023-10-01,25,Actual
New Zealand,2023-11-01,20,Actual
New Zealand,2023-12-01,20,Actual
New Zealand,2024-01-01,40,Actual
New Zealand,2024-02-01,40,Actual
New Zealand,2024-03-01,15,Actual
New Zealand,2024-04-01,40,Actual
New Zealand,2024-05-01,55,Actual
New Zealand,2024-06-01,40,Actual
New Zealand,2024-07-01,35,Actual
New Zealand,2024-08-01,45,Actual
New Zealand,2024-09-01,25,Actual
New Zealand,2024-10-01,30,Actual
New Zealand,2024-11-01,25,Actual
New Zealand,2024-12-01,30,Actual
New Zealand,2025-01-01,40,Forecast
New Zealand,2025-02-01,43,Forecast
New Zealand,2025-03-01,31,Forecast
New Zealand,2025-04-01,38,Forecast
New Zealand,2025-05-01,40,Forecast
New Zealand,2025-06-01,37,Forecast
New Zealand,2025-07-01,37,Forecast
New Zealand,2025-08-01,37,Forecast
New Zealand,2025-09-01,31,Forecast
New Zealand,2025-10-01,29,Forecast
New Zealand,2025-11-01,27,Forecast
New Zealand,2025-12-01,28,Forecast
New Zealand,2026-01-01,40,Forecast
New Zealand,2026-02-01,43,Forecast
New Zealand,2026-03-01,34,Forecast
New Zealand,2026-04-01,37,Forecast
New Zealand,2026-05-01,37,Forecast
New Zealand,2026-06-01,37,Forecast
New Zealand,2026-07-01,38,Forecast
New Zealand,2026-08-01,36,Forecast
New Zealand,2026-09-01,32,Forecast
New Zealand,2026-10-01,29,Forecast
New Zealand,2026-11-01,28,Forecast
New Zealand,2026-12-01,27,Forecast
Nicaragua,2022-01-01,20,Actual
Nicaragua,2022-02-01,20,Actual
Nicaragua,2022-03-01,20,Actual
Nicaragua,2022-04-01,35,Actual
Nicaragua,2022-05-01,15,Actual
Nicaragua,2022-06-01,40,Actual
Nicaragua,2022-07-01,30,Actual
Nicaragua,2022-08-01,25,Actual
Nicaragua,2022-09-01,30,Actual
Nicaragua,2022-10-01,40,Actual
Nicaragua,2022-11-01,15,Actual
Nicaragua,2022-12-01,15,Actual
Nicaragua,2023-01-01,30,Actual
Nicaragua,2023-02-01,30,Actual
Nicaragua,2023-03-01,25,Actual
Nicaragua,2023-04-01,25,Actual
Nicaragua,2023-05-01,30,Actual
Nicaragua,2023-06-01,10,Actual
Nicaragua,2023-07-01,20,Actual
Nicaragua,2023-08-01,25,Actual
Nicaragua,2023-09-01,15,Actual
Nicaragua,2023-10-01,15,Actual
Nicaragua,2023-11-01,25,Actual
Nicaragua,2023-12-01,15,Actual
Nicaragua,2024-01-01,35,Actual
Nicaragua,2024-02-01,30,Actual
Nicaragua,2024-03-01,40,Actual
Nicaragua,2024-04-01,25,Actual
Nicaragua,2024-05-01,25,Actual
Nicaragua,2024-06-01,35,Actual
Nicaragua,2024-07-01,50,Actual
Nicaragua,2024-08-01,20,Actual
Nicaragua,2024-09-01,15,Actual
Nicaragua,2024-10-01,25,Actual
Nicaragua,2024-11-01,35,Actual
Nicaragua,2024-12-01,25,Actual
Nicaragua,2025-01-01,25,Forecast
Nicaragua,2025-02-01,26,Forecast
Nicaragua,2025-03-01,29,Forecast
Nicaragua,2025-04-01,28,Forecast
Nicaragua,2025-05-01,26,Forecast
Nicaragua,2025-06-01,29,Forecast
Nicaragua,2025-07-01,30,Forecast
Nicaragua,2025-08-01,26,Forecast
Nicaragua,2025-09-01,26,Forecast
Nicaragua,2025-10-01,28,Forecast
Nicaragua,2025-11-01,27,Forecast
Nicaragua,2025-12-01,25,Forecast
Nicaragua,2026-01-01,29,Forecast
Nicaragua,2026-02-01,28,Forecast
Nicaragua,2026-03-01,29,Forecast
Nicaragua,2026-04-01,30,Forecast
Nicaragua,2026-05-01,28,Forecast
Nicaragua,2026-06-01,29,Forecast
Nicaragua,2026-07-01,32,Forecast
Nicaragua,2026-08-01,27,Forecast
Nicaragua,2026-09-01,26,Forecast
Nicaragua,2026-10-01,29,Forecast
Nicaragua,2026-11-01,28,Forecast
Nicaragua,2026-12-01,24,Forecast
Nigeria,2022-01-01,1555,Actual
Nigeria,2022-02-01,1170,Actual
Nigeria,2022-03-01,1620,Actual
Nigeria,2022-04-01,1625,Actual
Nigeria,2022-05-01,1905,Actual
Nigeria,2022-06-01,2230,Actual
Nigeria,2022-07-01,2270,Actual
Nigeria,2022-08-01,2010,Actual
Nigeria,2022-09-01,2740,Actual
Nigeria,2022-10-01,2190,Actual
Nigeria,2022-11-01,1330,Actual
Nigeria,2022-12-01,1490,Actual
Nigeria,2023-01-01,1905,Actual
Nigeria,2023-02-01,2145,Actual
Nigeria,2023-03-01,1710,Actual
Nigeria,2023-04-01,1385,Actual
Nigeria,2023-05-01,1625,Actual
Nigeria,2023-06-01,1425,Actual
Nigeria,2023-07-01,1325,Actual
Nigeria,2023-08-01,1140,Actual
Nigeria,2023-09-01,1115,Actual
Nigeria,2023-10-01,1205,Actual
Nigeria,2023-11-01,985,Actual
Nigeria,2023-12-01,1500,Actual
Nigeria,2024-01-01,1705,Actual
Nigeria,2024-02-01,1510,Actual
Nigeria,2024-03-01,1480,Actual
Nigeria,2024-04-01,1910,Actual
Nigeria,2024-05-01,2040,Actual
Nigeria,2024-06-01,1870,Actual
Nigeria,2024-07-01,1775,Actual
Nigeria,2024-08-01,1450,Actual
Nigeria,2024-09-01,1965,Actual
Nigeria,2024-10-01,1675,Actual
Nigeria,2024-11-01,1525,Actual
Nigeria,2024-12-01,1485,Actual
Nigeria,2025-01-01,1551,Forecast
Nigeria,2025-02-01,1494,Forecast
Nigeria,2025-03-01,1586,Forecast
Nigeria,2025-04-01,1654,Forecast
Nigeria,2025-05-01,1750,Forecast
Nigeria,2025-06-01,1725,Forecast
Nigeria,2025-07-01,1695,Forecast
Nigeria,2025-08-01,1555,Forecast
Nigeria,2025-09-01,1784,Forecast
Nigeria,2025-10-01,1664,Forecast
Nigeria,2025-11-01,1475,Forecast
Nigeria,2025-12-01,1557,Forecast
Nigeria,2026-01-01,1626,Forecast
Nigeria,2026-02-01,1564,Forecast
Nigeria,2026-03-01,1606,Forecast
Nigeria,2026-04-01,1623,Forecast
Nigeria,2026-05-01,1744,Forecast
Nigeria,2026-06-01,1739,Forecast
Nigeria,2026-07-01,1719,Forecast
Nigeria,2026-08-01,1588,Forecast
Nigeria,2026-09-01,1777,Forecast
Nigeria,2026-10-01,1665,Forecast
Nigeria,2026-11-01,1441,Forecast
Nigeria,2026-12-01,1550,Forecast
Norway,2022-01-01,5,Actual
Norway,2022-02-01,0,Actual
Norway,2022-03-01,5,Actual
Norway,2022-04-01,0,Actual
Norway,2022-05-01,5,Actual
Norway,2022-06-01,0,Actual
Norway,2022-07-01,0,Actual
Norway,2022-08-01,0,Actual
Norway,2022-09-01,5,Actual
Norway,2022-10-01,5,Actual
Norway,2022-11-01,0,Actual
Norway,2022-12-01,0,Actual
Norway,2023-01-01,10,Actual
Norway,2023-02-01,10,Actual
Norway,2023-03-01,5,Actual
Norway,2023-04-01,0,Actual
Norway,2023-05-01,5,Actual
Norway,2023-06-01,5,Actual
Norway,2023-07-01,5,Actual
Norway,2023-08-01,10,Actual
Norway,2023-09-01,0,Actual
Norway,2023-10-01,0,Actual
Norway,2023-11-01,0,Actual
Norway,2023-12-01,0,Actual
Norway,2024-01-01,0,Actual
Norway,2024-02-01,0,Actual
Norway,2024-03-01,5,Actual
Norway,2024-04-01,0,Actual
Norway,2024-05-01,10,Actual
Norway,2024-06-01,10,Actual
Norway,2024-07-01,0,Actual
Norway,2024-08-01,10,Actual
Norway,2024-09-01,0,Actual
Norway,2024-10-01,5,Actual
Norway,2024-11-01,0,Actual
Norway,2024-12-01,5,Actual
Norway,2025-01-01,6,Forecast
Norway,2025-02-01,4,Forecast
Norway,2025-03-01,5,Forecast
Norway,2025-04-01,2,Forecast
Norway,2025-05-01,6,Forecast
Norway,2025-06-01,5,Forecast
Norway,2025-07-01,3,Forecast
Norway,2025-08-01,6,Forecast
Norway,2025-09-01,3,Forecast
Norway,2025-10-01,4,Forecast
Norway,2025-11-01,2,Forecast
Norway,2025-12-01,4,Forecast
Norway,2026-01-01,6,Forecast
Norway,2026-02-01,4,Forecast
Norway,2026-03-01,6,Forecast
Norway,2026-04-01,3,Forecast
Norway,2026-05-01,6,Forecast
Norway,2026-06-01,5,Forecast
Norway,2026-07-01,4,Forecast
Norway,2026-08-01,6,Forecast
Norway,2026-09-01,4,Forecast
Norway,2026-10-01,5,Forecast
Norway,2026-11-01,3,Forecast
Norway,2026-12-01,4,Forecast
Oman,2022-01-01,0,Actual
Oman,2022-02-01,0,Actual
Oman,2022-03-01,0,Actual
Oman,2022-04-01,0,Actual
Oman,2022-05-01,0,Actual
Oman,2022-06-01,0,Actual
Oman,2022-07-01,0,Actual
Oman,2022-08-01,0,Actual
Oman,2022-09-01,0,Actual
Oman,2022-10-01,0,Actual
Oman,2022-11-01,0,Actual
Oman,2022-12-01,0,Actual
Oman,2023-01-01,0,Actual
Oman,2023-02-01,0,Actual
Oman,2023-03-01,0,Actual
Oman,2023-04-01,0,Actual
Oman,2023-05-01,0,Actual
Oman,2023-06-01,0,Actual
Oman,2023-07-01,0,Actual
Oman,2023-08-01,0,Actual
Oman,2023-09-01,0,Actual
Oman,2023-10-01,0,Actual
Oman,2023-11-01,0,Actual
Oman,2023-12-01,0,Actual
Oman,2024-01-01,0,Actual
Oman,2024-02-01,0,Actual
Oman,2024-03-01,0,Actual
Oman,2024-04-01,0,Actual
Oman,2024-05-01,0,Actual
Oman,2024-06-01,0,Actual
Oman,2024-07-01,0,Actual
Oman,2024-08-01,0,Actual
Oman,2024-09-01,0,Actual
Oman,2024-10-01,0,Actual
Oman,2024-11-01,0,Actual
Oman,2024-12-01,0,Actual
Oman,2025-01-01,0,Forecast
Oman,2025-02-01,0,Forecast
Oman,2025-03-01,0,Forecast
Oman,2025-04-01,0,Forecast
Oman,2025-05-01,0,Forecast
Oman,2025-06-01,0,Forecast
Oman,2025-07-01,0,Forecast
Oman,2025-08-01,0,Forecast
Oman,2025-09-01,0,Forecast
Oman,2025-10-01,0,Forecast
Oman,2025-11-01,0,Forecast
Oman,2025-12-01,0,Forecast
Oman,2026-01-01,0,Forecast
Oman,2026-02-01,0,Forecast
Oman,2026-03-01,0,Forecast
Oman,2026-04-01,0,Forecast
Oman,2026-05-01,0,Forecast
Oman,2026-06-01,0,Forecast
Oman,2026-07-01,0,Forecast
Oman,2026-08-01,0,Forecast
Oman,2026-09-01,0,Forecast
Oman,2026-10-01,0,Forecast
Oman,2026-11-01,0,Forecast
Oman,2026-12-01,0,Forecast
Pakistan,2022-01-01,660,Actual
Pakistan,2022-02-01,830,Actual
Pakistan,2022-03-01,1000,Actual
Pakistan,2022-04-01,885,Actual
Pakistan,2022-05-01,890,Actual
Pakistan,2022-06-01,1265,Actual
Pakistan,2022-07-01,1195,Actual
Pakistan,2022-08-01,880,Actual
Pakistan,2022-09-01,1180,Actual
Pakistan,2022-10-01,1330,Actual
Pakistan,2022-11-01,815,Actual
Pakistan,2022-12-01,670,Actual
Pakistan,2023-01-01,960,Actual
Pakistan,2023-02-01,1205,Actual
Pakistan,2023-03-01,930,Actual
Pakistan,2023-04-01,870,Actual
Pakistan,2023-05-01,1195,Actual
Pakistan,2023-06-01,1200,Actual
Pakistan,2023-07-01,1125,Actual
Pakistan,2023-08-01,725,Actual
Pakistan,2023-09-01,850,Actual
Pakistan,2023-10-01,995,Actual
Pakistan,2023-11-01,920,Actual
Pakistan,2023-12-01,880,Actual
Pakistan,2024-01-01,895,Actual
Pakistan,2024-02-01,945,Actual
Pakistan,2024-03-01,800,Actual
Pakistan,2024-04-01,925,Actual
Pakistan,2024-05-01,950,Actual
Pakistan,2024-06-01,1120,Actual
Pakistan,2024-07-01,1115,Actual
Pakistan,2024-08-01,840,Actual
Pakistan,2024-09-01,1100,Actual
Pakistan,2024-10-01,1160,Actual
Pakistan,2024-11-01,1100,Actual
Pakistan,2024-12-01,1015,Actual
Pakistan,2025-01-01,855,Forecast
Pakistan,2025-02-01,1048,Forecast
Pakistan,2025-03-01,936,Forecast
Pakistan,2025-04-01,955,Forecast
Pakistan,2025-05-01,1038,Forecast
Pakistan,2025-06-01,1112,Forecast
Pakistan,2025-07-01,1089,Forecast
Pakistan,2025-08-01,883,Forecast
Pakistan,2025-09-01,1012,Forecast
Pakistan,2025-10-01,1079,Forecast
Pakistan,2025-11-01,994,Forecast
Pakistan,2025-12-01,954,Forecast
Pakistan,2026-01-01,913,Forecast
Pakistan,2026-02-01,1018,Forecast
Pakistan,2026-03-01,942,Forecast
Pakistan,2026-04-01,957,Forecast
Pakistan,2026-05-01,1023,Forecast
Pakistan,2026-06-01,1110,Forecast
Pakistan,2026-07-01,1095,Forecast
Pakistan,2026-08-01,916,Forecast
Pakistan,2026-09-01,1045,Forecast
Pakistan,2026-10-01,1107,Forecast
Pakistan,2026-11-01,1009,Forecast
Pakistan,2026-12-01,955,Forecast
Palestinian Authority (Gaza/West Bank),2022-01-01,70,Actual
Palestinian Authority (Gaza/West Bank),2022-02-01,95,Actual
Palestinian Authority (Gaza/West Bank),2022-03-01,100,Actual
Palestinian Authority (Gaza/West Bank),2022-04-01,50,Actual
Palestinian Authority (Gaza/West Bank),2022-05-01,75,Actual
Palestinian Authority (Gaza/West Bank),2022-06-01,80,Actual
Palestinian Authority (Gaza/West Bank),2022-07-01,85,Actual
Palestinian Authority (Gaza/West Bank),2022-08-01,95,Actual
Palestinian Authority (Gaza/West Bank),2022-09-01,60,Actual
Palestinian Authority (Gaza/West Bank),2022-10-01,80,Actual
Palestinian Authority (Gaza/West Bank),2022-11-01,45,Actual
Palestinian Authority (Gaza/West Bank),2022-12-01,35,Actual
Palestinian Authority (Gaza/West Bank),2023-01-01,95,Actual
Palestinian Authority (Gaza/West Bank),2023-02-01,80,Actual
Palestinian Authority (Gaza/West Bank),2023-03-01,75,Actual
Palestinian Authority (Gaza/West Bank),2023-04-01,40,Actual
Palestinian Authority (Gaza/West Bank),2023-05-01,45,Actual
Palestinian Authority (Gaza/West Bank),2023-06-01,80,Actual
Palestinian Authority (Gaza/West Bank),2023-07-01,60,Actual
Palestinian Authority (Gaza/West Bank),2023-08-01,50,Actual
Palestinian Authority (Gaza/West Bank),2023-09-01,50,Actual
Palestinian Authority (Gaza/West Bank),2023-10-01,45,Actual
Palestinian Authority (Gaza/West Bank),2023-11-01,60,Actual
Palestinian Authority (Gaza/West Bank),2023-12-01,50,Actual
Palestinian Authority (Gaza/West Bank),2024-01-01,65,Actual
Palestinian Authority (Gaza/West Bank),2024-02-01,70,Actual
Palestinian Authority (Gaza/West Bank),2024-03-01,45,Actual
Palestinian Authority (Gaza/West Bank),2024-04-01,35,Actual
Palestinian Authority (Gaza/West Bank),2024-05-01,70,Actual
Palestinian Authority (Gaza/West Bank),2024-06-01,90,Actual
Palestinian Authority (Gaza/West Bank),2024-07-01,90,Actual
Palestinian Authority (Gaza/West Bank),2024-08-01,80,Actual
Palestinian Authority (Gaza/West Bank),2024-09-01,85,Actual
Palestinian Authority (Gaza/West Bank),2024-10-01,45,Actual
Palestinian Authority (Gaza/West Bank),2024-11-01,65,Actual
Palestinian Authority (Gaza/West Bank),2024-12-01,40,Actual
Palestinian Authority (Gaza/West Bank),2025-01-01,68,Forecast
Palestinian Authority (Gaza/West Bank),2025-02-01,80,Forecast
Palestinian Authority (Gaza/West Bank),2025-03-01,65,Forecast
Palestinian Authority (Gaza/West Bank),2025-04-01,50,Forecast
Palestinian Authority (Gaza/West Bank),2025-05-01,65,Forecast
Palestinian Authority (Gaza/West Bank),2025-06-01,76,Forecast
Palestinian Authority (Gaza/West Bank),2025-07-01,74,Forecast
Palestinian Authority (Gaza/West Bank),2025-08-01,71,Forecast
Palestinian Authority (Gaza/West Bank),2025-09-01,67,Forecast
Palestinian Authority (Gaza/West Bank),2025-10-01,58,Forecast
Palestinian Authority (Gaza/West Bank),2025-11-01,60,Forecast
Palestinian Authority (Gaza/West Bank),2025-12-01,50,Forecast
Palestinian Authority (Gaza/West Bank),2026-01-01,70,Forecast
Palestinian Authority (Gaza/West Bank),2026-02-01,75,Forecast
Palestinian Authority (Gaza/West Bank),2026-03-01,68,Forecast
Palestinian Authority (Gaza/West Bank),2026-04-01,52,Forecast
Palestinian Authority (Gaza/West Bank),2026-05-01,63,Forecast
Palestinian Authority (Gaza/West Bank),2026-06-01,74,Forecast
Palestinian Authority (Gaza/West Bank),2026-07-01,71,Forecast
Palestinian Authority (Gaza/West Bank),2026-08-01,69,Forecast
Palestinian Authority (Gaza/West Bank),2026-09-01,64,Forecast
Palestinian Authority (Gaza/West Bank),2026-10-01,60,Forecast
Palestinian Authority (Gaza/West Bank),2026-11-01,60,Forecast
Palestinian Authority (Gaza/West Bank),2026-12-01,52,Forecast
"Panama, Republic of",2022-01-01,5,Actual
"Panama, Republic of",2022-02-01,10,Actual
"Panama, Republic of",2022-03-01,10,Actual
"Panama, Republic of",2022-04-01,0,Actual
"Panama, Republic of",2022-05-01,0,Actual
"Panama, Republic of",2022-06-01,10,Actual
"Panama, Republic of",2022-07-01,10,Actual
"Panama, Republic of",2022-08-01,10,Actual
"Panama, Republic of",2022-09-01,5,Actual
"Panama, Republic of",2022-10-01,0,Actual
"Panama, Republic of",2022-11-01,0,Actual
"Panama, Republic of",2022-12-01,0,Actual
"Panama, Republic of",2023-01-01,10,Actual
"Panama, Republic of",2023-02-01,10,Actual
"Panama, Republic of",2023-03-01,5,Actual
"Panama, Republic of",2023-04-01,0,Actual
"Panama, Republic of",2023-05-01,10,Actual
"Panama, Republic of",2023-06-01,5,Actual
"Panama, Republic of",2023-07-01,5,Actual
"Panama, Republic of",2023-08-01,5,Actual
"Panama, Republic of",2023-09-01,0,Actual
"Panama, Republic of",2023-10-01,0,Actual
"Panama, Republic of",2023-11-01,5,Actual
"Panama, Republic of",2023-12-01,0,Actual
"Panama, Republic of",2024-01-01,5,Actual
"Panama, Republic of",2024-02-01,10,Actual
"Panama, Republic of",2024-03-01,0,Actual
"Panama, Republic of",2024-04-01,15,Actual
"Panama, Republic of",2024-05-01,5,Actual
"Panama, Republic of",2024-06-01,20,Actual
"Panama, Republic of",2024-07-01,0,Actual
"Panama, Republic of",2024-08-01,0,Actual
"Panama, Republic of",2024-09-01,0,Actual
"Panama, Republic of",2024-10-01,10,Actual
"Panama, Republic of",2024-11-01,5,Actual
"Panama, Republic of",2024-12-01,5,Actual
"Panama, Republic of",2025-01-01,6,Forecast
"Panama, Republic of",2025-02-01,8,Forecast
"Panama, Republic of",2025-03-01,5,Forecast
"Panama, Republic of",2025-04-01,6,Forecast
"Panama, Republic of",2025-05-01,5,Forecast
"Panama, Republic of",2025-06-01,10,Forecast
"Panama, Republic of",2025-07-01,5,Forecast
"Panama, Republic of",2025-08-01,5,Forecast
"Panama, Republic of",2025-09-01,4,Forecast
"Panama, Republic of",2025-10-01,5,Forecast
"Panama, Republic of",2025-11-01,5,Forecast
"Panama, Republic of",2025-12-01,4,Forecast
"Panama, Republic of",2026-01-01,7,Forecast
"Panama, Republic of",2026-02-01,8,Forecast
"Panama, Republic of",2026-03-01,6,Forecast
"Panama, Republic of",2026-04-01,5,Forecast
"Panama, Republic of",2026-05-01,6,Forecast
"Panama, Republic of",2026-06-01,9,Forecast
"Panama, Republic of",2026-07-01,6,Forecast
"Panama, Republic of",2026-08-01,6,Forecast
"Panama, Republic of",2026-09-01,4,Forecast
"Panama, Republic of",2026-10-01,5,Forecast
"Panama, Republic of",2026-11-01,5,Forecast
"Panama, Republic of",2026-12-01,4,Forecast
Papua New Guinea,2022-01-01,0,Actual
Papua New Guinea,2022-02-01,0,Actual
Papua New Guinea,2022-03-01,0,Actual
Papua New Guinea,2022-04-01,0,Actual
Papua New Guinea,2022-05-01,0,Actual
Papua New Guinea,2022-06-01,0,Actual
Papua New Guinea,2022-07-01,0,Actual
Papua New Guinea,2022-08-01,0,Actual
Papua New Guinea,2022-09-01,0,Actual
Papua New Guinea,2022-10-01,0,Actual
Papua New Guinea,2022-11-01,0,Actual
Papua New Guinea,2022-12-01,0,Actual
Papua New Guinea,2023-01-01,0,Actual
Papua New Guinea,2023-02-01,0,Actual
Papua New Guinea,2023-03-01,0,Actual
Papua New Guinea,2023-04-01,0,Actual
Papua New Guinea,2023-05-01,0,Actual
Papua New Guinea,2023-06-01,0,Actual
Papua New Guinea,2023-07-01,0,Actual
Papua New Guinea,2023-08-01,0,Actual
Papua New Guinea,2023-09-01,0,Actual
Papua New Guinea,2023-10-01,0,Actual
Papua New Guinea,2023-11-01,0,Actual
Papua New Guinea,2023-12-01,0,Actual
Papua New Guinea,2024-01-01,0,Actual
Papua New Guinea,2024-02-01,0,Actual
Papua New Guinea,2024-03-01,0,Actual
Papua New Guinea,2024-04-01,0,Actual
Papua New Guinea,2024-05-01,0,Actual
Papua New Guinea,2024-06-01,0,Actual
Papua New Guinea,2024-07-01,0,Actual
Papua New Guinea,2024-08-01,0,Actual
Papua New Guinea,2024-09-01,0,Actual
Papua New Guinea,2024-10-01,0,Actual
Papua New Guinea,2024-11-01,0,Actual
Papua New Guinea,2024-12-01,0,Actual
Papua New Guinea,2025-01-01,0,Forecast
Papua New Guinea,2025-02-01,0,Forecast
Papua New Guinea,2025-03-01,0,Forecast
Papua New Guinea,2025-04-01,0,Forecast
Papua New Guinea,2025-05-01,0,Forecast
Papua New Guinea,2025-06-01,0,Forecast
Papua New Guinea,2025-07-01,0,Forecast
Papua New Guinea,2025-08-01,0,Forecast
Papua New Guinea,2025-09-01,0,Forecast
Papua New Guinea,2025-10-01,0,Forecast
Papua New Guinea,2025-11-01,0,Forecast
Papua New Guinea,2025-12-01,0,Forecast
Papua New Guinea,2026-01-01,0,Forecast
Papua New Guinea,2026-02-01,0,Forecast
Papua New Guinea,2026-03-01,0,Forecast
Papua New Guinea,2026-04-01,0,Forecast
Papua New Guinea,2026-05-01,0,Forecast
Papua New Guinea,2026-06-01,0,Forecast
Papua New Guinea,2026-07-01,0,Forecast
Papua New Guinea,2026-08-01,0,Forecast
Papua New Guinea,2026-09-01,0,Forecast
Papua New Guinea,2026-10-01,0,Forecast
Papua New Guinea,2026-11-01,0,Forecast
Papua New Guinea,2026-12-01,0,Forecast
Paraguay,2022-01-01,5,Actual
Paraguay,2022-02-01,0,Actual
Paraguay,2022-03-01,5,Actual
Paraguay,2022-04-01,10,Actual
Paraguay,2022-05-01,5,Actual
Paraguay,2022-06-01,5,Actual
Paraguay,2022-07-01,0,Actual
Paraguay,2022-08-01,0,Actual
Paraguay,2022-09-01,0,Actual
Paraguay,2022-10-01,0,Actual
Paraguay,2022-11-01,0,Actual
Paraguay,2022-12-01,0,Actual
Paraguay,2023-01-01,10,Actual
Paraguay,2023-02-01,5,Actual
Paraguay,2023-03-01,0,Actual
Paraguay,2023-04-01,0,Actual
Paraguay,2023-05-01,0,Actual
Paraguay,2023-06-01,0,Actual
Paraguay,2023-07-01,0,Actual
Paraguay,2023-08-01,10,Actual
Paraguay,2023-09-01,0,Actual
Paraguay,2023-10-01,0,Actual
Paraguay,2023-11-01,0,Actual
Paraguay,2023-12-01,10,Actual
Paraguay,2024-01-01,10,Actual
Paraguay,2024-02-01,0,Actual
Paraguay,2024-03-01,0,Actual
Paraguay,2024-04-01,5,Actual
Paraguay,2024-05-01,5,Actual
Paraguay,2024-06-01,10,Actual
Paraguay,2024-07-01,5,Actual
Paraguay,2024-08-01,0,Actual
Paraguay,2024-09-01,5,Actual
Paraguay,2024-10-01,0,Actual
Paraguay,2024-11-01,5,Actual
Paraguay,2024-12-01,15,Actual
Paraguay,2025-01-01,8,Forecast
Paraguay,2025-02-01,4,Forecast
Paraguay,2025-03-01,4,Forecast
Paraguay,2025-04-01,6,Forecast
Paraguay,2025-05-01,5,Forecast
Paraguay,2025-06-01,6,Forecast
Paraguay,2025-07-01,4,Forecast
Paraguay,2025-08-01,5,Forecast
Paraguay,2025-09-01,5,Forecast
Paraguay,2025-10-01,4,Forecast
Paraguay,2025-11-01,5,Forecast
Paraguay,2025-12-01,8,Forecast
Paraguay,2026-01-01,8,Forecast
Paraguay,2026-02-01,5,Forecast
Paraguay,2026-03-01,5,Forecast
Paraguay,2026-04-01,7,Forecast
Paraguay,2026-05-01,6,Forecast
Paraguay,2026-06-01,7,Forecast
Paraguay,2026-07-01,5,Forecast
Paraguay,2026-08-01,7,Forecast
Paraguay,2026-09-01,6,Forecast
Paraguay,2026-10-01,5,Forecast
Paraguay,2026-11-01,6,Forecast
Paraguay,2026-12-01,9,Forecast
Peru,2022-01-01,40,Actual
Peru,2022-02-01,70,Actual
Peru,2022-03-01,60,Actual
Peru,2022-04-01,70,Actual
Peru,2022-05-01,60,Actual
Peru,2022-06-01,65,Actual
Peru,2022-07-01,60,Actual
Peru,2022-08-01,50,Actual
Peru,2022-09-01,70,Actual
Peru,2022-10-01,35,Actual
Peru,2022-11-01,40,Actual
Peru,2022-12-01,45,Actual
Peru,2023-01-01,90,Actual
Peru,2023-02-01,90,Actual
Peru,2023-03-01,80,Actual
Peru,2023-04-01,30,Actual
Peru,2023-05-01,65,Actual
Peru,2023-06-01,55,Actual
Peru,2023-07-01,60,Actual
Peru,2023-08-01,75,Actual
Peru,2023-09-01,25,Actual
Peru,2023-10-01,70,Actual
Peru,2023-11-01,30,Actual
Peru,2023-12-01,80,Actual
Peru,2024-01-01,115,Actual
Peru,2024-02-01,70,Actual
Peru,2024-03-01,75,Actual
Peru,2024-04-01,85,Actual
Peru,2024-05-01,105,Actual
Peru,2024-06-01,80,Actual
Peru,2024-07-01,85,Actual
Peru,2024-08-01,85,Actual
Peru,2024-09-01,50,Actual
Peru,2024-10-01,40,Actual
Peru,2024-11-01,80,Actual
Peru,2024-12-01,65,Actual
Peru,2025-01-01,75,Forecast
Peru,2025-02-01,88,Forecast
Peru,2025-03-01,78,Forecast
Peru,2025-04-01,75,Forecast
Peru,2025-05-01,82,Forecast
Peru,2025-06-01,76,Forecast
Peru,2025-07-01,77,Forecast
Peru,2025-08-01,78,Forecast
Peru,2025-09-01,68,Forecast
Peru,2025-10-01,66,Forecast
Peru,2025-11-01,72,Forecast
Peru,2025-12-01,75,Forecast
Peru,2026-01-01,85,Forecast
Peru,2026-02-01,90,Forecast
Peru,2026-03-01,85,Forecast
Peru,2026-04-01,79,Forecast
Peru,2026-05-01,87,Forecast
Peru,2026-06-01,83,Forecast
Peru,2026-07-01,83,Forecast
Peru,2026-08-01,84,Forecast
Peru,2026-09-01,73,Forecast
Peru,2026-10-01,74,Forecast
Peru,2026-11-01,72,Forecast
Peru,2026-12-01,81,Forecast
Philippines,2022-01-01,1975,Actual
Philippines,2022-02-01,2520,Actual
Philippines,2022-03-01,2250,Actual
Philippines,2022-04-01,1930,Actual
Philippines,2022-05-01,1935,Actual
Philippines,2022-06-01,2055,Actual
Philippines,2022-07-01,2145,Actual
Philippines,2022-08-01,1455,Actual
Philippines,2022-09-01,2190,Actual
Philippines,2022-10-01,1685,Actual
Philippines,2022-11-01,970,Actual
Philippines,2022-12-01,990,Actual
Philippines,2023-01-01,2850,Actual
Philippines,2023-02-01,2885,Actual
Philippines,2023-03-01,2335,Actual
Philippines,2023-04-01,1430,Actual
Philippines,2023-05-01,2610,Actual
Philippines,2023-06-01,2350,Actual
Philippines,2023-07-01,2305,Actual
Philippines,2023-08-01,1965,Actual
Philippines,2023-09-01,1925,Actual
Philippines,2023-10-01,2150,Actual
Philippines,2023-11-01,1590,Actual
Philippines,2023-12-01,2570,Actual
Philippines,2024-01-01,3350,Actual
Philippines,2024-02-01,2480,Actual
Philippines,2024-03-01,2165,Actual
Philippines,2024-04-01,3140,Actual
Philippines,2024-05-01,3250,Actual
Philippines,2024-06-01,2990,Actual
Philippines,2024-07-01,3275,Actual
Philippines,2024-08-01,2715,Actual
Philippines,2024-09-01,2580,Actual
Philippines,2024-10-01,2235,Actual
Philippines,2024-11-01,2445,Actual
Philippines,2024-12-01,1690,Actual
Philippines,2025-01-01,2724,Forecast
Philippines,2025-02-01,3086,Forecast
Philippines,2025-03-01,2609,Forecast
Philippines,2025-04-01,2677,Forecast
Philippines,2025-05-01,2852,Forecast
Philippines,2025-06-01,2776,Forecast
Philippines,2025-07-01,2849,Forecast
Philippines,2025-08-01,2587,Forecast
Philippines,2025-09-01,2687,Forecast
Philippines,2025-10-01,2574,Forecast
Philippines,2025-11-01,2432,Forecast
Philippines,2025-12-01,2418,Forecast
Philippines,2026-01-01,3131,Forecast
Philippines,2026-02-01,3199,Forecast
Philippines,2026-03-01,2925,Forecast
Philippines,2026-04-01,2846,Forecast
Philippines,2026-05-01,3101,Forecast
Philippines,2026-06-01,3028,Forecast
Philippines,2026-07-01,3064,Forecast
Philippines,2026-08-01,2800,Forecast
Philippines,2026-09-01,2907,Forecast
Philippines,2026-10-01,2818,Forecast
Philippines,2026-11-01,2599,Forecast
Philippines,2026-12-01,2725,Forecast
Poland,2022-01-01,65,Actual
Poland,2022-02-01,75,Actual
Poland,2022-03-01,55,Actual
Poland,2022-04-01,55,Actual
Poland,2022-05-01,60,Actual
Poland,2022-06-01,40,Actual
Poland,2022-07-01,30,Actual
Poland,2022-08-01,40,Actual
Poland,2022-09-01,40,Actual
Poland,2022-10-01,20,Actual
Poland,2022-11-01,20,Actual
Poland,2022-12-01,10,Actual
Poland,2023-01-01,120,Actual
Poland,2023-02-01,90,Actual
Poland,2023-03-01,60,Actual
Poland,2023-04-01,25,Actual
Poland,2023-05-01,55,Actual
Poland,2023-06-01,25,Actual
Poland,2023-07-01,30,Actual
Poland,2023-08-01,25,Actual
Poland,2023-09-01,20,Actual
Poland,2023-10-01,25,Actual
Poland,2023-11-01,15,Actual
Poland,2023-12-01,45,Actual
Poland,2024-01-01,50,Actual
Poland,2024-02-01,55,Actual
Poland,2024-03-01,25,Actual
Poland,2024-04-01,40,Actual
Poland,2024-05-01,40,Actual
Poland,2024-06-01,35,Actual
Poland,2024-07-01,40,Actual
Poland,2024-08-01,35,Actual
Poland,2024-09-01,30,Actual
Poland,2024-10-01,35,Actual
Poland,2024-11-01,35,Actual
Poland,2024-12-01,25,Actual
Poland,2025-01-01,59,Forecast
Poland,2025-02-01,61,Forecast
Poland,2025-03-01,39,Forecast
Poland,2025-04-01,40,Forecast
Poland,2025-05-01,44,Forecast
Poland,2025-06-01,35,Forecast
Poland,2025-07-01,36,Forecast
Poland,2025-08-01,35,Forecast
Poland,2025-09-01,33,Forecast
Poland,2025-10-01,32,Forecast
Poland,2025-11-01,31,Forecast
Poland,2025-12-01,30,Forecast
Poland,2026-01-01,58,Forecast
Poland,2026-02-01,58,Forecast
Poland,2026-03-01,42,Forecast
Poland,2026-04-01,38,Forecast
Poland,2026-05-01,44,Forecast
Poland,2026-06-01,34,Forecast
Poland,2026-07-01,35,Forecast
Poland,2026-08-01,35,Forecast
Poland,2026-09-01,33,Forecast
Poland,2026-10-01,31,Forecast
Poland,2026-11-01,29,Forecast
Poland,2026-12-01,31,Forecast
Portugal,2022-01-01,65,Actual
Portugal,2022-02-01,80,Actual
Portugal,2022-03-01,95,Actual
Portugal,2022-04-01,65,Actual
Portugal,2022-05-01,85,Actual
Portugal,2022-06-01,110,Actual
Portugal,2022-07-01,100,Actual
Portugal,2022-08-01,105,Actual
Portugal,2022-09-01,75,Actual
Portugal,2022-10-01,40,Actual
Portugal,2022-11-01,20,Actual
Portugal,2022-12-01,35,Actual
Portugal,2023-01-01,200,Actual
Portugal,2023-02-01,115,Actual
Portugal,2023-03-01,100,Actual
Portugal,2023-04-01,35,Actual
Portugal,2023-05-01,95,Actual
Portugal,2023-06-01,80,Actual
Portugal,2023-07-01,60,Actual
Portugal,2023-08-01,90,Actual
Portugal,2023-09-01,60,Actual
Portugal,2023-10-01,60,Actual
Portugal,2023-11-01,60,Actual
Portugal,2023-12-01,45,Actual
Portugal,2024-01-01,115,Actual
Portugal,2024-02-01,45,Actual
Portugal,2024-03-01,55,Actual
Portugal,2024-04-01,45,Actual
Portugal,2024-05-01,75,Actual
Portugal,2024-06-01,40,Actual
Portugal,2024-07-01,45,Actual
Portugal,2024-08-01,30,Actual
Portugal,2024-09-01,35,Actual
Portugal,2024-10-01,40,Actual
Portugal,2024-11-01,65,Actual
Portugal,2024-12-01,40,Actual
Portugal,2025-01-01,38,Forecast
Portugal,2025-02-01,46,Forecast
Portugal,2025-03-01,45,Forecast
Portugal,2025-04-01,42,Forecast
Portugal,2025-05-01,51,Forecast
Portugal,2025-06-01,43,Forecast
Portugal,2025-07-01,45,Forecast
Portugal,2025-08-01,38,Forecast
Portugal,2025-09-01,38,Forecast
Portugal,2025-10-01,34,Forecast
Portugal,2025-11-01,40,Forecast
Portugal,2025-12-01,34,Forecast
Portugal,2026-01-01,38,Forecast
Portugal,2026-02-01,44,Forecast
Portugal,2026-03-01,44,Forecast
Portugal,2026-04-01,33,Forecast
Portugal,2026-05-01,42,Forecast
Portugal,2026-06-01,45,Forecast
Portugal,2026-07-01,41,Forecast
Portugal,2026-08-01,45,Forecast
Portugal,2026-09-01,37,Forecast
Portugal,2026-10-01,31,Forecast
Portugal,2026-11-01,27,Forecast
Portugal,2026-12-01,29,Forecast
Qatar,2022-01-01,0,Actual
Qatar,2022-02-01,0,Actual
Qatar,2022-03-01,0,Actual
Qatar,2022-04-01,0,Actual
Qatar,2022-05-01,0,Actual
Qatar,2022-06-01,0,Actual
Qatar,2022-07-01,0,Actual
Qatar,2022-08-01,0,Actual
Qatar,2022-09-01,0,Actual
Qatar,2022-10-01,0,Actual
Qatar,2022-11-01,0,Actual
Qatar,2022-12-01,0,Actual
Qatar,2023-01-01,0,Actual
Qatar,2023-02-01,0,Actual
Qatar,2023-03-01,0,Actual
Qatar,2023-04-01,0,Actual
Qatar,2023-05-01,0,Actual
Qatar,2023-06-01,0,Actual
Qatar,2023-07-01,0,Actual
Qatar,2023-08-01,0,Actual
Qatar,2023-09-01,0,Actual
Qatar,2023-10-01,0,Actual
Qatar,2023-11-01,0,Actual
Qatar,2023-12-01,0,Actual
Qatar,2024-01-01,0,Actual
Qatar,2024-02-01,0,Actual
Qatar,2024-03-01,0,Actual
Qatar,2024-04-01,0,Actual
Qatar,2024-05-01,0,Actual
Qatar,2024-06-01,0,Actual
Qatar,2024-07-01,0,Actual
Qatar,2024-08-01,0,Actual
Qatar,2024-09-01,0,Actual
Qatar,2024-10-01,0,Actual
Qatar,2024-11-01,0,Actual
Qatar,2024-12-01,0,Actual
Qatar,2025-01-01,0,Forecast
Qatar,2025-02-01,0,Forecast
Qatar,2025-03-01,0,Forecast
Qatar,2025-04-01,0,Forecast
Qatar,2025-05-01,0,Forecast
Qatar,2025-06-01,0,Forecast
Qatar,2025-07-01,0,Forecast
Qatar,2025-08-01,0,Forecast
Qatar,2025-09-01,0,Forecast
Qatar,2025-10-01,0,Forecast
Qatar,2025-11-01,0,Forecast
Qatar,2025-12-01,0,Forecast
Qatar,2026-01-01,0,Forecast
Qatar,2026-02-01,0,Forecast
Qatar,2026-03-01,0,Forecast
Qatar,2026-04-01,0,Forecast
Qatar,2026-05-01,0,Forecast
Qatar,2026-06-01,0,Forecast
Qatar,2026-07-01,0,Forecast
Qatar,2026-08-01,0,Forecast
Qatar,2026-09-01,0,Forecast
Qatar,2026-10-01,0,Forecast
Qatar,2026-11-01,0,Forecast
Qatar,2026-12-01,0,Forecast
Reunion,2022-01-01,0,Actual
Reunion,2022-02-01,0,Actual
Reunion,2022-03-01,0,Actual
Reunion,2022-04-01,0,Actual
Reunion,2022-05-01,0,Actual
Reunion,2022-06-01,0,Actual
Reunion,2022-07-01,0,Actual
Reunion,2022-08-01,0,Actual
Reunion,2022-09-01,0,Actual
Reunion,2022-10-01,0,Actual
Reunion,2022-11-01,0,Actual
Reunion,2022-12-01,0,Actual
Reunion,2023-01-01,0,Actual
Reunion,2023-02-01,0,Actual
Reunion,2023-03-01,0,Actual
Reunion,2023-04-01,0,Actual
Reunion,2023-05-01,0,Actual
Reunion,2023-06-01,0,Actual
Reunion,2023-07-01,0,Actual
Reunion,2023-08-01,0,Actual
Reunion,2023-09-01,0,Actual
Reunion,2023-10-01,0,Actual
Reunion,2023-11-01,0,Actual
Reunion,2023-12-01,0,Actual
Reunion,2024-01-01,0,Actual
Reunion,2024-02-01,0,Actual
Reunion,2024-03-01,0,Actual
Reunion,2024-04-01,0,Actual
Reunion,2024-05-01,0,Actual
Reunion,2024-06-01,0,Actual
Reunion,2024-07-01,0,Actual
Reunion,2024-08-01,0,Actual
Reunion,2024-09-01,0,Actual
Reunion,2024-10-01,0,Actual
Reunion,2024-11-01,0,Actual
Reunion,2024-12-01,0,Actual
Reunion,2025-01-01,0,Forecast
Reunion,2025-02-01,0,Forecast
Reunion,2025-03-01,0,Forecast
Reunion,2025-04-01,0,Forecast
Reunion,2025-05-01,0,Forecast
Reunion,2025-06-01,0,Forecast
Reunion,2025-07-01,0,Forecast
Reunion,2025-08-01,0,Forecast
Reunion,2025-09-01,0,Forecast
Reunion,2025-10-01,0,Forecast
Reunion,2025-11-01,0,Forecast
Reunion,2025-12-01,0,Forecast
Reunion,2026-01-01,0,Forecast
Reunion,2026-02-01,0,Forecast
Reunion,2026-03-01,0,Forecast
Reunion,2026-04-01,0,Forecast
Reunion,2026-05-01,0,Forecast
Reunion,2026-06-01,0,Forecast
Reunion,2026-07-01,0,Forecast
Reunion,2026-08-01,0,Forecast
Reunion,2026-09-01,0,Forecast
Reunion,2026-10-01,0,Forecast
Reunion,2026-11-01,0,Forecast
Reunion,2026-12-01,0,Forecast
Romania,2022-01-01,40,Actual
Romania,2022-02-01,60,Actual
Romania,2022-03-01,50,Actual
Romania,2022-04-01,35,Actual
Romania,2022-05-01,45,Actual
Romania,2022-06-01,45,Actual
Romania,2022-07-01,50,Actual
Romania,2022-08-01,50,Actual
Romania,2022-09-01,35,Actual
Romania,2022-10-01,25,Actual
Romania,2022-11-01,25,Actual
Romania,2022-12-01,20,Actual
Romania,2023-01-01,60,Actual
Romania,2023-02-01,55,Actual
Romania,2023-03-01,45,Actual
Romania,2023-04-01,30,Actual
Romania,2023-05-01,45,Actual
Romania,2023-06-01,45,Actual
Romania,2023-07-01,50,Actual
Romania,2023-08-01,30,Actual
Romania,2023-09-01,30,Actual
Romania,2023-10-01,25,Actual
Romania,2023-11-01,25,Actual
Romania,2023-12-01,25,Actual
Romania,2024-01-01,40,Actual
Romania,2024-02-01,35,Actual
Romania,2024-03-01,20,Actual
Romania,2024-04-01,30,Actual
Romania,2024-05-01,45,Actual
Romania,2024-06-01,40,Actual
Romania,2024-07-01,35,Actual
Romania,2024-08-01,35,Actual
Romania,2024-09-01,30,Actual
Romania,2024-10-01,35,Actual
Romania,2024-11-01,40,Actual
Romania,2024-12-01,20,Actual
Romania,2025-01-01,31,Forecast
Romania,2025-02-01,44,Forecast
Romania,2025-03-01,32,Forecast
Romania,2025-04-01,31,Forecast
Romania,2025-05-01,40,Forecast
Romania,2025-06-01,37,Forecast
Romania,2025-07-01,38,Forecast
Romania,2025-08-01,34,Forecast
Romania,2025-09-01,31,Forecast
Romania,2025-10-01,30,Forecast
Romania,2025-11-01,32,Forecast
Romania,2025-12-01,24,Forecast
Romania,2026-01-01,36,Forecast
Romania,2026-02-01,41,Forecast
Romania,2026-03-01,33,Forecast
Romania,2026-04-01,29,Forecast
Romania,2026-05-01,37,Forecast
Romania,2026-06-01,36,Forecast
Romania,2026-07-01,37,Forecast
Romania,2026-08-01,33,Forecast
Romania,2026-09-01,30,Forecast
Romania,2026-10-01,28,Forecast
Romania,2026-11-01,29,Forecast
Romania,2026-12-01,24,Forecast
Russia,2022-01-01,125,Actual
Russia,2022-02-01,140,Actual
Russia,2022-03-01,255,Actual
Russia,2022-04-01,125,Actual
Russia,2022-05-01,105,Actual
Russia,2022-06-01,155,Actual
Russia,2022-07-01,140,Actual
Russia,2022-08-01,145,Actual
Russia,2022-09-01,170,Actual
Russia,2022-10-01,125,Actual
Russia,2022-11-01,65,Actual
Russia,2022-12-01,75,Actual
Russia,2023-01-01,235,Actual
Russia,2023-02-01,175,Actual
Russia,2023-03-01,140,Actual
Russia,2023-04-01,115,Actual
Russia,2023-05-01,165,Actual
Russia,2023-06-01,135,Actual
Russia,2023-07-01,155,Actual
Russia,2023-08-01,115,Actual
Russia,2023-09-01,135,Actual
Russia,2023-10-01,130,Actual
Russia,2023-11-01,100,Actual
Russia,2023-12-01,170,Actual
Russia,2024-01-01,270,Actual
Russia,2024-02-01,160,Actual
Russia,2024-03-01,120,Actual
Russia,2024-04-01,190,Actual
Russia,2024-05-01,180,Actual
Russia,2024-06-01,140,Actual
Russia,2024-07-01,175,Actual
Russia,2024-08-01,145,Actual
Russia,2024-09-01,110,Actual
Russia,2024-10-01,115,Actual
Russia,2024-11-01,80,Actual
Russia,2024-12-01,125,Actual
Russia,2025-01-01,180,Forecast
Russia,2025-02-01,171,Forecast
Russia,2025-03-01,162,Forecast
Russia,2025-04-01,161,Forecast
Russia,2025-05-01,156,Forecast
Russia,2025-06-01,149,Forecast
Russia,2025-07-01,160,Forecast
Russia,2025-08-01,149,Forecast
Russia,2025-09-01,144,Forecast
Russia,2025-10-01,139,Forecast
Russia,2025-11-01,115,Forecast
Russia,2025-12-01,137,Forecast
Russia,2026-01-01,181,Forecast
Russia,2026-02-01,168,Forecast
Russia,2026-03-01,170,Forecast
Russia,2026-04-01,153,Forecast
Russia,2026-05-01,158,Forecast
Russia,2026-06-01,155,Forecast
Russia,2026-07-01,161,Forecast
Russia,2026-08-01,150,Forecast
Russia,2026-09-01,152,Forecast
Russia,2026-10-01,144,Forecast
Russia,2026-11-01,123,Forecast
Russia,2026-12-01,144,Forecast
Rwanda,2022-01-01,65,Actual
Rwanda,2022-02-01,85,Actual
Rwanda,2022-03-01,115,Actual
Rwanda,2022-04-01,115,Actual
Rwanda,2022-05-01,60,Actual
Rwanda,2022-06-01,65,Actual
Rwanda,2022-07-01,105,Actual
Rwanda,2022-08-01,70,Actual
Rwanda,2022-09-01,130,Actual
Rwanda,2022-10-01,95,Actual
Rwanda,2022-11-01,55,Actual
Rwanda,2022-12-01,70,Actual
Rwanda,2023-01-01,85,Actual
Rwanda,2023-02-01,70,Actual
Rwanda,2023-03-01,80,Actual
Rwanda,2023-04-01,60,Actual
Rwanda,2023-05-01,70,Actual
Rwanda,2023-06-01,100,Actual
Rwanda,2023-07-01,65,Actual
Rwanda,2023-08-01,100,Actual
Rwanda,2023-09-01,125,Actual
Rwanda,2023-10-01,80,Actual
Rwanda,2023-11-01,65,Actual
Rwanda,2023-12-01,115,Actual
Rwanda,2024-01-01,130,Actual
Rwanda,2024-02-01,105,Actual
Rwanda,2024-03-01,85,Actual
Rwanda,2024-04-01,110,Actual
Rwanda,2024-05-01,130,Actual
Rwanda,2024-06-01,100,Actual
Rwanda,2024-07-01,110,Actual
Rwanda,2024-08-01,90,Actual
Rwanda,2024-09-01,95,Actual
Rwanda,2024-10-01,115,Actual
Rwanda,2024-11-01,75,Actual
Rwanda,2024-12-01,100,Actual
Rwanda,2025-01-01,96,Forecast
Rwanda,2025-02-01,100,Forecast
Rwanda,2025-03-01,101,Forecast
Rwanda,2025-04-01,104,Forecast
Rwanda,2025-05-01,101,Forecast
Rwanda,2025-06-01,98,Forecast
Rwanda,2025-07-01,103,Forecast
Rwanda,2025-08-01,97,Forecast
Rwanda,2025-09-01,112,Forecast
Rwanda,2025-10-01,106,Forecast
Rwanda,2025-11-01,89,Forecast
Rwanda,2025-12-01,103,Forecast
Rwanda,2026-01-01,103,Forecast
Rwanda,2026-02-01,103,Forecast
Rwanda,2026-03-01,106,Forecast
Rwanda,2026-04-01,106,Forecast
Rwanda,2026-05-01,102,Forecast
Rwanda,2026-06-01,104,Forecast
Rwanda,2026-07-01,106,Forecast
Rwanda,2026-08-01,103,Forecast
Rwanda,2026-09-01,119,Forecast
Rwanda,2026-10-01,106,Forecast
Rwanda,2026-11-01,91,Forecast
Rwanda,2026-12-01,106,Forecast
San Marino,2022-01-01,0,Actual
San Marino,2022-02-01,0,Actual
San Marino,2022-03-01,0,Actual
San Marino,2022-04-01,0,Actual
San Marino,2022-05-01,0,Actual
San Marino,2022-06-01,0,Actual
San Marino,2022-07-01,0,Actual
San Marino,2022-08-01,0,Actual
San Marino,2022-09-01,0,Actual
San Marino,2022-10-01,0,Actual
San Marino,2022-11-01,0,Actual
San Marino,2022-12-01,0,Actual
San Marino,2023-01-01,0,Actual
San Marino,2023-02-01,0,Actual
San Marino,2023-03-01,0,Actual
San Marino,2023-04-01,0,Actual
San Marino,2023-05-01,0,Actual
San Marino,2023-06-01,0,Actual
San Marino,2023-07-01,0,Actual
San Marino,2023-08-01,0,Actual
San Marino,2023-09-01,0,Actual
San Marino,2023-10-01,0,Actual
San Marino,2023-11-01,0,Actual
San Marino,2023-12-01,0,Actual
San Marino,2024-01-01,0,Actual
San Marino,2024-02-01,0,Actual
San Marino,2024-03-01,0,Actual
San Marino,2024-04-01,0,Actual
San Marino,2024-05-01,0,Actual
San Marino,2024-06-01,0,Actual
San Marino,2024-07-01,0,Actual
San Marino,2024-08-01,0,Actual
San Marino,2024-09-01,0,Actual
San Marino,2024-10-01,0,Actual
San Marino,2024-11-01,0,Actual
San Marino,2024-12-01,0,Actual
San Marino,2025-01-01,0,Forecast
San Marino,2025-02-01,0,Forecast
San Marino,2025-03-01,0,Forecast
San Marino,2025-04-01,0,Forecast
San Marino,2025-05-01,0,Forecast
San Marino,2025-06-01,0,Forecast
San Marino,2025-07-01,0,Forecast
San Marino,2025-08-01,0,Forecast
San Marino,2025-09-01,0,Forecast
San Marino,2025-10-01,0,Forecast
San Marino,2025-11-01,0,Forecast
San Marino,2025-12-01,0,Forecast
San Marino,2026-01-01,0,Forecast
San Marino,2026-02-01,0,Forecast
San Marino,2026-03-01,0,Forecast
San Marino,2026-04-01,0,Forecast
San Marino,2026-05-01,0,Forecast
San Marino,2026-06-01,0,Forecast
San Marino,2026-07-01,0,Forecast
San Marino,2026-08-01,0,Forecast
San Marino,2026-09-01,0,Forecast
San Marino,2026-10-01,0,Forecast
San Marino,2026-11-01,0,Forecast
San Marino,2026-12-01,0,Forecast
Sao Tome and Principe,2022-01-01,0,Actual
Sao Tome and Principe,2022-02-01,0,Actual
Sao Tome and Principe,2022-03-01,0,Actual
Sao Tome and Principe,2022-04-01,0,Actual
Sao Tome and Principe,2022-05-01,0,Actual
Sao Tome and Principe,2022-06-01,0,Actual
Sao Tome and Principe,2022-07-01,0,Actual
Sao Tome and Principe,2022-08-01,0,Actual
Sao Tome and Principe,2022-09-01,0,Actual
Sao Tome and Principe,2022-10-01,0,Actual
Sao Tome and Principe,2022-11-01,0,Actual
Sao Tome and Principe,2022-12-01,0,Actual
Sao Tome and Principe,2023-01-01,0,Actual
Sao Tome and Principe,2023-02-01,0,Actual
Sao Tome and Principe,2023-03-01,0,Actual
Sao Tome and Principe,2023-04-01,0,Actual
Sao Tome and Principe,2023-05-01,0,Actual
Sao Tome and Principe,2023-06-01,0,Actual
Sao Tome and Principe,2023-07-01,0,Actual
Sao Tome and Principe,2023-08-01,0,Actual
Sao Tome and Principe,2023-09-01,0,Actual
Sao Tome and Principe,2023-10-01,0,Actual
Sao Tome and Principe,2023-11-01,0,Actual
Sao Tome and Principe,2023-12-01,0,Actual
Sao Tome and Principe,2024-01-01,0,Actual
Sao Tome and Principe,2024-02-01,0,Actual
Sao Tome and Principe,2024-03-01,0,Actual
Sao Tome and Principe,2024-04-01,0,Actual
Sao Tome and Principe,2024-05-01,0,Actual
Sao Tome and Principe,2024-06-01,0,Actual
Sao Tome and Principe,2024-07-01,0,Actual
Sao Tome and Principe,2024-08-01,0,Actual
Sao Tome and Principe,2024-09-01,0,Actual
Sao Tome and Principe,2024-10-01,0,Actual
Sao Tome and Principe,2024-11-01,0,Actual
Sao Tome and Principe,2024-12-01,0,Actual
Sao Tome and Principe,2025-01-01,0,Forecast
Sao Tome and Principe,2025-02-01,0,Forecast
Sao Tome and Principe,2025-03-01,0,Forecast
Sao Tome and Principe,2025-04-01,0,Forecast
Sao Tome and Principe,2025-05-01,0,Forecast
Sao Tome and Principe,2025-06-01,0,Forecast
Sao Tome and Principe,2025-07-01,0,Forecast
Sao Tome and Principe,2025-08-01,0,Forecast
Sao Tome and Principe,2025-09-01,0,Forecast
Sao Tome and Principe,2025-10-01,0,Forecast
Sao Tome and Principe,2025-11-01,0,Forecast
Sao Tome and Principe,2025-12-01,0,Forecast
Sao Tome and Principe,2026-01-01,0,Forecast
Sao Tome and Principe,2026-02-01,0,Forecast
Sao Tome and Principe,2026-03-01,0,Forecast
Sao Tome and Principe,2026-04-01,0,Forecast
Sao Tome and Principe,2026-05-01,0,Forecast
Sao Tome and Principe,2026-06-01,0,Forecast
Sao Tome and Principe,2026-07-01,0,Forecast
Sao Tome and Principe,2026-08-01,0,Forecast
Sao Tome and Principe,2026-09-01,0,Forecast
Sao Tome and Principe,2026-10-01,0,Forecast
Sao Tome and Principe,2026-11-01,0,Forecast
Sao Tome and Principe,2026-12-01,0,Forecast
Saudi Arabia,2022-01-01,30,Actual
Saudi Arabia,2022-02-01,30,Actual
Saudi Arabia,2022-03-01,45,Actual
Saudi Arabia,2022-04-01,30,Actual
Saudi Arabia,2022-05-01,20,Actual
Saudi Arabia,2022-06-01,25,Actual
Saudi Arabia,2022-07-01,40,Actual
Saudi Arabia,2022-08-01,25,Actual
Saudi Arabia,2022-09-01,20,Actual
Saudi Arabia,2022-10-01,25,Actual
Saudi Arabia,2022-11-01,0,Actual
Saudi Arabia,2022-12-01,0,Actual
Saudi Arabia,2023-01-01,40,Actual
Saudi Arabia,2023-02-01,30,Actual
Saudi Arabia,2023-03-01,10,Actual
Saudi Arabia,2023-04-01,25,Actual
Saudi Arabia,2023-05-01,20,Actual
Saudi Arabia,2023-06-01,25,Actual
Saudi Arabia,2023-07-01,10,Actual
Saudi Arabia,2023-08-01,15,Actual
Saudi Arabia,2023-09-01,15,Actual
Saudi Arabia,2023-10-01,20,Actual
Saudi Arabia,2023-11-01,10,Actual
Saudi Arabia,2023-12-01,15,Actual
Saudi Arabia,2024-01-01,25,Actual
Saudi Arabia,2024-02-01,25,Actual
Saudi Arabia,2024-03-01,10,Actual
Saudi Arabia,2024-04-01,20,Actual
Saudi Arabia,2024-05-01,15,Actual
Saudi Arabia,2024-06-01,35,Actual
Saudi Arabia,2024-07-01,30,Actual
Saudi Arabia,2024-08-01,20,Actual
Saudi Arabia,2024-09-01,10,Actual
Saudi Arabia,2024-10-01,15,Actual
Saudi Arabia,2024-11-01,15,Actual
Saudi Arabia,2024-12-01,10,Actual
Saudi Arabia,2025-01-01,24,Forecast
Saudi Arabia,2025-02-01,24,Forecast
Saudi Arabia,2025-03-01,20,Forecast
Saudi Arabia,2025-04-01,22,Forecast
Saudi Arabia,2025-05-01,18,Forecast
Saudi Arabia,2025-06-01,24,Forecast
Saudi Arabia,2025-07-01,24,Forecast
Saudi Arabia,2025-08-01,20,Forecast
Saudi Arabia,2025-09-01,17,Forecast
Saudi Arabia,2025-10-01,20,Forecast
Saudi Arabia,2025-11-01,15,Forecast
Saudi Arabia,2025-12-01,14,Forecast
Saudi Arabia,2026-01-01,25,Forecast
Saudi Arabia,2026-02-01,24,Forecast
Saudi Arabia,2026-03-01,21,Forecast
Saudi Arabia,2026-04-01,22,Forecast
Saudi Arabia,2026-05-01,19,Forecast
Saudi Arabia,2026-06-01,24,Forecast
Saudi Arabia,2026-07-01,23,Forecast
Saudi Arabia,2026-08-01,20,Forecast
Saudi Arabia,2026-09-01,18,Forecast
Saudi Arabia,2026-10-01,21,Forecast
Saudi Arabia,2026-11-01,15,Forecast
Saudi Arabia,2026-12-01,15,Forecast
Senegal,2022-01-01,45,Actual
Senegal,2022-02-01,60,Actual
Senegal,2022-03-01,90,Actual
Senegal,2022-04-01,80,Actual
Senegal,2022-05-01,80,Actual
Senegal,2022-06-01,110,Actual
Senegal,2022-07-01,105,Actual
Senegal,2022-08-01,70,Actual
Senegal,2022-09-01,100,Actual
Senegal,2022-10-01,70,Actual
Senegal,2022-11-01,80,Actual
Senegal,2022-12-01,115,Actual
Senegal,2023-01-01,65,Actual
Senegal,2023-02-01,85,Actual
Senegal,2023-03-01,90,Actual
Senegal,2023-04-01,85,Actual
Senegal,2023-05-01,60,Actual
Senegal,2023-06-01,75,Actual
Senegal,2023-07-01,110,Actual
Senegal,2023-08-01,70,Actual
Senegal,2023-09-01,105,Actual
Senegal,2023-10-01,70,Actual
Senegal,2023-11-01,65,Actual
Senegal,2023-12-01,55,Actual
Senegal,2024-01-01,50,Actual
Senegal,2024-02-01,80,Actual
Senegal,2024-03-01,80,Actual
Senegal,2024-04-01,85,Actual
Senegal,2024-05-01,110,Actual
Senegal,2024-06-01,115,Actual
Senegal,2024-07-01,155,Actual
Senegal,2024-08-01,105,Actual
Senegal,2024-09-01,85,Actual
Senegal,2024-10-01,60,Actual
Senegal,2024-11-01,65,Actual
Senegal,2024-12-01,75,Actual
Senegal,2025-01-01,70,Forecast
Senegal,2025-02-01,78,Forecast
Senegal,2025-03-01,84,Forecast
Senegal,2025-04-01,83,Forecast
Senegal,2025-05-01,88,Forecast
Senegal,2025-06-01,96,Forecast
Senegal,2025-07-01,113,Forecast
Senegal,2025-08-01,86,Forecast
Senegal,2025-09-01,89,Forecast
Senegal,2025-10-01,72,Forecast
Senegal,2025-11-01,75,Forecast
Senegal,2025-12-01,83,Forecast
Senegal,2026-01-01,71,Forecast
Senegal,2026-02-01,80,Forecast
Senegal,2026-03-01,87,Forecast
Senegal,2026-04-01,86,Forecast
Senegal,2026-05-01,86,Forecast
Senegal,2026-06-01,95,Forecast
Senegal,2026-07-01,109,Forecast
Senegal,2026-08-01,85,Forecast
Senegal,2026-09-01,93,Forecast
Senegal,2026-10-01,76,Forecast
Senegal,2026-11-01,78,Forecast
Senegal,2026-12-01,83,Forecast
"Serbia, Republic of",2022-01-01,35,Actual
"Serbia, Republic of",2022-02-01,35,Actual
"Serbia, Republic of",2022-03-01,35,Actual
"Serbia, Republic of",2022-04-01,30,Actual
"Serbia, Republic of",2022-05-01,40,Actual
"Serbia, Republic of",2022-06-01,30,Actual
"Serbia, Republic of",2022-07-01,50,Actual
"Serbia, Republic of",2022-08-01,25,Actual
"Serbia, Republic of",2022-09-01,35,Actual
"Serbia, Republic of",2022-10-01,25,Actual
"Serbia, Republic of",2022-11-01,10,Actual
"Serbia, Republic of",2022-12-01,5,Actual
"Serbia, Republic of",2023-01-01,45,Actual
"Serbia, Republic of",2023-02-01,55,Actual
"Serbia, Republic of",2023-03-01,20,Actual
"Serbia, Republic of",2023-04-01,20,Actual
"Serbia, Republic of",2023-05-01,30,Actual
"Serbia, Republic of",2023-06-01,20,Actual
"Serbia, Republic of",2023-07-01,10,Actual
"Serbia, Republic of",2023-08-01,15,Actual
"Serbia, Republic of",2023-09-01,10,Actual
"Serbia, Republic of",2023-10-01,10,Actual
"Serbia, Republic of",2023-11-01,15,Actual
"Serbia, Republic of",2023-12-01,30,Actual
"Serbia, Republic of",2024-01-01,25,Actual
"Serbia, Republic of",2024-02-01,15,Actual
"Serbia, Republic of",2024-03-01,10,Actual
"Serbia, Republic of",2024-04-01,25,Actual
"Serbia, Republic of",2024-05-01,15,Actual
"Serbia, Republic of",2024-06-01,25,Actual
"Serbia, Republic of",2024-07-01,25,Actual
"Serbia, Republic of",2024-08-01,30,Actual
"Serbia, Republic of",2024-09-01,10,Actual
"Serbia, Republic of",2024-10-01,10,Actual
"Serbia, Republic of",2024-11-01,20,Actual
"Serbia, Republic of",2024-12-01,15,Actual
"Serbia, Republic of",2025-01-01,19,Forecast
"Serbia, Republic of",2025-02-01,22,Forecast
"Serbia, Republic of",2025-03-01,13,Forecast
"Serbia, Republic of",2025-04-01,15,Forecast
"Serbia, Republic of",2025-05-01,16,Forecast
"Serbia, Republic of",2025-06-01,15,Forecast
"Serbia, Republic of",2025-07-01,17,Forecast
"Serbia, Republic of",2025-08-01,15,Forecast
"Serbia, Republic of",2025-09-01,11,Forecast
"Serbia, Republic of",2025-10-01,10,Forecast
"Serbia, Republic of",2025-11-01,10,Forecast
"Serbia, Republic of",2025-12-01,10,Forecast
"Serbia, Republic of",2026-01-01,17,Forecast
"Serbia, Republic of",2026-02-01,19,Forecast
"Serbia, Republic of",2026-03-01,11,Forecast
"Serbia, Republic of",2026-04-01,12,Forecast
"Serbia, Republic of",2026-05-01,15,Forecast
"Serbia, Republic of",2026-06-01,12,Forecast
"Serbia, Republic of",2026-07-01,14,Forecast
"Serbia, Republic of",2026-08-01,11,Forecast
"Serbia, Republic of",2026-09-01,9,Forecast
"Serbia, Republic of",2026-10-01,8,Forecast
"Serbia, Republic of",2026-11-01,7,Forecast
"Serbia, Republic of",2026-12-01,8,Forecast
Seychelles,2022-01-01,0,Actual
Seychelles,2022-02-01,0,Actual
Seychelles,2022-03-01,0,Actual
Seychelles,2022-04-01,0,Actual
Seychelles,2022-05-01,0,Actual
Seychelles,2022-06-01,0,Actual
Seychelles,2022-07-01,0,Actual
Seychelles,2022-08-01,0,Actual
Seychelles,2022-09-01,0,Actual
Seychelles,2022-10-01,0,Actual
Seychelles,2022-11-01,0,Actual
Seychelles,2022-12-01,0,Actual
Seychelles,2023-01-01,0,Actual
Seychelles,2023-02-01,0,Actual
Seychelles,2023-03-01,0,Actual
Seychelles,2023-04-01,0,Actual
Seychelles,2023-05-01,0,Actual
Seychelles,2023-06-01,0,Actual
Seychelles,2023-07-01,0,Actual
Seychelles,2023-08-01,0,Actual
Seychelles,2023-09-01,0,Actual
Seychelles,2023-10-01,0,Actual
Seychelles,2023-11-01,0,Actual
Seychelles,2023-12-01,0,Actual
Seychelles,2024-01-01,0,Actual
Seychelles,2024-02-01,0,Actual
Seychelles,2024-03-01,0,Actual
Seychelles,2024-04-01,0,Actual
Seychelles,2024-05-01,0,Actual
Seychelles,2024-06-01,0,Actual
Seychelles,2024-07-01,0,Actual
Seychelles,2024-08-01,0,Actual
Seychelles,2024-09-01,0,Actual
Seychelles,2024-10-01,0,Actual
Seychelles,2024-11-01,0,Actual
Seychelles,2024-12-01,0,Actual
Seychelles,2025-01-01,0,Forecast
Seychelles,2025-02-01,0,Forecast
Seychelles,2025-03-01,0,Forecast
Seychelles,2025-04-01,0,Forecast
Seychelles,2025-05-01,0,Forecast
Seychelles,2025-06-01,0,Forecast
Seychelles,2025-07-01,0,Forecast
Seychelles,2025-08-01,0,Forecast
Seychelles,2025-09-01,0,Forecast
Seychelles,2025-10-01,0,Forecast
Seychelles,2025-11-01,0,Forecast
Seychelles,2025-12-01,0,Forecast
Seychelles,2026-01-01,0,Forecast
Seychelles,2026-02-01,0,Forecast
Seychelles,2026-03-01,0,Forecast
Seychelles,2026-04-01,0,Forecast
Seychelles,2026-05-01,0,Forecast
Seychelles,2026-06-01,0,Forecast
Seychelles,2026-07-01,0,Forecast
Seychelles,2026-08-01,0,Forecast
Seychelles,2026-09-01,0,Forecast
Seychelles,2026-10-01,0,Forecast
Seychelles,2026-11-01,0,Forecast
Seychelles,2026-12-01,0,Forecast
Sierra Leone,2022-01-01,0,Actual
Sierra Leone,2022-02-01,0,Actual
Sierra Leone,2022-03-01,10,Actual
Sierra Leone,2022-04-01,0,Actual
Sierra Leone,2022-05-01,0,Actual
Sierra Leone,2022-06-01,0,Actual
Sierra Leone,2022-07-01,5,Actual
Sierra Leone,2022-08-01,5,Actual
Sierra Leone,2022-09-01,10,Actual
Sierra Leone,2022-10-01,0,Actual
Sierra Leone,2022-11-01,5,Actual
Sierra Leone,2022-12-01,5,Actual
Sierra Leone,2023-01-01,0,Actual
Sierra Leone,2023-02-01,10,Actual
Sierra Leone,2023-03-01,10,Actual
Sierra Leone,2023-04-01,0,Actual
Sierra Leone,2023-05-01,20,Actual
Sierra Leone,2023-06-01,5,Actual
Sierra Leone,2023-07-01,10,Actual
Sierra Leone,2023-08-01,10,Actual
Sierra Leone,2023-09-01,15,Actual
Sierra Leone,2023-10-01,0,Actual
Sierra Leone,2023-11-01,10,Actual
Sierra Leone,2023-12-01,5,Actual
Sierra Leone,2024-01-01,5,Actual
Sierra Leone,2024-02-01,10,Actual
Sierra Leone,2024-03-01,5,Actual
Sierra Leone,2024-04-01,10,Actual
Sierra Leone,2024-05-01,10,Actual
Sierra Leone,2024-06-01,10,Actual
Sierra Leone,2024-07-01,5,Actual
Sierra Leone,2024-08-01,10,Actual
Sierra Leone,2024-09-01,10,Actual
Sierra Leone,2024-10-01,10,Actual
Sierra Leone,2024-11-01,5,Actual
Sierra Leone,2024-12-01,10,Actual
Sierra Leone,2025-01-01,8,Forecast
Sierra Leone,2025-02-01,10,Forecast
Sierra Leone,2025-03-01,11,Forecast
Sierra Leone,2025-04-01,9,Forecast
Sierra Leone,2025-05-01,11,Forecast
Sierra Leone,2025-06-01,10,Forecast
Sierra Leone,2025-07-01,10,Forecast
Sierra Leone,2025-08-01,11,Forecast
Sierra Leone,2025-09-01,12,Forecast
Sierra Leone,2025-10-01,9,Forecast
Sierra Leone,2025-11-01,10,Forecast
Sierra Leone,2025-12-01,10,Forecast
Sierra Leone,2026-01-01,9,Forecast
Sierra Leone,2026-02-01,11,Forecast
Sierra Leone,2026-03-01,12,Forecast
Sierra Leone,2026-04-01,9,Forecast
Sierra Leone,2026-05-01,13,Forecast
Sierra Leone,2026-06-01,10,Forecast
Sierra Leone,2026-07-01,11,Forecast
Sierra Leone,2026-08-01,12,Forecast
Sierra Leone,2026-09-01,14,Forecast
Sierra Leone,2026-10-01,9,Forecast
Sierra Leone,2026-11-01,11,Forecast
Sierra Leone,2026-12-01,11,Forecast
Singapore,2022-01-01,25,Actual
Singapore,2022-02-01,30,Actual
Singapore,2022-03-01,25,Actual
Singapore,2022-04-01,40,Actual
Singapore,2022-05-01,25,Actual
Singapore,2022-06-01,35,Actual
Singapore,2022-07-01,20,Actual
Singapore,2022-08-01,30,Actual
Singapore,2022-09-01,10,Actual
Singapore,2022-10-01,25,Actual
Singapore,2022-11-01,10,Actual
Singapore,2022-12-01,25,Actual
Singapore,2023-01-01,35,Actual
Singapore,2023-02-01,40,Actual
Singapore,2023-03-01,30,Actual
Singapore,2023-04-01,10,Actual
Singapore,2023-05-01,30,Actual
Singapore,2023-06-01,15,Actual
Singapore,2023-07-01,10,Actual
Singapore,2023-08-01,15,Actual
Singapore,2023-09-01,20,Actual
Singapore,2023-10-01,20,Actual
Singapore,2023-11-01,25,Actual
Singapore,2023-12-01,25,Actual
Singapore,2024-01-01,10,Actual
Singapore,2024-02-01,35,Actual
Singapore,2024-03-01,25,Actual
Singapore,2024-04-01,20,Actual
Singapore,2024-05-01,30,Actual
Singapore,2024-06-01,15,Actual
Singapore,2024-07-01,15,Actual
Singapore,2024-08-01,20,Actual
Singapore,2024-09-01,20,Actual
Singapore,2024-10-01,15,Actual
Singapore,2024-11-01,20,Actual
Singapore,2024-12-01,5,Actual
Singapore,2025-01-01,24,Forecast
Singapore,2025-02-01,25,Forecast
Singapore,2025-03-01,22,Forecast
Singapore,2025-04-01,21,Forecast
Singapore,2025-05-01,23,Forecast
Singapore,2025-06-01,19,Forecast
Singapore,2025-07-01,16,Forecast
Singapore,2025-08-01,20,Forecast
Singapore,2025-09-01,17,Forecast
Singapore,2025-10-01,18,Forecast
Singapore,2025-11-01,18,Forecast
Singapore,2025-12-01,17,Forecast
Singapore,2026-01-01,21,Forecast
Singapore,2026-02-01,24,Forecast
Singapore,2026-03-01,21,Forecast
Singapore,2026-04-01,19,Forecast
Singapore,2026-05-01,21,Forecast
Singapore,2026-06-01,18,Forecast
Singapore,2026-07-01,15,Forecast
Singapore,2026-08-01,18,Forecast
Singapore,2026-09-01,16,Forecast
Singapore,2026-10-01,17,Forecast
Singapore,2026-11-01,16,Forecast
Singapore,2026-12-01,17,Forecast
Sint-Maarten,2022-01-01,0,Actual
Sint-Maarten,2022-02-01,0,Actual
Sint-Maarten,2022-03-01,0,Actual
Sint-Maarten,2022-04-01,0,Actual
Sint-Maarten,2022-05-01,0,Actual
Sint-Maarten,2022-06-01,0,Actual
Sint-Maarten,2022-07-01,0,Actual
Sint-Maarten,2022-08-01,0,Actual
Sint-Maarten,2022-09-01,0,Actual
Sint-Maarten,2022-10-01,0,Actual
Sint-Maarten,2022-11-01,0,Actual
Sint-Maarten,2022-12-01,0,Actual
Sint-Maarten,2023-01-01,0,Actual
Sint-Maarten,2023-02-01,0,Actual
Sint-Maarten,2023-03-01,0,Actual
Sint-Maarten,2023-04-01,0,Actual
Sint-Maarten,2023-05-01,0,Actual
Sint-Maarten,2023-06-01,0,Actual
Sint-Maarten,2023-07-01,0,Actual
Sint-Maarten,2023-08-01,0,Actual
Sint-Maarten,2023-09-01,0,Actual
Sint-Maarten,2023-10-01,0,Actual
Sint-Maarten,2023-11-01,0,Actual
Sint-Maarten,2023-12-01,0,Actual
Sint-Maarten,2024-01-01,0,Actual
Sint-Maarten,2024-02-01,0,Actual
Sint-Maarten,2024-03-01,0,Actual
Sint-Maarten,2024-04-01,0,Actual
Sint-Maarten,2024-05-01,0,Actual
Sint-Maarten,2024-06-01,0,Actual
Sint-Maarten,2024-07-01,0,Actual
Sint-Maarten,2024-08-01,0,Actual
Sint-Maarten,2024-09-01,0,Actual
Sint-Maarten,2024-10-01,0,Actual
Sint-Maarten,2024-11-01,0,Actual
Sint-Maarten,2024-12-01,0,Actual
Sint-Maarten,2025-01-01,0,Forecast
Sint-Maarten,2025-02-01,0,Forecast
Sint-Maarten,2025-03-01,0,Forecast
Sint-Maarten,2025-04-01,0,Forecast
Sint-Maarten,2025-05-01,0,Forecast
Sint-Maarten,2025-06-01,0,Forecast
Sint-Maarten,2025-07-01,0,Forecast
Sint-Maarten,2025-08-01,0,Forecast
Sint-Maarten,2025-09-01,0,Forecast
Sint-Maarten,2025-10-01,0,Forecast
Sint-Maarten,2025-11-01,0,Forecast
Sint-Maarten,2025-12-01,0,Forecast
Sint-Maarten,2026-01-01,0,Forecast
Sint-Maarten,2026-02-01,0,Forecast
Sint-Maarten,2026-03-01,0,Forecast
Sint-Maarten,2026-04-01,0,Forecast
Sint-Maarten,2026-05-01,0,Forecast
Sint-Maarten,2026-06-01,0,Forecast
Sint-Maarten,2026-07-01,0,Forecast
Sint-Maarten,2026-08-01,0,Forecast
Sint-Maarten,2026-09-01,0,Forecast
Sint-Maarten,2026-10-01,0,Forecast
Sint-Maarten,2026-11-01,0,Forecast
Sint-Maarten,2026-12-01,0,Forecast
Slovak Republic,2022-01-01,20,Actual
Slovak Republic,2022-02-01,25,Actual
Slovak Republic,2022-03-01,35,Actual
Slovak Republic,2022-04-01,15,Actual
Slovak Republic,2022-05-01,5,Actual
Slovak Republic,2022-06-01,20,Actual
Slovak Republic,2022-07-01,15,Actual
Slovak Republic,2022-08-01,25,Actual
Slovak Republic,2022-09-01,15,Actual
Slovak Republic,2022-10-01,5,Actual
Slovak Republic,2022-11-01,0,Actual
Slovak Republic,2022-12-01,5,Actual
Slovak Republic,2023-01-01,10,Actual
Slovak Republic,2023-02-01,30,Actual
Slovak Republic,2023-03-01,30,Actual
Slovak Republic,2023-04-01,5,Actual
Slovak Republic,2023-05-01,20,Actual
Slovak Republic,2023-06-01,15,Actual
Slovak Republic,2023-07-01,10,Actual
Slovak Republic,2023-08-01,10,Actual
Slovak Republic,2023-09-01,5,Actual
Slovak Republic,2023-10-01,5,Actual
Slovak Republic,2023-11-01,5,Actual
Slovak Republic,2023-12-01,10,Actual
Slovak Republic,2024-01-01,5,Actual
Slovak Republic,2024-02-01,5,Actual
Slovak Republic,2024-03-01,15,Actual
Slovak Republic,2024-04-01,15,Actual
Slovak Republic,2024-05-01,10,Actual
Slovak Republic,2024-06-01,15,Actual
Slovak Republic,2024-07-01,10,Actual
Slovak Republic,2024-08-01,20,Actual
Slovak Republic,2024-09-01,5,Actual
Slovak Republic,2024-10-01,0,Actual
Slovak Republic,2024-11-01,10,Actual
Slovak Republic,2024-12-01,10,Actual
Slovak Republic,2025-01-01,10,Forecast
Slovak Republic,2025-02-01,16,Forecast
Slovak Republic,2025-03-01,16,Forecast
Slovak Republic,2025-04-01,10,Forecast
Slovak Republic,2025-05-01,10,Forecast
Slovak Republic,2025-06-01,13,Forecast
Slovak Republic,2025-07-01,10,Forecast
Slovak Republic,2025-08-01,14,Forecast
Slovak Republic,2025-09-01,8,Forecast
Slovak Republic,2025-10-01,5,Forecast
Slovak Republic,2025-11-01,7,Forecast
Slovak Republic,2025-12-01,8,Forecast
Slovak Republic,2026-01-01,9,Forecast
Slovak Republic,2026-02-01,14,Forecast
Slovak Republic,2026-03-01,17,Forecast
Slovak Republic,2026-04-01,9,Forecast
Slovak Republic,2026-05-01,9,Forecast
Slovak Republic,2026-06-01,11,Forecast
Slovak Republic,2026-07-01,9,Forecast
Slovak Republic,2026-08-01,12,Forecast
Slovak Republic,2026-09-01,7,Forecast
Slovak Republic,2026-10-01,5,Forecast
Slovak Republic,2026-11-01,5,Forecast
Slovak Republic,2026-12-01,7,Forecast
Slovenia,2022-01-01,0,Actual
Slovenia,2022-02-01,0,Actual
Slovenia,2022-03-01,0,Actual
Slovenia,2022-04-01,0,Actual
Slovenia,2022-05-01,0,Actual
Slovenia,2022-06-01,0,Actual
Slovenia,2022-07-01,0,Actual
Slovenia,2022-08-01,0,Actual
Slovenia,2022-09-01,0,Actual
Slovenia,2022-10-01,0,Actual
Slovenia,2022-11-01,0,Actual
Slovenia,2022-12-01,0,Actual
Slovenia,2023-01-01,10,Actual
Slovenia,2023-02-01,10,Actual
Slovenia,2023-03-01,5,Actual
Slovenia,2023-04-01,5,Actual
Slovenia,2023-05-01,0,Actual
Slovenia,2023-06-01,5,Actual
Slovenia,2023-07-01,0,Actual
Slovenia,2023-08-01,0,Actual
Slovenia,2023-09-01,0,Actual
Slovenia,2023-10-01,0,Actual
Slovenia,2023-11-01,0,Actual
Slovenia,2023-12-01,0,Actual
Slovenia,2024-01-01,0,Actual
Slovenia,2024-02-01,0,Actual
Slovenia,2024-03-01,0,Actual
Slovenia,2024-04-01,0,Actual
Slovenia,2024-05-01,0,Actual
Slovenia,2024-06-01,0,Actual
Slovenia,2024-07-01,0,Actual
Slovenia,2024-08-01,0,Actual
Slovenia,2024-09-01,0,Actual
Slovenia,2024-10-01,0,Actual
Slovenia,2024-11-01,0,Actual
Slovenia,2024-12-01,0,Actual
Slovenia,2025-01-01,2,Forecast
Slovenia,2025-02-01,3,Forecast
Slovenia,2025-03-01,1,Forecast
Slovenia,2025-04-01,1,Forecast
Slovenia,2025-05-01,1,Forecast
Slovenia,2025-06-01,1,Forecast
Slovenia,2025-07-01,1,Forecast
Slovenia,2025-08-01,1,Forecast
Slovenia,2025-09-01,1,Forecast
Slovenia,2025-10-01,0,Forecast
Slovenia,2025-11-01,0,Forecast
Slovenia,2025-12-01,0,Forecast
Slovenia,2026-01-01,3,Forecast
Slovenia,2026-02-01,3,Forecast
Slovenia,2026-03-01,2,Forecast
Slovenia,2026-04-01,2,Forecast
Slovenia,2026-05-01,1,Forecast
Slovenia,2026-06-01,2,Forecast
Slovenia,2026-07-01,1,Forecast
Slovenia,2026-08-01,1,Forecast
Slovenia,2026-09-01,1,Forecast
Slovenia,2026-10-01,1,Forecast
Slovenia,2026-11-01,1,Forecast
Slovenia,2026-12-01,1,Forecast
"Somalia, Democratic Republic of",2022-01-01,75,Actual
"Somalia, Democratic Republic of",2022-02-01,150,Actual
"Somalia, Democratic Republic of",2022-03-01,260,Actual
"Somalia, Democratic Republic of",2022-04-01,210,Actual
"Somalia, Democratic Republic of",2022-05-01,220,Actual
"Somalia, Democratic Republic of",2022-06-01,235,Actual
"Somalia, Democratic Republic of",2022-07-01,150,Actual
"Somalia, Democratic Republic of",2022-08-01,100,Actual
"Somalia, Democratic Republic of",2022-09-01,270,Actual
"Somalia, Democratic Republic of",2022-10-01,290,Actual
"Somalia, Democratic Republic of",2022-11-01,660,Actual
"Somalia, Democratic Republic of",2022-12-01,320,Actual
"Somalia, Democratic Republic of",2023-01-01,405,Actual
"Somalia, Democratic Republic of",2023-02-01,415,Actual
"Somalia, Democratic Republic of",2023-03-01,455,Actual
"Somalia, Democratic Republic of",2023-04-01,400,Actual
"Somalia, Democratic Republic of",2023-05-01,535,Actual
"Somalia, Democratic Republic of",2023-06-01,330,Actual
"Somalia, Democratic Republic of",2023-07-01,225,Actual
"Somalia, Democratic Republic of",2023-08-01,170,Actual
"Somalia, Democratic Republic of",2023-09-01,420,Actual
"Somalia, Democratic Republic of",2023-10-01,885,Actual
"Somalia, Democratic Republic of",2023-11-01,710,Actual
"Somalia, Democratic Republic of",2023-12-01,225,Actual
"Somalia, Democratic Republic of",2024-01-01,155,Actual
"Somalia, Democratic Republic of",2024-02-01,455,Actual
"Somalia, Democratic Republic of",2024-03-01,225,Actual
"Somalia, Democratic Republic of",2024-04-01,335,Actual
"Somalia, Democratic Republic of",2024-05-01,595,Actual
"Somalia, Democratic Republic of",2024-06-01,630,Actual
"Somalia, Democratic Republic of",2024-07-01,535,Actual
"Somalia, Democratic Republic of",2024-08-01,425,Actual
"Somalia, Democratic Republic of",2024-09-01,600,Actual
"Somalia, Democratic Republic of",2024-10-01,500,Actual
"Somalia, Democratic Republic of",2024-11-01,615,Actual
"Somalia, Democratic Republic of",2024-12-01,735,Actual
"Somalia, Democratic Republic of",2025-01-01,666,Forecast
"Somalia, Democratic Republic of",2025-02-01,681,Forecast
"Somalia, Democratic Republic of",2025-03-01,633,Forecast
"Somalia, Democratic Republic of",2025-04-01,645,Forecast
"Somalia, Democratic Republic of",2025-05-01,723,Forecast
"Somalia, Democratic Republic of",2025-06-01,707,Forecast
"Somalia, Democratic Republic of",2025-07-01,657,Forecast
"Somalia, Democratic Republic of",2025-08-01,617,Forecast
"Somalia, Democratic Republic of",2025-09-01,713,Forecast
"Somalia, Democratic Republic of",2025-10-01,752,Forecast
"Somalia, Democratic Republic of",2025-11-01,816,Forecast
"Somalia, Democratic Republic of",2025-12-01,728,Forecast
"Somalia, Democratic Republic of",2026-01-01,698,Forecast
"Somalia, Democratic Republic of",2026-02-01,738,Forecast
"Somalia, Democratic Republic of",2026-03-01,726,Forecast
"Somalia, Democratic Republic of",2026-04-01,723,Forecast
"Somalia, Democratic Republic of",2026-05-01,788,Forecast
"Somalia, Democratic Republic of",2026-06-01,756,Forecast
"Somalia, Democratic Republic of",2026-07-01,706,Forecast
"Somalia, Democratic Republic of",2026-08-01,672,Forecast
"Somalia, Democratic Republic of",2026-09-01,773,Forecast
"Somalia, Democratic Republic of",2026-10-01,855,Forecast
"Somalia, Democratic Republic of",2026-11-01,902,Forecast
"Somalia, Democratic Republic of",2026-12-01,761,Forecast
Spain,2022-01-01,70,Actual
Spain,2022-02-01,70,Actual
Spain,2022-03-01,70,Actual
Spain,2022-04-01,45,Actual
Spain,2022-05-01,40,Actual
Spain,2022-06-01,70,Actual
Spain,2022-07-01,40,Actual
Spain,2022-08-01,45,Actual
Spain,2022-09-01,60,Actual
Spain,2022-10-01,15,Actual
Spain,2022-11-01,25,Actual
Spain,2022-12-01,35,Actual
Spain,2023-01-01,115,Actual
Spain,2023-02-01,100,Actual
Spain,2023-03-01,55,Actual
Spain,2023-04-01,35,Actual
Spain,2023-05-01,65,Actual
Spain,2023-06-01,55,Actual
Spain,2023-07-01,50,Actual
Spain,2023-08-01,50,Actual
Spain,2023-09-01,40,Actual
Spain,2023-10-01,25,Actual
Spain,2023-11-01,25,Actual
Spain,2023-12-01,45,Actual
Spain,2024-01-01,70,Actual
Spain,2024-02-01,50,Actual
Spain,2024-03-01,40,Actual
Spain,2024-04-01,50,Actual
Spain,2024-05-01,60,Actual
Spain,2024-06-01,35,Actual
Spain,2024-07-01,65,Actual
Spain,2024-08-01,55,Actual
Spain,2024-09-01,40,Actual
Spain,2024-10-01,25,Actual
Spain,2024-11-01,40,Actual
Spain,2024-12-01,40,Actual
Spain,2025-01-01,62,Forecast
Spain,2025-02-01,62,Forecast
Spain,2025-03-01,50,Forecast
Spain,2025-04-01,48,Forecast
Spain,2025-05-01,52,Forecast
Spain,2025-06-01,48,Forecast
Spain,2025-07-01,53,Forecast
Spain,2025-08-01,50,Forecast
Spain,2025-09-01,47,Forecast
Spain,2025-10-01,32,Forecast
Spain,2025-11-01,40,Forecast
Spain,2025-12-01,43,Forecast
Spain,2026-01-01,65,Forecast
Spain,2026-02-01,63,Forecast
Spain,2026-03-01,52,Forecast
Spain,2026-04-01,46,Forecast
Spain,2026-05-01,52,Forecast
Spain,2026-06-01,52,Forecast
Spain,2026-07-01,50,Forecast
Spain,2026-08-01,49,Forecast
Spain,2026-09-01,48,Forecast
Spain,2026-10-01,35,Forecast
Spain,2026-11-01,39,Forecast
Spain,2026-12-01,45,Forecast
Sri Lanka,2022-01-01,190,Actual
Sri Lanka,2022-02-01,195,Actual
Sri Lanka,2022-03-01,165,Actual
Sri Lanka,2022-04-01,165,Actual
Sri Lanka,2022-05-01,180,Actual
Sri Lanka,2022-06-01,240,Actual
Sri Lanka,2022-07-01,280,Actual
Sri Lanka,2022-08-01,165,Actual
Sri Lanka,2022-09-01,290,Actual
Sri Lanka,2022-10-01,280,Actual
Sri Lanka,2022-11-01,190,Actual
Sri Lanka,2022-12-01,165,Actual
Sri Lanka,2023-01-01,310,Actual
Sri Lanka,2023-02-01,295,Actual
Sri Lanka,2023-03-01,255,Actual
Sri Lanka,2023-04-01,140,Actual
Sri Lanka,2023-05-01,295,Actual
Sri Lanka,2023-06-01,230,Actual
Sri Lanka,2023-07-01,165,Actual
Sri Lanka,2023-08-01,215,Actual
Sri Lanka,2023-09-01,170,Actual
Sri Lanka,2023-10-01,215,Actual
Sri Lanka,2023-11-01,185,Actual
Sri Lanka,2023-12-01,230,Actual
Sri Lanka,2024-01-01,295,Actual
Sri Lanka,2024-02-01,230,Actual
Sri Lanka,2024-03-01,270,Actual
Sri Lanka,2024-04-01,400,Actual
Sri Lanka,2024-05-01,330,Actual
Sri Lanka,2024-06-01,270,Actual
Sri Lanka,2024-07-01,330,Actual
Sri Lanka,2024-08-01,285,Actual
Sri Lanka,2024-09-01,370,Actual
Sri Lanka,2024-10-01,365,Actual
Sri Lanka,2024-11-01,420,Actual
Sri Lanka,2024-12-01,245,Actual
Sri Lanka,2025-01-01,337,Forecast
Sri Lanka,2025-02-01,362,Forecast
Sri Lanka,2025-03-01,342,Forecast
Sri Lanka,2025-04-01,333,Forecast
Sri Lanka,2025-05-01,352,Forecast
Sri Lanka,2025-06-01,351,Forecast
Sri Lanka,2025-07-01,355,Forecast
Sri Lanka,2025-08-01,334,Forecast
Sri Lanka,2025-09-01,362,Forecast
Sri Lanka,2025-10-01,369,Forecast
Sri Lanka,2025-11-01,358,Forecast
Sri Lanka,2025-12-01,339,Forecast
Sri Lanka,2026-01-01,388,Forecast
Sri Lanka,2026-02-01,381,Forecast
Sri Lanka,2026-03-01,378,Forecast
Sri Lanka,2026-04-01,385,Forecast
Sri Lanka,2026-05-01,404,Forecast
Sri Lanka,2026-06-01,391,Forecast
Sri Lanka,2026-07-01,399,Forecast
Sri Lanka,2026-08-01,383,Forecast
Sri Lanka,2026-09-01,412,Forecast
Sri Lanka,2026-10-01,418,Forecast
Sri Lanka,2026-11-01,407,Forecast
Sri Lanka,2026-12-01,382,Forecast
St. Kitts-Nevis,2022-01-01,0,Actual
St. Kitts-Nevis,2022-02-01,0,Actual
St. Kitts-Nevis,2022-03-01,0,Actual
St. Kitts-Nevis,2022-04-01,0,Actual
St. Kitts-Nevis,2022-05-01,5,Actual
St. Kitts-Nevis,2022-06-01,0,Actual
St. Kitts-Nevis,2022-07-01,0,Actual
St. Kitts-Nevis,2022-08-01,10,Actual
St. Kitts-Nevis,2022-09-01,0,Actual
St. Kitts-Nevis,2022-10-01,0,Actual
St. Kitts-Nevis,2022-11-01,0,Actual
St. Kitts-Nevis,2022-12-01,0,Actual
St. Kitts-Nevis,2023-01-01,10,Actual
St. Kitts-Nevis,2023-02-01,0,Actual
St. Kitts-Nevis,2023-03-01,5,Actual
St. Kitts-Nevis,2023-04-01,5,Actual
St. Kitts-Nevis,2023-05-01,5,Actual
St. Kitts-Nevis,2023-06-01,0,Actual
St. Kitts-Nevis,2023-07-01,10,Actual
St. Kitts-Nevis,2023-08-01,5,Actual
St. Kitts-Nevis,2023-09-01,0,Actual
St. Kitts-Nevis,2023-10-01,10,Actual
St. Kitts-Nevis,2023-11-01,0,Actual
St. Kitts-Nevis,2023-12-01,0,Actual
St. Kitts-Nevis,2024-01-01,0,Actual
St. Kitts-Nevis,2024-02-01,0,Actual
St. Kitts-Nevis,2024-03-01,0,Actual
St. Kitts-Nevis,2024-04-01,0,Actual
St. Kitts-Nevis,2024-05-01,10,Actual
St. Kitts-Nevis,2024-06-01,5,Actual
St. Kitts-Nevis,2024-07-01,10,Actual
St. Kitts-Nevis,2024-08-01,0,Actual
St. Kitts-Nevis,2024-09-01,0,Actual
St. Kitts-Nevis,2024-10-01,0,Actual
St. Kitts-Nevis,2024-11-01,0,Actual
St. Kitts-Nevis,2024-12-01,0,Actual
St. Kitts-Nevis,2025-01-01,4,Forecast
St. Kitts-Nevis,2025-02-01,2,Forecast
St. Kitts-Nevis,2025-03-01,2,Forecast
St. Kitts-Nevis,2025-04-01,2,Forecast
St. Kitts-Nevis,2025-05-01,5,Forecast
St. Kitts-Nevis,2025-06-01,3,Forecast
St. Kitts-Nevis,2025-07-01,5,Forecast
St. Kitts-Nevis,2025-08-01,4,Forecast
St. Kitts-Nevis,2025-09-01,2,Forecast
St. Kitts-Nevis,2025-10-01,3,Forecast
St. Kitts-Nevis,2025-11-01,2,Forecast
St. Kitts-Nevis,2025-12-01,2,Forecast
St. Kitts-Nevis,2026-01-01,4,Forecast
St. Kitts-Nevis,2026-02-01,2,Forecast
St. Kitts-Nevis,2026-03-01,3,Forecast
St. Kitts-Nevis,2026-04-01,3,Forecast
St. Kitts-Nevis,2026-05-01,5,Forecast
St. Kitts-Nevis,2026-06-01,3,Forecast
St. Kitts-Nevis,2026-07-01,5,Forecast
St. Kitts-Nevis,2026-08-01,5,Forecast
St. Kitts-Nevis,2026-09-01,2,Forecast
St. Kitts-Nevis,2026-10-01,4,Forecast
St. Kitts-Nevis,2026-11-01,2,Forecast
St. Kitts-Nevis,2026-12-01,2,Forecast
St. Lucia,2022-01-01,15,Actual
St. Lucia,2022-02-01,15,Actual
St. Lucia,2022-03-01,20,Actual
St. Lucia,2022-04-01,20,Actual
St. Lucia,2022-05-01,10,Actual
St. Lucia,2022-06-01,20,Actual
St. Lucia,2022-07-01,20,Actual
St. Lucia,2022-08-01,10,Actual
St. Lucia,2022-09-01,20,Actual
St. Lucia,2022-10-01,15,Actual
St. Lucia,2022-11-01,5,Actual
St. Lucia,2022-12-01,10,Actual
St. Lucia,2023-01-01,35,Actual
St. Lucia,2023-02-01,20,Actual
St. Lucia,2023-03-01,20,Actual
St. Lucia,2023-04-01,15,Actual
St. Lucia,2023-05-01,15,Actual
St. Lucia,2023-06-01,20,Actual
St. Lucia,2023-07-01,15,Actual
St. Lucia,2023-08-01,10,Actual
St. Lucia,2023-09-01,10,Actual
St. Lucia,2023-10-01,15,Actual
St. Lucia,2023-11-01,10,Actual
St. Lucia,2023-12-01,15,Actual
St. Lucia,2024-01-01,15,Actual
St. Lucia,2024-02-01,10,Actual
St. Lucia,2024-03-01,10,Actual
St. Lucia,2024-04-01,15,Actual
St. Lucia,2024-05-01,20,Actual
St. Lucia,2024-06-01,10,Actual
St. Lucia,2024-07-01,20,Actual
St. Lucia,2024-08-01,10,Actual
St. Lucia,2024-09-01,15,Actual
St. Lucia,2024-10-01,10,Actual
St. Lucia,2024-11-01,15,Actual
St. Lucia,2024-12-01,10,Actual
St. Lucia,2025-01-01,18,Forecast
St. Lucia,2025-02-01,16,Forecast
St. Lucia,2025-03-01,15,Forecast
St. Lucia,2025-04-01,15,Forecast
St. Lucia,2025-05-01,15,Forecast
St. Lucia,2025-06-01,15,Forecast
St. Lucia,2025-07-01,16,Forecast
St. Lucia,2025-08-01,12,Forecast
St. Lucia,2025-09-01,15,Forecast
St. Lucia,2025-10-01,13,Forecast
St. Lucia,2025-11-01,12,Forecast
St. Lucia,2025-12-01,12,Forecast
St. Lucia,2026-01-01,17,Forecast
St. Lucia,2026-02-01,15,Forecast
St. Lucia,2026-03-01,15,Forecast
St. Lucia,2026-04-01,15,Forecast
St. Lucia,2026-05-01,14,Forecast
St. Lucia,2026-06-01,15,Forecast
St. Lucia,2026-07-01,16,Forecast
St. Lucia,2026-08-01,12,Forecast
St. Lucia,2026-09-01,14,Forecast
St. Lucia,2026-10-01,13,Forecast
St. Lucia,2026-11-01,11,Forecast
St. Lucia,2026-12-01,13,Forecast
St. Vincent and the Grenadines,2022-01-01,30,Actual
St. Vincent and the Grenadines,2022-02-01,10,Actual
St. Vincent and the Grenadines,2022-03-01,35,Actual
St. Vincent and the Grenadines,2022-04-01,25,Actual
St. Vincent and the Grenadines,2022-05-01,15,Actual
St. Vincent and the Grenadines,2022-06-01,25,Actual
St. Vincent and the Grenadines,2022-07-01,20,Actual
St. Vincent and the Grenadines,2022-08-01,25,Actual
St. Vincent and the Grenadines,2022-09-01,25,Actual
St. Vincent and the Grenadines,2022-10-01,15,Actual
St. Vincent and the Grenadines,2022-11-01,5,Actual
St. Vincent and the Grenadines,2022-12-01,20,Actual
St. Vincent and the Grenadines,2023-01-01,50,Actual
St. Vincent and the Grenadines,2023-02-01,30,Actual
St. Vincent and the Grenadines,2023-03-01,25,Actual
St. Vincent and the Grenadines,2023-04-01,10,Actual
St. Vincent and the Grenadines,2023-05-01,20,Actual
St. Vincent and the Grenadines,2023-06-01,20,Actual
St. Vincent and the Grenadines,2023-07-01,20,Actual
St. Vincent and the Grenadines,2023-08-01,15,Actual
St. Vincent and the Grenadines,2023-09-01,15,Actual
St. Vincent and the Grenadines,2023-10-01,10,Actual
St. Vincent and the Grenadines,2023-11-01,10,Actual
St. Vincent and the Grenadines,2023-12-01,15,Actual
St. Vincent and the Grenadines,2024-01-01,25,Actual
St. Vincent and the Grenadines,2024-02-01,15,Actual
St. Vincent and the Grenadines,2024-03-01,15,Actual
St. Vincent and the Grenadines,2024-04-01,10,Actual
St. Vincent and the Grenadines,2024-05-01,20,Actual
St. Vincent and the Grenadines,2024-06-01,20,Actual
St. Vincent and the Grenadines,2024-07-01,10,Actual
St. Vincent and the Grenadines,2024-08-01,10,Actual
St. Vincent and the Grenadines,2024-09-01,20,Actual
St. Vincent and the Grenadines,2024-10-01,10,Actual
St. Vincent and the Grenadines,2024-11-01,20,Actual
St. Vincent and the Grenadines,2024-12-01,10,Actual
St. Vincent and the Grenadines,2025-01-01,21,Forecast
St. Vincent and the Grenadines,2025-02-01,12,Forecast
St. Vincent and the Grenadines,2025-03-01,17,Forecast
St. Vincent and the Grenadines,2025-04-01,12,Forecast
St. Vincent and the Grenadines,2025-05-01,14,Forecast
St. Vincent and the Grenadines,2025-06-01,16,Forecast
St. Vincent and the Grenadines,2025-07-01,12,Forecast
St. Vincent and the Grenadines,2025-08-01,12,Forecast
St. Vincent and the Grenadines,2025-09-01,15,Forecast
St. Vincent and the Grenadines,2025-10-01,10,Forecast
St. Vincent and the Grenadines,2025-11-01,12,Forecast
St. Vincent and the Grenadines,2025-12-01,11,Forecast
St. Vincent and the Grenadines,2026-01-01,20,Forecast
St. Vincent and the Grenadines,2026-02-01,12,Forecast
St. Vincent and the Grenadines,2026-03-01,16,Forecast
St. Vincent and the Grenadines,2026-04-01,10,Forecast
St. Vincent and the Grenadines,2026-05-01,12,Forecast
St. Vincent and the Grenadines,2026-06-01,14,Forecast
St. Vincent and the Grenadines,2026-07-01,12,Forecast
St. Vincent and the Grenadines,2026-08-01,12,Forecast
St. Vincent and the Grenadines,2026-09-01,13,Forecast
St. Vincent and the Grenadines,2026-10-01,9,Forecast
St. Vincent and the Grenadines,2026-11-01,8,Forecast
St. Vincent and the Grenadines,2026-12-01,11,Forecast
Stateless,2022-01-01,85,Actual
Stateless,2022-02-01,105,Actual
Stateless,2022-03-01,100,Actual
Stateless,2022-04-01,70,Actual
Stateless,2022-05-01,40,Actual
Stateless,2022-06-01,80,Actual
Stateless,2022-07-01,100,Actual
Stateless,2022-08-01,90,Actual
Stateless,2022-09-01,100,Actual
Stateless,2022-10-01,65,Actual
Stateless,2022-11-01,40,Actual
Stateless,2022-12-01,50,Actual
Stateless,2023-01-01,60,Actual
Stateless,2023-02-01,95,Actual
Stateless,2023-03-01,65,Actual
Stateless,2023-04-01,60,Actual
Stateless,2023-05-01,90,Actual
Stateless,2023-06-01,100,Actual
Stateless,2023-07-01,115,Actual
Stateless,2023-08-01,65,Actual
Stateless,2023-09-01,130,Actual
Stateless,2023-10-01,95,Actual
Stateless,2023-11-01,105,Actual
Stateless,2023-12-01,105,Actual
Stateless,2024-01-01,35,Actual
Stateless,2024-02-01,210,Actual
Stateless,2024-03-01,70,Actual
Stateless,2024-04-01,55,Actual
Stateless,2024-05-01,200,Actual
Stateless,2024-06-01,195,Actual
Stateless,2024-07-01,110,Actual
Stateless,2024-08-01,75,Actual
Stateless,2024-09-01,140,Actual
Stateless,2024-10-01,275,Actual
Stateless,2024-11-01,105,Actual
Stateless,2024-12-01,525,Actual
Stateless,2025-01-01,155,Forecast
Stateless,2025-02-01,348,Forecast
Stateless,2025-03-01,217,Forecast
Stateless,2025-04-01,286,Forecast
Stateless,2025-05-01,301,Forecast
Stateless,2025-06-01,358,Forecast
Stateless,2025-07-01,286,Forecast
Stateless,2025-08-01,298,Forecast
Stateless,2025-09-01,312,Forecast
Stateless,2025-10-01,393,Forecast
Stateless,2025-11-01,292,Forecast
Stateless,2025-12-01,512,Forecast
Stateless,2026-01-01,318,Forecast
Stateless,2026-02-01,485,Forecast
Stateless,2026-03-01,362,Forecast
Stateless,2026-04-01,423,Forecast
Stateless,2026-05-01,427,Forecast
Stateless,2026-06-01,489,Forecast
Stateless,2026-07-01,424,Forecast
Stateless,2026-08-01,442,Forecast
Stateless,2026-09-01,454,Forecast
Stateless,2026-10-01,526,Forecast
Stateless,2026-11-01,439,Forecast
Stateless,2026-12-01,624,Forecast
Surinam,2022-01-01,0,Actual
Surinam,2022-02-01,0,Actual
Surinam,2022-03-01,0,Actual
Surinam,2022-04-01,0,Actual
Surinam,2022-05-01,0,Actual
Surinam,2022-06-01,0,Actual
Surinam,2022-07-01,0,Actual
Surinam,2022-08-01,0,Actual
Surinam,2022-09-01,0,Actual
Surinam,2022-10-01,0,Actual
Surinam,2022-11-01,0,Actual
Surinam,2022-12-01,0,Actual
Surinam,2023-01-01,0,Actual
Surinam,2023-02-01,0,Actual
Surinam,2023-03-01,0,Actual
Surinam,2023-04-01,0,Actual
Surinam,2023-05-01,5,Actual
Surinam,2023-06-01,0,Actual
Surinam,2023-07-01,0,Actual
Surinam,2023-08-01,0,Actual
Surinam,2023-09-01,0,Actual
Surinam,2023-10-01,0,Actual
Surinam,2023-11-01,0,Actual
Surinam,2023-12-01,0,Actual
Surinam,2024-01-01,0,Actual
Surinam,2024-02-01,0,Actual
Surinam,2024-03-01,0,Actual
Surinam,2024-04-01,0,Actual
Surinam,2024-05-01,0,Actual
Surinam,2024-06-01,0,Actual
Surinam,2024-07-01,0,Actual
Surinam,2024-08-01,0,Actual
Surinam,2024-09-01,0,Actual
Surinam,2024-10-01,0,Actual
Surinam,2024-11-01,0,Actual
Surinam,2024-12-01,0,Actual
Surinam,2025-01-01,0,Forecast
Surinam,2025-02-01,0,Forecast
Surinam,2025-03-01,0,Forecast
Surinam,2025-04-01,0,Forecast
Surinam,2025-05-01,1,Forecast
Surinam,2025-06-01,0,Forecast
Surinam,2025-07-01,0,Forecast
Surinam,2025-08-01,0,Forecast
Surinam,2025-09-01,0,Forecast
Surinam,2025-10-01,0,Forecast
Surinam,2025-11-01,0,Forecast
Surinam,2025-12-01,0,Forecast
Surinam,2026-01-01,0,Forecast
Surinam,2026-02-01,0,Forecast
Surinam,2026-03-01,0,Forecast
Surinam,2026-04-01,0,Forecast
Surinam,2026-05-01,1,Forecast
Surinam,2026-06-01,0,Forecast
Surinam,2026-07-01,0,Forecast
Surinam,2026-08-01,0,Forecast
Surinam,2026-09-01,0,Forecast
Surinam,2026-10-01,0,Forecast
Surinam,2026-11-01,0,Forecast
Surinam,2026-12-01,0,Forecast
Swaziland,2022-01-01,0,Actual
Swaziland,2022-02-01,0,Actual
Swaziland,2022-03-01,0,Actual
Swaziland,2022-04-01,0,Actual
Swaziland,2022-05-01,0,Actual
Swaziland,2022-06-01,0,Actual
Swaziland,2022-07-01,0,Actual
Swaziland,2022-08-01,0,Actual
Swaziland,2022-09-01,0,Actual
Swaziland,2022-10-01,0,Actual
Swaziland,2022-11-01,0,Actual
Swaziland,2022-12-01,0,Actual
Swaziland,2023-01-01,0,Actual
Swaziland,2023-02-01,0,Actual
Swaziland,2023-03-01,0,Actual
Swaziland,2023-04-01,0,Actual
Swaziland,2023-05-01,0,Actual
Swaziland,2023-06-01,0,Actual
Swaziland,2023-07-01,0,Actual
Swaziland,2023-08-01,0,Actual
Swaziland,2023-09-01,0,Actual
Swaziland,2023-10-01,0,Actual
Swaziland,2023-11-01,0,Actual
Swaziland,2023-12-01,5,Actual
Swaziland,2024-01-01,0,Actual
Swaziland,2024-02-01,0,Actual
Swaziland,2024-03-01,0,Actual
Swaziland,2024-04-01,0,Actual
Swaziland,2024-05-01,0,Actual
Swaziland,2024-06-01,0,Actual
Swaziland,2024-07-01,5,Actual
Swaziland,2024-08-01,0,Actual
Swaziland,2024-09-01,0,Actual
Swaziland,2024-10-01,5,Actual
Swaziland,2024-11-01,0,Actual
Swaziland,2024-12-01,0,Actual
Swaziland,2025-01-01,2,Forecast
Swaziland,2025-02-01,1,Forecast
Swaziland,2025-03-01,1,Forecast
Swaziland,2025-04-01,1,Forecast
Swaziland,2025-05-01,1,Forecast
Swaziland,2025-06-01,1,Forecast
Swaziland,2025-07-01,3,Forecast
Swaziland,2025-08-01,1,Forecast
Swaziland,2025-09-01,1,Forecast
Swaziland,2025-10-01,3,Forecast
Swaziland,2025-11-01,1,Forecast
Swaziland,2025-12-01,2,Forecast
Swaziland,2026-01-01,2,Forecast
Swaziland,2026-02-01,2,Forecast
Swaziland,2026-03-01,1,Forecast
Swaziland,2026-04-01,1,Forecast
Swaziland,2026-05-01,1,Forecast
Swaziland,2026-06-01,1,Forecast
Swaziland,2026-07-01,3,Forecast
Swaziland,2026-08-01,1,Forecast
Swaziland,2026-09-01,1,Forecast
Swaziland,2026-10-01,3,Forecast
Swaziland,2026-11-01,1,Forecast
Swaziland,2026-12-01,3,Forecast
Sweden,2022-01-01,25,Actual
Sweden,2022-02-01,15,Actual
Sweden,2022-03-01,20,Actual
Sweden,2022-04-01,15,Actual
Sweden,2022-05-01,20,Actual
Sweden,2022-06-01,10,Actual
Sweden,2022-07-01,15,Actual
Sweden,2022-08-01,20,Actual
Sweden,2022-09-01,15,Actual
Sweden,2022-10-01,10,Actual
Sweden,2022-11-01,5,Actual
Sweden,2022-12-01,10,Actual
Sweden,2023-01-01,45,Actual
Sweden,2023-02-01,35,Actual
Sweden,2023-03-01,25,Actual
Sweden,2023-04-01,20,Actual
Sweden,2023-05-01,15,Actual
Sweden,2023-06-01,10,Actual
Sweden,2023-07-01,15,Actual
Sweden,2023-08-01,15,Actual
Sweden,2023-09-01,5,Actual
Sweden,2023-10-01,15,Actual
Sweden,2023-11-01,15,Actual
Sweden,2023-12-01,25,Actual
Sweden,2024-01-01,25,Actual
Sweden,2024-02-01,15,Actual
Sweden,2024-03-01,5,Actual
Sweden,2024-04-01,15,Actual
Sweden,2024-05-01,15,Actual
Sweden,2024-06-01,25,Actual
Sweden,2024-07-01,15,Actual
Sweden,2024-08-01,30,Actual
Sweden,2024-09-01,5,Actual
Sweden,2024-10-01,5,Actual
Sweden,2024-11-01,10,Actual
Sweden,2024-12-01,15,Actual
Sweden,2025-01-01,27,Forecast
Sweden,2025-02-01,23,Forecast
Sweden,2025-03-01,16,Forecast
Sweden,2025-04-01,17,Forecast
Sweden,2025-05-01,17,Forecast
Sweden,2025-06-01,17,Forecast
Sweden,2025-07-01,16,Forecast
Sweden,2025-08-01,21,Forecast
Sweden,2025-09-01,13,Forecast
Sweden,2025-10-01,14,Forecast
Sweden,2025-11-01,14,Forecast
Sweden,2025-12-01,17,Forecast
Sweden,2026-01-01,27,Forecast
Sweden,2026-02-01,22,Forecast
Sweden,2026-03-01,18,Forecast
Sweden,2026-04-01,18,Forecast
Sweden,2026-05-01,18,Forecast
Sweden,2026-06-01,17,Forecast
Sweden,2026-07-01,17,Forecast
Sweden,2026-08-01,20,Forecast
Sweden,2026-09-01,14,Forecast
Sweden,2026-10-01,15,Forecast
Sweden,2026-11-01,15,Forecast
Sweden,2026-12-01,18,Forecast
Switzerland,2022-01-01,25,Actual
Switzerland,2022-02-01,15,Actual
Switzerland,2022-03-01,20,Actual
Switzerland,2022-04-01,30,Actual
Switzerland,2022-05-01,10,Actual
Switzerland,2022-06-01,35,Actual
Switzerland,2022-07-01,35,Actual
Switzerland,2022-08-01,20,Actual
Switzerland,2022-09-01,10,Actual
Switzerland,2022-10-01,15,Actual
Switzerland,2022-11-01,10,Actual
Switzerland,2022-12-01,15,Actual
Switzerland,2023-01-01,45,Actual
Switzerland,2023-02-01,15,Actual
Switzerland,2023-03-01,25,Actual
Switzerland,2023-04-01,10,Actual
Switzerland,2023-05-01,20,Actual
Switzerland,2023-06-01,15,Actual
Switzerland,2023-07-01,20,Actual
Switzerland,2023-08-01,20,Actual
Switzerland,2023-09-01,10,Actual
Switzerland,2023-10-01,10,Actual
Switzerland,2023-11-01,5,Actual
Switzerland,2023-12-01,15,Actual
Switzerland,2024-01-01,10,Actual
Switzerland,2024-02-01,10,Actual
Switzerland,2024-03-01,10,Actual
Switzerland,2024-04-01,15,Actual
Switzerland,2024-05-01,15,Actual
Switzerland,2024-06-01,15,Actual
Switzerland,2024-07-01,15,Actual
Switzerland,2024-08-01,15,Actual
Switzerland,2024-09-01,10,Actual
Switzerland,2024-10-01,10,Actual
Switzerland,2024-11-01,20,Actual
Switzerland,2024-12-01,20,Actual
Switzerland,2025-01-01,18,Forecast
Switzerland,2025-02-01,10,Forecast
Switzerland,2025-03-01,13,Forecast
Switzerland,2025-04-01,14,Forecast
Switzerland,2025-05-01,12,Forecast
Switzerland,2025-06-01,15,Forecast
Switzerland,2025-07-01,16,Forecast
Switzerland,2025-08-01,13,Forecast
Switzerland,2025-09-01,9,Forecast
Switzerland,2025-10-01,10,Forecast
Switzerland,2025-11-01,11,Forecast
Switzerland,2025-12-01,13,Forecast
Switzerland,2026-01-01,16,Forecast
Switzerland,2026-02-01,9,Forecast
Switzerland,2026-03-01,12,Forecast
Switzerland,2026-04-01,11,Forecast
Switzerland,2026-05-01,10,Forecast
Switzerland,2026-06-01,13,Forecast
Switzerland,2026-07-01,14,Forecast
Switzerland,2026-08-01,12,Forecast
Switzerland,2026-09-01,8,Forecast
Switzerland,2026-10-01,9,Forecast
Switzerland,2026-11-01,8,Forecast
Switzerland,2026-12-01,11,Forecast
Syria,2022-01-01,295,Actual
Syria,2022-02-01,430,Actual
Syria,2022-03-01,650,Actual
Syria,2022-04-01,630,Actual
Syria,2022-05-01,635,Actual
Syria,2022-06-01,690,Actual
Syria,2022-07-01,680,Actual
Syria,2022-08-01,640,Actual
Syria,2022-09-01,1050,Actual
Syria,2022-10-01,775,Actual
Syria,2022-11-01,1085,Actual
Syria,2022-12-01,945,Actual
Syria,2023-01-01,500,Actual
Syria,2023-02-01,620,Actual
Syria,2023-03-01,820,Actual
Syria,2023-04-01,835,Actual
Syria,2023-05-01,950,Actual
Syria,2023-06-01,1130,Actual
Syria,2023-07-01,950,Actual
Syria,2023-08-01,460,Actual
Syria,2023-09-01,1005,Actual
Syria,2023-10-01,925,Actual
Syria,2023-11-01,660,Actual
Syria,2023-12-01,495,Actual
Syria,2024-01-01,270,Actual
Syria,2024-02-01,655,Actual
Syria,2024-03-01,660,Actual
Syria,2024-04-01,685,Actual
Syria,2024-05-01,940,Actual
Syria,2024-06-01,980,Actual
Syria,2024-07-01,865,Actual
Syria,2024-08-01,570,Actual
Syria,2024-09-01,495,Actual
Syria,2024-10-01,370,Actual
Syria,2024-11-01,675,Actual
Syria,2024-12-01,580,Actual
Syria,2025-01-01,417,Forecast
Syria,2025-02-01,524,Forecast
Syria,2025-03-01,634,Forecast
Syria,2025-04-01,641,Forecast
Syria,2025-05-01,743,Forecast
Syria,2025-06-01,791,Forecast
Syria,2025-07-01,729,Forecast
Syria,2025-08-01,566,Forecast
Syria,2025-09-01,674,Forecast
Syria,2025-10-01,578,Forecast
Syria,2025-11-01,696,Forecast
Syria,2025-12-01,620,Forecast
Syria,2026-01-01,431,Forecast
Syria,2026-02-01,526,Forecast
Syria,2026-03-01,620,Forecast
Syria,2026-04-01,626,Forecast
Syria,2026-05-01,697,Forecast
Syria,2026-06-01,751,Forecast
Syria,2026-07-01,690,Forecast
Syria,2026-08-01,532,Forecast
Syria,2026-09-01,692,Forecast
Syria,2026-10-01,603,Forecast
Syria,2026-11-01,662,Forecast
Syria,2026-12-01,588,Forecast
Taiwan,2022-01-01,110,Actual
Taiwan,2022-02-01,100,Actual
Taiwan,2022-03-01,105,Actual
Taiwan,2022-04-01,100,Actual
Taiwan,2022-05-01,90,Actual
Taiwan,2022-06-01,120,Actual
Taiwan,2022-07-01,105,Actual
Taiwan,2022-08-01,115,Actual
Taiwan,2022-09-01,95,Actual
Taiwan,2022-10-01,40,Actual
Taiwan,2022-11-01,25,Actual
Taiwan,2022-12-01,35,Actual
Taiwan,2023-01-01,165,Actual
Taiwan,2023-02-01,140,Actual
Taiwan,2023-03-01,90,Actual
Taiwan,2023-04-01,45,Actual
Taiwan,2023-05-01,65,Actual
Taiwan,2023-06-01,95,Actual
Taiwan,2023-07-01,75,Actual
Taiwan,2023-08-01,120,Actual
Taiwan,2023-09-01,55,Actual
Taiwan,2023-10-01,75,Actual
Taiwan,2023-11-01,60,Actual
Taiwan,2023-12-01,85,Actual
Taiwan,2024-01-01,120,Actual
Taiwan,2024-02-01,105,Actual
Taiwan,2024-03-01,90,Actual
Taiwan,2024-04-01,135,Actual
Taiwan,2024-05-01,115,Actual
Taiwan,2024-06-01,125,Actual
Taiwan,2024-07-01,115,Actual
Taiwan,2024-08-01,105,Actual
Taiwan,2024-09-01,55,Actual
Taiwan,2024-10-01,100,Actual
Taiwan,2024-11-01,115,Actual
Taiwan,2024-12-01,70,Actual
Taiwan,2025-01-01,113,Forecast
Taiwan,2025-02-01,108,Forecast
Taiwan,2025-03-01,102,Forecast
Taiwan,2025-04-01,106,Forecast
Taiwan,2025-05-01,101,Forecast
Taiwan,2025-06-01,110,Forecast
Taiwan,2025-07-01,104,Forecast
Taiwan,2025-08-01,109,Forecast
Taiwan,2025-09-01,87,Forecast
Taiwan,2025-10-01,92,Forecast
Taiwan,2025-11-01,91,Forecast
Taiwan,2025-12-01,85,Forecast
Taiwan,2026-01-01,124,Forecast
Taiwan,2026-02-01,115,Forecast
Taiwan,2026-03-01,107,Forecast
Taiwan,2026-04-01,104,Forecast
Taiwan,2026-05-01,103,Forecast
Taiwan,2026-06-01,115,Forecast
Taiwan,2026-07-01,108,Forecast
Taiwan,2026-08-01,116,Forecast
Taiwan,2026-09-01,94,Forecast
Taiwan,2026-10-01,94,Forecast
Taiwan,2026-11-01,90,Forecast
Taiwan,2026-12-01,91,Forecast
Thailand,2022-01-01,45,Actual
Thailand,2022-02-01,30,Actual
Thailand,2022-03-01,30,Actual
Thailand,2022-04-01,35,Actual
Thailand,2022-05-01,30,Actual
Thailand,2022-06-01,45,Actual
Thailand,2022-07-01,40,Actual
Thailand,2022-08-01,25,Actual
Thailand,2022-09-01,35,Actual
Thailand,2022-10-01,20,Actual
Thailand,2022-11-01,20,Actual
Thailand,2022-12-01,30,Actual
Thailand,2023-01-01,70,Actual
Thailand,2023-02-01,80,Actual
Thailand,2023-03-01,50,Actual
Thailand,2023-04-01,40,Actual
Thailand,2023-05-01,50,Actual
Thailand,2023-06-01,40,Actual
Thailand,2023-07-01,25,Actual
Thailand,2023-08-01,25,Actual
Thailand,2023-09-01,15,Actual
Thailand,2023-10-01,30,Actual
Thailand,2023-11-01,20,Actual
Thailand,2023-12-01,35,Actual
Thailand,2024-01-01,50,Actual
Thailand,2024-02-01,50,Actual
Thailand,2024-03-01,55,Actual
Thailand,2024-04-01,65,Actual
Thailand,2024-05-01,50,Actual
Thailand,2024-06-01,45,Actual
Thailand,2024-07-01,70,Actual
Thailand,2024-08-01,35,Actual
Thailand,2024-09-01,30,Actual
Thailand,2024-10-01,30,Actual
Thailand,2024-11-01,25,Actual
Thailand,2024-12-01,50,Actual
Thailand,2025-01-01,62,Forecast
Thailand,2025-02-01,53,Forecast
Thailand,2025-03-01,50,Forecast
Thailand,2025-04-01,52,Forecast
Thailand,2025-05-01,49,Forecast
Thailand,2025-06-01,49,Forecast
Thailand,2025-07-01,52,Forecast
Thailand,2025-08-01,42,Forecast
Thailand,2025-09-01,41,Forecast
Thailand,2025-10-01,41,Forecast
Thailand,2025-11-01,38,Forecast
Thailand,2025-12-01,47,Forecast
Thailand,2026-01-01,61,Forecast
Thailand,2026-02-01,58,Forecast
Thailand,2026-03-01,55,Forecast
Thailand,2026-04-01,55,Forecast
Thailand,2026-05-01,54,Forecast
Thailand,2026-06-01,54,Forecast
Thailand,2026-07-01,54,Forecast
Thailand,2026-08-01,46,Forecast
Thailand,2026-09-01,46,Forecast
Thailand,2026-10-01,46,Forecast
Thailand,2026-11-01,43,Forecast
Thailand,2026-12-01,51,Forecast
"Togo, Republic of",2022-01-01,20,Actual
"Togo, Republic of",2022-02-01,30,Actual
"Togo, Republic of",2022-03-01,35,Actual
"Togo, Republic of",2022-04-01,35,Actual
"Togo, Republic of",2022-05-01,45,Actual
"Togo, Republic of",2022-06-01,60,Actual
"Togo, Republic of",2022-07-01,45,Actual
"Togo, Republic of",2022-08-01,25,Actual
"Togo, Republic of",2022-09-01,55,Actual
"Togo, Republic of",2022-10-01,75,Actual
"Togo, Republic of",2022-11-01,50,Actual
"Togo, Republic of",2022-12-01,85,Actual
"Togo, Republic of",2023-01-01,55,Actual
"Togo, Republic of",2023-02-01,75,Actual
"Togo, Republic of",2023-03-01,70,Actual
"Togo, Republic of",2023-04-01,40,Actual
"Togo, Republic of",2023-05-01,45,Actual
"Togo, Republic of",2023-06-01,50,Actual
"Togo, Republic of",2023-07-01,40,Actual
"Togo, Republic of",2023-08-01,40,Actual
"Togo, Republic of",2023-09-01,85,Actual
"Togo, Republic of",2023-10-01,55,Actual
"Togo, Republic of",2023-11-01,55,Actual
"Togo, Republic of",2023-12-01,65,Actual
"Togo, Republic of",2024-01-01,60,Actual
"Togo, Republic of",2024-02-01,70,Actual
"Togo, Republic of",2024-03-01,75,Actual
"Togo, Republic of",2024-04-01,65,Actual
"Togo, Republic of",2024-05-01,85,Actual
"Togo, Republic of",2024-06-01,125,Actual
"Togo, Republic of",2024-07-01,130,Actual
"Togo, Republic of",2024-08-01,65,Actual
"Togo, Republic of",2024-09-01,70,Actual
"Togo, Republic of",2024-10-01,135,Actual
"Togo, Republic of",2024-11-01,100,Actual
"Togo, Republic of",2024-12-01,95,Actual
"Togo, Republic of",2025-01-01,99,Forecast
"Togo, Republic of",2025-02-01,107,Forecast
"Togo, Republic of",2025-03-01,106,Forecast
"Togo, Republic of",2025-04-01,101,Forecast
"Togo, Republic of",2025-05-01,108,Forecast
"Togo, Republic of",2025-06-01,120,Forecast
"Togo, Republic of",2025-07-01,119,Forecast
"Togo, Republic of",2025-08-01,102,Forecast
"Togo, Republic of",2025-09-01,115,Forecast
"Togo, Republic of",2025-10-01,130,Forecast
"Togo, Republic of",2025-11-01,120,Forecast
"Togo, Republic of",2025-12-01,126,Forecast
"Togo, Republic of",2026-01-01,122,Forecast
"Togo, Republic of",2026-02-01,129,Forecast
"Togo, Republic of",2026-03-01,131,Forecast
"Togo, Republic of",2026-04-01,125,Forecast
"Togo, Republic of",2026-05-01,132,Forecast
"Togo, Republic of",2026-06-01,142,Forecast
"Togo, Republic of",2026-07-01,139,Forecast
"Togo, Republic of",2026-08-01,128,Forecast
"Togo, Republic of",2026-09-01,143,Forecast
"Togo, Republic of",2026-10-01,151,Forecast
"Togo, Republic of",2026-11-01,142,Forecast
"Togo, Republic of",2026-12-01,150,Forecast
Tonga,2022-01-01,0,Actual
Tonga,2022-02-01,0,Actual
Tonga,2022-03-01,0,Actual
Tonga,2022-04-01,0,Actual
Tonga,2022-05-01,0,Actual
Tonga,2022-06-01,0,Actual
Tonga,2022-07-01,0,Actual
Tonga,2022-08-01,0,Actual
Tonga,2022-09-01,0,Actual
Tonga,2022-10-01,0,Actual
Tonga,2022-11-01,0,Actual
Tonga,2022-12-01,0,Actual
Tonga,2023-01-01,0,Actual
Tonga,2023-02-01,0,Actual
Tonga,2023-03-01,0,Actual
Tonga,2023-04-01,0,Actual
Tonga,2023-05-01,0,Actual
Tonga,2023-06-01,0,Actual
Tonga,2023-07-01,0,Actual
Tonga,2023-08-01,0,Actual
Tonga,2023-09-01,0,Actual
Tonga,2023-10-01,0,Actual
Tonga,2023-11-01,0,Actual
Tonga,2023-12-01,0,Actual
Tonga,2024-01-01,0,Actual
Tonga,2024-02-01,0,Actual
Tonga,2024-03-01,0,Actual
Tonga,2024-04-01,0,Actual
Tonga,2024-05-01,0,Actual
Tonga,2024-06-01,0,Actual
Tonga,2024-07-01,0,Actual
Tonga,2024-08-01,0,Actual
Tonga,2024-09-01,0,Actual
Tonga,2024-10-01,0,Actual
Tonga,2024-11-01,0,Actual
Tonga,2024-12-01,0,Actual
Tonga,2025-01-01,0,Forecast
Tonga,2025-02-01,0,Forecast
Tonga,2025-03-01,0,Forecast
Tonga,2025-04-01,0,Forecast
Tonga,2025-05-01,0,Forecast
Tonga,2025-06-01,0,Forecast
Tonga,2025-07-01,0,Forecast
Tonga,2025-08-01,0,Forecast
Tonga,2025-09-01,0,Forecast
Tonga,2025-10-01,0,Forecast
Tonga,2025-11-01,0,Forecast
Tonga,2025-12-01,0,Forecast
Tonga,2026-01-01,0,Forecast
Tonga,2026-02-01,0,Forecast
Tonga,2026-03-01,0,Forecast
Tonga,2026-04-01,0,Forecast
Tonga,2026-05-01,0,Forecast
Tonga,2026-06-01,0,Forecast
Tonga,2026-07-01,0,Forecast
Tonga,2026-08-01,0,Forecast
Tonga,2026-09-01,0,Forecast
Tonga,2026-10-01,0,Forecast
Tonga,2026-11-01,0,Forecast
Tonga,2026-12-01,0,Forecast
"Trinidad and Tobago, Republic of",2022-01-01,40,Actual
"Trinidad and Tobago, Republic of",2022-02-01,40,Actual
"Trinidad and Tobago, Republic of",2022-03-01,60,Actual
"Trinidad and Tobago, Republic of",2022-04-01,45,Actual
"Trinidad and Tobago, Republic of",2022-05-01,35,Actual
"Trinidad and Tobago, Republic of",2022-06-01,55,Actual
"Trinidad and Tobago, Republic of",2022-07-01,45,Actual
"Trinidad and Tobago, Republic of",2022-08-01,65,Actual
"Trinidad and Tobago, Republic of",2022-09-01,45,Actual
"Trinidad and Tobago, Republic of",2022-10-01,35,Actual
"Trinidad and Tobago, Republic of",2022-11-01,20,Actual
"Trinidad and Tobago, Republic of",2022-12-01,20,Actual
"Trinidad and Tobago, Republic of",2023-01-01,80,Actual
"Trinidad and Tobago, Republic of",2023-02-01,45,Actual
"Trinidad and Tobago, Republic of",2023-03-01,65,Actual
"Trinidad and Tobago, Republic of",2023-04-01,15,Actual
"Trinidad and Tobago, Republic of",2023-05-01,55,Actual
"Trinidad and Tobago, Republic of",2023-06-01,50,Actual
"Trinidad and Tobago, Republic of",2023-07-01,45,Actual
"Trinidad and Tobago, Republic of",2023-08-01,45,Actual
"Trinidad and Tobago, Republic of",2023-09-01,30,Actual
"Trinidad and Tobago, Republic of",2023-10-01,25,Actual
"Trinidad and Tobago, Republic of",2023-11-01,35,Actual
"Trinidad and Tobago, Republic of",2023-12-01,45,Actual
"Trinidad and Tobago, Republic of",2024-01-01,40,Actual
"Trinidad and Tobago, Republic of",2024-02-01,50,Actual
"Trinidad and Tobago, Republic of",2024-03-01,45,Actual
"Trinidad and Tobago, Republic of",2024-04-01,35,Actual
"Trinidad and Tobago, Republic of",2024-05-01,30,Actual
"Trinidad and Tobago, Republic of",2024-06-01,65,Actual
"Trinidad and Tobago, Republic of",2024-07-01,40,Actual
"Trinidad and Tobago, Republic of",2024-08-01,45,Actual
"Trinidad and Tobago, Republic of",2024-09-01,35,Actual
"Trinidad and Tobago, Republic of",2024-10-01,40,Actual
"Trinidad and Tobago, Republic of",2024-11-01,40,Actual
"Trinidad and Tobago, Republic of",2024-12-01,30,Actual
"Trinidad and Tobago, Republic of",2025-01-01,49,Forecast
"Trinidad and Tobago, Republic of",2025-02-01,44,Forecast
"Trinidad and Tobago, Republic of",2025-03-01,49,Forecast
"Trinidad and Tobago, Republic of",2025-04-01,38,Forecast
"Trinidad and Tobago, Republic of",2025-05-01,40,Forecast
"Trinidad and Tobago, Republic of",2025-06-01,50,Forecast
"Trinidad and Tobago, Republic of",2025-07-01,42,Forecast
"Trinidad and Tobago, Republic of",2025-08-01,46,Forecast
"Trinidad and Tobago, Republic of",2025-09-01,39,Forecast
"Trinidad and Tobago, Republic of",2025-10-01,38,Forecast
"Trinidad and Tobago, Republic of",2025-11-01,37,Forecast
"Trinidad and Tobago, Republic of",2025-12-01,36,Forecast
"Trinidad and Tobago, Republic of",2026-01-01,48,Forecast
"Trinidad and Tobago, Republic of",2026-02-01,43,Forecast
"Trinidad and Tobago, Republic of",2026-03-01,50,Forecast
"Trinidad and Tobago, Republic of",2026-04-01,36,Forecast
"Trinidad and Tobago, Republic of",2026-05-01,41,Forecast
"Trinidad and Tobago, Republic of",2026-06-01,49,Forecast
"Trinidad and Tobago, Republic of",2026-07-01,43,Forecast
"Trinidad and Tobago, Republic of",2026-08-01,47,Forecast
"Trinidad and Tobago, Republic of",2026-09-01,39,Forecast
"Trinidad and Tobago, Republic of",2026-10-01,37,Forecast
"Trinidad and Tobago, Republic of",2026-11-01,37,Forecast
"Trinidad and Tobago, Republic of",2026-12-01,37,Forecast
Tunisia,2022-01-01,150,Actual
Tunisia,2022-02-01,265,Actual
Tunisia,2022-03-01,375,Actual
Tunisia,2022-04-01,305,Actual
Tunisia,2022-05-01,435,Actual
Tunisia,2022-06-01,475,Actual
Tunisia,2022-07-01,660,Actual
Tunisia,2022-08-01,425,Actual
Tunisia,2022-09-01,505,Actual
Tunisia,2022-10-01,385,Actual
Tunisia,2022-11-01,405,Actual
Tunisia,2022-12-01,290,Actual
Tunisia,2023-01-01,235,Actual
Tunisia,2023-02-01,265,Actual
Tunisia,2023-03-01,250,Actual
Tunisia,2023-04-01,185,Actual
Tunisia,2023-05-01,220,Actual
Tunisia,2023-06-01,365,Actual
Tunisia,2023-07-01,475,Actual
Tunisia,2023-08-01,350,Actual
Tunisia,2023-09-01,460,Actual
Tunisia,2023-10-01,290,Actual
Tunisia,2023-11-01,175,Actual
Tunisia,2023-12-01,195,Actual
Tunisia,2024-01-01,285,Actual
Tunisia,2024-02-01,320,Actual
Tunisia,2024-03-01,360,Actual
Tunisia,2024-04-01,530,Actual
Tunisia,2024-05-01,500,Actual
Tunisia,2024-06-01,620,Actual
Tunisia,2024-07-01,865,Actual
Tunisia,2024-08-01,615,Actual
Tunisia,2024-09-01,465,Actual
Tunisia,2024-10-01,360,Actual
Tunisia,2024-11-01,445,Actual
Tunisia,2024-12-01,340,Actual
Tunisia,2025-01-01,315,Forecast
Tunisia,2025-02-01,351,Forecast
Tunisia,2025-03-01,382,Forecast
Tunisia,2025-04-01,399,Forecast
Tunisia,2025-05-01,416,Forecast
Tunisia,2025-06-01,490,Forecast
Tunisia,2025-07-01,614,Forecast
Tunisia,2025-08-01,480,Forecast
Tunisia,2025-09-01,480,Forecast
Tunisia,2025-10-01,395,Forecast
Tunisia,2025-11-01,397,Forecast
Tunisia,2025-12-01,356,Forecast
Tunisia,2026-01-01,351,Forecast
Tunisia,2026-02-01,387,Forecast
Tunisia,2026-03-01,422,Forecast
Tunisia,2026-04-01,444,Forecast
Tunisia,2026-05-01,467,Forecast
Tunisia,2026-06-01,539,Forecast
Tunisia,2026-07-01,660,Forecast
Tunisia,2026-08-01,523,Forecast
Tunisia,2026-09-01,520,Forecast
Tunisia,2026-10-01,432,Forecast
Tunisia,2026-11-01,432,Forecast
Tunisia,2026-12-01,386,Forecast
Turkey,2022-01-01,255,Actual
Turkey,2022-02-01,250,Actual
Turkey,2022-03-01,285,Actual
Turkey,2022-04-01,230,Actual
Turkey,2022-05-01,200,Actual
Turkey,2022-06-01,185,Actual
Turkey,2022-07-01,245,Actual
Turkey,2022-08-01,220,Actual
Turkey,2022-09-01,235,Actual
Turkey,2022-10-01,160,Actual
Turkey,2022-11-01,90,Actual
Turkey,2022-12-01,70,Actual
Turkey,2023-01-01,230,Actual
Turkey,2023-02-01,210,Actual
Turkey,2023-03-01,210,Actual
Turkey,2023-04-01,125,Actual
Turkey,2023-05-01,210,Actual
Turkey,2023-06-01,205,Actual
Turkey,2023-07-01,180,Actual
Turkey,2023-08-01,130,Actual
Turkey,2023-09-01,125,Actual
Turkey,2023-10-01,120,Actual
Turkey,2023-11-01,135,Actual
Turkey,2023-12-01,195,Actual
Turkey,2024-01-01,285,Actual
Turkey,2024-02-01,215,Actual
Turkey,2024-03-01,180,Actual
Turkey,2024-04-01,190,Actual
Turkey,2024-05-01,200,Actual
Turkey,2024-06-01,280,Actual
Turkey,2024-07-01,190,Actual
Turkey,2024-08-01,215,Actual
Turkey,2024-09-01,185,Actual
Turkey,2024-10-01,195,Actual
Turkey,2024-11-01,185,Actual
Turkey,2024-12-01,135,Actual
Turkey,2025-01-01,212,Forecast
Turkey,2025-02-01,222,Forecast
Turkey,2025-03-01,210,Forecast
Turkey,2025-04-01,195,Forecast
Turkey,2025-05-01,202,Forecast
Turkey,2025-06-01,217,Forecast
Turkey,2025-07-01,202,Forecast
Turkey,2025-08-01,198,Forecast
Turkey,2025-09-01,193,Forecast
Turkey,2025-10-01,184,Forecast
Turkey,2025-11-01,173,Forecast
Turkey,2025-12-01,167,Forecast
Turkey,2026-01-01,229,Forecast
Turkey,2026-02-01,223,Forecast
Turkey,2026-03-01,218,Forecast
Turkey,2026-04-01,194,Forecast
Turkey,2026-05-01,207,Forecast
Turkey,2026-06-01,215,Forecast
Turkey,2026-07-01,208,Forecast
Turkey,2026-08-01,198,Forecast
Turkey,2026-09-01,195,Forecast
Turkey,2026-10-01,182,Forecast
Turkey,2026-11-01,171,Forecast
Turkey,2026-12-01,172,Forecast
Turkmenistan,2022-01-01,0,Actual
Turkmenistan,2022-02-01,0,Actual
Turkmenistan,2022-03-01,0,Actual
Turkmenistan,2022-04-01,0,Actual
Turkmenistan,2022-05-01,5,Actual
Turkmenistan,2022-06-01,0,Actual
Turkmenistan,2022-07-01,0,Actual
Turkmenistan,2022-08-01,10,Actual
Turkmenistan,2022-09-01,0,Actual
Turkmenistan,2022-10-01,0,Actual
Turkmenistan,2022-11-01,0,Actual
Turkmenistan,2022-12-01,0,Actual
Turkmenistan,2023-01-01,0,Actual
Turkmenistan,2023-02-01,0,Actual
Turkmenistan,2023-03-01,10,Actual
Turkmenistan,2023-04-01,5,Actual
Turkmenistan,2023-05-01,5,Actual
Turkmenistan,2023-06-01,0,Actual
Turkmenistan,2023-07-01,0,Actual
Turkmenistan,2023-08-01,0,Actual
Turkmenistan,2023-09-01,0,Actual
Turkmenistan,2023-10-01,0,Actual
Turkmenistan,2023-11-01,0,Actual
Turkmenistan,2023-12-01,0,Actual
Turkmenistan,2024-01-01,0,Actual
Turkmenistan,2024-02-01,0,Actual
Turkmenistan,2024-03-01,0,Actual
Turkmenistan,2024-04-01,0,Actual
Turkmenistan,2024-05-01,5,Actual
Turkmenistan,2024-06-01,0,Actual
Turkmenistan,2024-07-01,0,Actual
Turkmenistan,2024-08-01,0,Actual
Turkmenistan,2024-09-01,0,Actual
Turkmenistan,2024-10-01,0,Actual
Turkmenistan,2024-11-01,0,Actual
Turkmenistan,2024-12-01,0,Actual
Turkmenistan,2025-01-01,1,Forecast
Turkmenistan,2025-02-01,1,Forecast
Turkmenistan,2025-03-01,2,Forecast
Turkmenistan,2025-04-01,1,Forecast
Turkmenistan,2025-05-01,3,Forecast
Turkmenistan,2025-06-01,0,Forecast
Turkmenistan,2025-07-01,0,Forecast
Turkmenistan,2025-08-01,2,Forecast
Turkmenistan,2025-09-01,0,Forecast
Turkmenistan,2025-10-01,0,Forecast
Turkmenistan,2025-11-01,0,Forecast
Turkmenistan,2025-12-01,0,Forecast
Turkmenistan,2026-01-01,0,Forecast
Turkmenistan,2026-02-01,1,Forecast
Turkmenistan,2026-03-01,2,Forecast
Turkmenistan,2026-04-01,1,Forecast
Turkmenistan,2026-05-01,3,Forecast
Turkmenistan,2026-06-01,0,Forecast
Turkmenistan,2026-07-01,0,Forecast
Turkmenistan,2026-08-01,2,Forecast
Turkmenistan,2026-09-01,0,Forecast
Turkmenistan,2026-10-01,0,Forecast
Turkmenistan,2026-11-01,0,Forecast
Turkmenistan,2026-12-01,0,Forecast
Turks and Caicos Islands,2022-01-01,0,Actual
Turks and Caicos Islands,2022-02-01,0,Actual
Turks and Caicos Islands,2022-03-01,0,Actual
Turks and Caicos Islands,2022-04-01,0,Actual
Turks and Caicos Islands,2022-05-01,0,Actual
Turks and Caicos Islands,2022-06-01,0,Actual
Turks and Caicos Islands,2022-07-01,0,Actual
Turks and Caicos Islands,2022-08-01,0,Actual
Turks and Caicos Islands,2022-09-01,0,Actual
Turks and Caicos Islands,2022-10-01,0,Actual
Turks and Caicos Islands,2022-11-01,0,Actual
Turks and Caicos Islands,2022-12-01,0,Actual
Turks and Caicos Islands,2023-01-01,0,Actual
Turks and Caicos Islands,2023-02-01,0,Actual
Turks and Caicos Islands,2023-03-01,0,Actual
Turks and Caicos Islands,2023-04-01,0,Actual
Turks and Caicos Islands,2023-05-01,0,Actual
Turks and Caicos Islands,2023-06-01,0,Actual
Turks and Caicos Islands,2023-07-01,0,Actual
Turks and Caicos Islands,2023-08-01,0,Actual
Turks and Caicos Islands,2023-09-01,0,Actual
Turks and Caicos Islands,2023-10-01,0,Actual
Turks and Caicos Islands,2023-11-01,0,Actual
Turks and Caicos Islands,2023-12-01,0,Actual
Turks and Caicos Islands,2024-01-01,0,Actual
Turks and Caicos Islands,2024-02-01,0,Actual
Turks and Caicos Islands,2024-03-01,0,Actual
Turks and Caicos Islands,2024-04-01,0,Actual
Turks and Caicos Islands,2024-05-01,0,Actual
Turks and Caicos Islands,2024-06-01,0,Actual
Turks and Caicos Islands,2024-07-01,0,Actual
Turks and Caicos Islands,2024-08-01,0,Actual
Turks and Caicos Islands,2024-09-01,0,Actual
Turks and Caicos Islands,2024-10-01,0,Actual
Turks and Caicos Islands,2024-11-01,0,Actual
Turks and Caicos Islands,2024-12-01,0,Actual
Turks and Caicos Islands,2025-01-01,0,Forecast
Turks and Caicos Islands,2025-02-01,0,Forecast
Turks and Caicos Islands,2025-03-01,0,Forecast
Turks and Caicos Islands,2025-04-01,0,Forecast
Turks and Caicos Islands,2025-05-01,0,Forecast
Turks and Caicos Islands,2025-06-01,0,Forecast
Turks and Caicos Islands,2025-07-01,0,Forecast
Turks and Caicos Islands,2025-08-01,0,Forecast
Turks and Caicos Islands,2025-09-01,0,Forecast
Turks and Caicos Islands,2025-10-01,0,Forecast
Turks and Caicos Islands,2025-11-01,0,Forecast
Turks and Caicos Islands,2025-12-01,0,Forecast
Turks and Caicos Islands,2026-01-01,0,Forecast
Turks and Caicos Islands,2026-02-01,0,Forecast
Turks and Caicos Islands,2026-03-01,0,Forecast
Turks and Caicos Islands,2026-04-01,0,Forecast
Turks and Caicos Islands,2026-05-01,0,Forecast
Turks and Caicos Islands,2026-06-01,0,Forecast
Turks and Caicos Islands,2026-07-01,0,Forecast
Turks and Caicos Islands,2026-08-01,0,Forecast
Turks and Caicos Islands,2026-09-01,0,Forecast
Turks and Caicos Islands,2026-10-01,0,Forecast
Turks and Caicos Islands,2026-11-01,0,Forecast
Turks and Caicos Islands,2026-12-01,0,Forecast
Uganda,2022-01-01,90,Actual
Uganda,2022-02-01,55,Actual
Uganda,2022-03-01,60,Actual
Uganda,2022-04-01,50,Actual
Uganda,2022-05-01,25,Actual
Uganda,2022-06-01,35,Actual
Uganda,2022-07-01,65,Actual
Uganda,2022-08-01,60,Actual
Uganda,2022-09-01,70,Actual
Uganda,2022-10-01,65,Actual
Uganda,2022-11-01,25,Actual
Uganda,2022-12-01,30,Actual
Uganda,2023-01-01,60,Actual
Uganda,2023-02-01,65,Actual
Uganda,2023-03-01,70,Actual
Uganda,2023-04-01,40,Actual
Uganda,2023-05-01,65,Actual
Uganda,2023-06-01,55,Actual
Uganda,2023-07-01,40,Actual
Uganda,2023-08-01,60,Actual
Uganda,2023-09-01,55,Actual
Uganda,2023-10-01,55,Actual
Uganda,2023-11-01,35,Actual
Uganda,2023-12-01,75,Actual
Uganda,2024-01-01,75,Actual
Uganda,2024-02-01,70,Actual
Uganda,2024-03-01,120,Actual
Uganda,2024-04-01,65,Actual
Uganda,2024-05-01,105,Actual
Uganda,2024-06-01,90,Actual
Uganda,2024-07-01,75,Actual
Uganda,2024-08-01,55,Actual
Uganda,2024-09-01,85,Actual
Uganda,2024-10-01,50,Actual
Uganda,2024-11-01,75,Actual
Uganda,2024-12-01,70,Actual
Uganda,2025-01-01,88,Forecast
Uganda,2025-02-01,70,Forecast
Uganda,2025-03-01,86,Forecast
Uganda,2025-04-01,69,Forecast
Uganda,2025-05-01,77,Forecast
Uganda,2025-06-01,74,Forecast
Uganda,2025-07-01,74,Forecast
Uganda,2025-08-01,72,Forecast
Uganda,2025-09-01,80,Forecast
Uganda,2025-10-01,71,Forecast
Uganda,2025-11-01,68,Forecast
Uganda,2025-12-01,72,Forecast
Uganda,2026-01-01,90,Forecast
Uganda,2026-02-01,79,Forecast
Uganda,2026-03-01,92,Forecast
Uganda,2026-04-01,77,Forecast
Uganda,2026-05-01,82,Forecast
Uganda,2026-06-01,80,Forecast
Uganda,2026-07-01,80,Forecast
Uganda,2026-08-01,80,Forecast
Uganda,2026-09-01,85,Forecast
Uganda,2026-10-01,79,Forecast
Uganda,2026-11-01,72,Forecast
Uganda,2026-12-01,80,Forecast
Ukraine,2022-01-01,275,Actual
Ukraine,2022-02-01,320,Actual
Ukraine,2022-03-01,795,Actual
Ukraine,2022-04-01,445,Actual
Ukraine,2022-05-01,355,Actual
Ukraine,2022-06-01,320,Actual
Ukraine,2022-07-01,290,Actual
Ukraine,2022-08-01,260,Actual
Ukraine,2022-09-01,210,Actual
Ukraine,2022-10-01,125,Actual
Ukraine,2022-11-01,110,Actual
Ukraine,2022-12-01,75,Actual
Ukraine,2023-01-01,460,Actual
Ukraine,2023-02-01,380,Actual
Ukraine,2023-03-01,285,Actual
Ukraine,2023-04-01,140,Actual
Ukraine,2023-05-01,300,Actual
Ukraine,2023-06-01,290,Actual
Ukraine,2023-07-01,290,Actual
Ukraine,2023-08-01,240,Actual
Ukraine,2023-09-01,100,Actual
Ukraine,2023-10-01,175,Actual
Ukraine,2023-11-01,120,Actual
Ukraine,2023-12-01,335,Actual
Ukraine,2024-01-01,520,Actual
Ukraine,2024-02-01,580,Actual
Ukraine,2024-03-01,435,Actual
Ukraine,2024-04-01,900,Actual
Ukraine,2024-05-01,760,Actual
Ukraine,2024-06-01,735,Actual
Ukraine,2024-07-01,675,Actual
Ukraine,2024-08-01,620,Actual
Ukraine,2024-09-01,385,Actual
Ukraine,2024-10-01,425,Actual
Ukraine,2024-11-01,590,Actual
Ukraine,2024-12-01,150,Actual
Ukraine,2025-01-01,476,Forecast
Ukraine,2025-02-01,479,Forecast
Ukraine,2025-03-01,531,Forecast
Ukraine,2025-04-01,569,Forecast
Ukraine,2025-05-01,541,Forecast
Ukraine,2025-06-01,529,Forecast
Ukraine,2025-07-01,514,Forecast
Ukraine,2025-08-01,495,Forecast
Ukraine,2025-09-01,422,Forecast
Ukraine,2025-10-01,432,Forecast
Ukraine,2025-11-01,463,Forecast
Ukraine,2025-12-01,385,Forecast
Ukraine,2026-01-01,590,Forecast
Ukraine,2026-02-01,582,Forecast
Ukraine,2026-03-01,636,Forecast
Ukraine,2026-04-01,614,Forecast
Ukraine,2026-05-01,609,Forecast
Ukraine,2026-06-01,598,Forecast
Ukraine,2026-07-01,585,Forecast
Ukraine,2026-08-01,560,Forecast
Ukraine,2026-09-01,490,Forecast
Ukraine,2026-10-01,492,Forecast
Ukraine,2026-11-01,497,Forecast
Ukraine,2026-12-01,469,Forecast
United Arab Emirates,2022-01-01,0,Actual
United Arab Emirates,2022-02-01,0,Actual
United Arab Emirates,2022-03-01,0,Actual
United Arab Emirates,2022-04-01,0,Actual
United Arab Emirates,2022-05-01,0,Actual
United Arab Emirates,2022-06-01,5,Actual
United Arab Emirates,2022-07-01,5,Actual
United Arab Emirates,2022-08-01,0,Actual
United Arab Emirates,2022-09-01,0,Actual
United Arab Emirates,2022-10-01,0,Actual
United Arab Emirates,2022-11-01,0,Actual
United Arab Emirates,2022-12-01,0,Actual
United Arab Emirates,2023-01-01,0,Actual
United Arab Emirates,2023-02-01,0,Actual
United Arab Emirates,2023-03-01,0,Actual
United Arab Emirates,2023-04-01,0,Actual
United Arab Emirates,2023-05-01,10,Actual
United Arab Emirates,2023-06-01,0,Actual
United Arab Emirates,2023-07-01,0,Actual
United Arab Emirates,2023-08-01,0,Actual
United Arab Emirates,2023-09-01,0,Actual
United Arab Emirates,2023-10-01,0,Actual
United Arab Emirates,2023-11-01,0,Actual
United Arab Emirates,2023-12-01,0,Actual
United Arab Emirates,2024-01-01,0,Actual
United Arab Emirates,2024-02-01,0,Actual
United Arab Emirates,2024-03-01,0,Actual
United Arab Emirates,2024-04-01,0,Actual
United Arab Emirates,2024-05-01,0,Actual
United Arab Emirates,2024-06-01,0,Actual
United Arab Emirates,2024-07-01,5,Actual
United Arab Emirates,2024-08-01,0,Actual
United Arab Emirates,2024-09-01,0,Actual
United Arab Emirates,2024-10-01,0,Actual
United Arab Emirates,2024-11-01,0,Actual
United Arab Emirates,2024-12-01,0,Actual
United Arab Emirates,2025-01-01,0,Forecast
United Arab Emirates,2025-02-01,0,Forecast
United Arab Emirates,2025-03-01,0,Forecast
United Arab Emirates,2025-04-01,0,Forecast
United Arab Emirates,2025-05-01,1,Forecast
United Arab Emirates,2025-06-01,1,Forecast
United Arab Emirates,2025-07-01,2,Forecast
United Arab Emirates,2025-08-01,0,Forecast
United Arab Emirates,2025-09-01,0,Forecast
United Arab Emirates,2025-10-01,0,Forecast
United Arab Emirates,2025-11-01,0,Forecast
United Arab Emirates,2025-12-01,0,Forecast
United Arab Emirates,2026-01-01,0,Forecast
United Arab Emirates,2026-02-01,0,Forecast
United Arab Emirates,2026-03-01,0,Forecast
United Arab Emirates,2026-04-01,0,Forecast
United Arab Emirates,2026-05-01,2,Forecast
United Arab Emirates,2026-06-01,1,Forecast
United Arab Emirates,2026-07-01,2,Forecast
United Arab Emirates,2026-08-01,0,Forecast
United Arab Emirates,2026-09-01,0,Forecast
United Arab Emirates,2026-10-01,0,Forecast
United Arab Emirates,2026-11-01,0,Forecast
United Arab Emirates,2026-12-01,0,Forecast
United Kingdom and Overseas Territories,2022-01-01,485,Actual
United Kingdom and Overseas Territories,2022-02-01,545,Actual
United Kingdom and Overseas Territories,2022-03-01,520,Actual
United Kingdom and Overseas Territories,2022-04-01,375,Actual
United Kingdom and Overseas Territories,2022-05-01,405,Actual
United Kingdom and Overseas Territories,2022-06-01,415,Actual
United Kingdom and Overseas Territories,2022-07-01,415,Actual
United Kingdom and Overseas Territories,2022-08-01,410,Actual
United Kingdom and Overseas Territories,2022-09-01,370,Actual
United Kingdom and Overseas Territories,2022-10-01,195,Actual
United Kingdom and Overseas Territories,2022-11-01,150,Actual
United Kingdom and Overseas Territories,2022-12-01,215,Actual
United Kingdom and Overseas Territories,2023-01-01,790,Actual
United Kingdom and Overseas Territories,2023-02-01,665,Actual
United Kingdom and Overseas Territories,2023-03-01,520,Actual
United Kingdom and Overseas Territories,2023-04-01,270,Actual
United Kingdom and Overseas Territories,2023-05-01,500,Actual
United Kingdom and Overseas Territories,2023-06-01,395,Actual
United Kingdom and Overseas Territories,2023-07-01,335,Actual
United Kingdom and Overseas Territories,2023-08-01,345,Actual
United Kingdom and Overseas Territories,2023-09-01,220,Actual
United Kingdom and Overseas Territories,2023-10-01,305,Actual
United Kingdom and Overseas Territories,2023-11-01,255,Actual
United Kingdom and Overseas Territories,2023-12-01,400,Actual
United Kingdom and Overseas Territories,2024-01-01,545,Actual
United Kingdom and Overseas Territories,2024-02-01,285,Actual
United Kingdom and Overseas Territories,2024-03-01,325,Actual
United Kingdom and Overseas Territories,2024-04-01,340,Actual
United Kingdom and Overseas Territories,2024-05-01,385,Actual
United Kingdom and Overseas Territories,2024-06-01,395,Actual
United Kingdom and Overseas Territories,2024-07-01,435,Actual
United Kingdom and Overseas Territories,2024-08-01,345,Actual
United Kingdom and Overseas Territories,2024-09-01,225,Actual
United Kingdom and Overseas Territories,2024-10-01,245,Actual
United Kingdom and Overseas Territories,2024-11-01,325,Actual
United Kingdom and Overseas Territories,2024-12-01,280,Actual
United Kingdom and Overseas Territories,2025-01-01,454,Forecast
United Kingdom and Overseas Territories,2025-02-01,476,Forecast
United Kingdom and Overseas Territories,2025-03-01,388,Forecast
United Kingdom and Overseas Territories,2025-04-01,341,Forecast
United Kingdom and Overseas Territories,2025-05-01,387,Forecast
United Kingdom and Overseas Territories,2025-06-01,380,Forecast
United Kingdom and Overseas Territories,2025-07-01,385,Forecast
United Kingdom and Overseas Territories,2025-08-01,356,Forecast
United Kingdom and Overseas Territories,2025-09-01,296,Forecast
United Kingdom and Overseas Territories,2025-10-01,285,Forecast
United Kingdom and Overseas Territories,2025-11-01,298,Forecast
United Kingdom and Overseas Territories,2025-12-01,310,Forecast
United Kingdom and Overseas Territories,2026-01-01,465,Forecast
United Kingdom and Overseas Territories,2026-02-01,446,Forecast
United Kingdom and Overseas Territories,2026-03-01,402,Forecast
United Kingdom and Overseas Territories,2026-04-01,332,Forecast
United Kingdom and Overseas Territories,2026-05-01,389,Forecast
United Kingdom and Overseas Territories,2026-06-01,372,Forecast
United Kingdom and Overseas Territories,2026-07-01,367,Forecast
United Kingdom and Overseas Territories,2026-08-01,352,Forecast
United Kingdom and Overseas Territories,2026-09-01,301,Forecast
United Kingdom and Overseas Territories,2026-10-01,290,Forecast
United Kingdom and Overseas Territories,2026-11-01,287,Forecast
United Kingdom and Overseas Territories,2026-12-01,317,Forecast
United States of America,2022-01-01,1055,Actual
United States of America,2022-02-01,1045,Actual
United States of America,2022-03-01,1130,Actual
United States of America,2022-04-01,955,Actual
United States of America,2022-05-01,870,Actual
United States of America,2022-06-01,980,Actual
United States of America,2022-07-01,1040,Actual
United States of America,2022-08-01,940,Actual
United States of America,2022-09-01,905,Actual
United States of America,2022-10-01,550,Actual
United States of America,2022-11-01,355,Actual
United States of America,2022-12-01,590,Actual
United States of America,2023-01-01,1790,Actual
United States of America,2023-02-01,1400,Actual
United States of America,2023-03-01,1075,Actual
United States of America,2023-04-01,590,Actual
United States of America,2023-05-01,985,Actual
United States of America,2023-06-01,835,Actual
United States of America,2023-07-01,875,Actual
United States of America,2023-08-01,870,Actual
United States of America,2023-09-01,425,Actual
United States of America,2023-10-01,470,Actual
United States of America,2023-11-01,510,Actual
United States of America,2023-12-01,815,Actual
United States of America,2024-01-01,1085,Actual
United States of America,2024-02-01,735,Actual
United States of America,2024-03-01,665,Actual
United States of America,2024-04-01,785,Actual
United States of America,2024-05-01,920,Actual
United States of America,2024-06-01,790,Actual
United States of America,2024-07-01,905,Actual
United States of America,2024-08-01,865,Actual
United States of America,2024-09-01,570,Actual
United States of America,2024-10-01,545,Actual
United States of America,2024-11-01,715,Actual
United States of America,2024-12-01,745,Actual
United States of America,2025-01-01,1015,Forecast
United States of America,2025-02-01,960,Forecast
United States of America,2025-03-01,817,Forecast
United States of America,2025-04-01,776,Forecast
United States of America,2025-05-01,859,Forecast
United States of America,2025-06-01,798,Forecast
United States of America,2025-07-01,853,Forecast
United States of America,2025-08-01,820,Forecast
United States of America,2025-09-01,688,Forecast
United States of America,2025-10-01,615,Forecast
United States of America,2025-11-01,621,Forecast
United States of America,2025-12-01,714,Forecast
United States of America,2026-01-01,1028,Forecast
United States of America,2026-02-01,929,Forecast
United States of America,2026-03-01,838,Forecast
United States of America,2026-04-01,728,Forecast
United States of America,2026-05-01,832,Forecast
United States of America,2026-06-01,782,Forecast
United States of America,2026-07-01,822,Forecast
United States of America,2026-08-01,799,Forecast
United States of America,2026-09-01,675,Forecast
United States of America,2026-10-01,611,Forecast
United States of America,2026-11-01,588,Forecast
United States of America,2026-12-01,708,Forecast
Uruguay,2022-01-01,10,Actual
Uruguay,2022-02-01,5,Actual
Uruguay,2022-03-01,10,Actual
Uruguay,2022-04-01,0,Actual
Uruguay,2022-05-01,0,Actual
Uruguay,2022-06-01,10,Actual
Uruguay,2022-07-01,10,Actual
Uruguay,2022-08-01,0,Actual
Uruguay,2022-09-01,0,Actual
Uruguay,2022-10-01,5,Actual
Uruguay,2022-11-01,0,Actual
Uruguay,2022-12-01,0,Actual
Uruguay,2023-01-01,10,Actual
Uruguay,2023-02-01,5,Actual
Uruguay,2023-03-01,10,Actual
Uruguay,2023-04-01,0,Actual
Uruguay,2023-05-01,10,Actual
Uruguay,2023-06-01,10,Actual
Uruguay,2023-07-01,10,Actual
Uruguay,2023-08-01,5,Actual
Uruguay,2023-09-01,0,Actual
Uruguay,2023-10-01,0,Actual
Uruguay,2023-11-01,0,Actual
Uruguay,2023-12-01,0,Actual
Uruguay,2024-01-01,15,Actual
Uruguay,2024-02-01,0,Actual
Uruguay,2024-03-01,5,Actual
Uruguay,2024-04-01,5,Actual
Uruguay,2024-05-01,0,Actual
Uruguay,2024-06-01,5,Actual
Uruguay,2024-07-01,0,Actual
Uruguay,2024-08-01,10,Actual
Uruguay,2024-09-01,0,Actual
Uruguay,2024-10-01,5,Actual
Uruguay,2024-11-01,0,Actual
Uruguay,2024-12-01,0,Actual
Uruguay,2025-01-01,7,Forecast
Uruguay,2025-02-01,4,Forecast
Uruguay,2025-03-01,6,Forecast
Uruguay,2025-04-01,3,Forecast
Uruguay,2025-05-01,3,Forecast
Uruguay,2025-06-01,6,Forecast
Uruguay,2025-07-01,4,Forecast
Uruguay,2025-08-01,6,Forecast
Uruguay,2025-09-01,1,Forecast
Uruguay,2025-10-01,4,Forecast
Uruguay,2025-11-01,1,Forecast
Uruguay,2025-12-01,1,Forecast
Uruguay,2026-01-01,7,Forecast
Uruguay,2026-02-01,4,Forecast
Uruguay,2026-03-01,6,Forecast
Uruguay,2026-04-01,2,Forecast
Uruguay,2026-05-01,3,Forecast
Uruguay,2026-06-01,6,Forecast
Uruguay,2026-07-01,5,Forecast
Uruguay,2026-08-01,4,Forecast
Uruguay,2026-09-01,1,Forecast
Uruguay,2026-10-01,3,Forecast
Uruguay,2026-11-01,2,Forecast
Uruguay,2026-12-01,2,Forecast
Uzbekistan,2022-01-01,5,Actual
Uzbekistan,2022-02-01,0,Actual
Uzbekistan,2022-03-01,10,Actual
Uzbekistan,2022-04-01,0,Actual
Uzbekistan,2022-05-01,20,Actual
Uzbekistan,2022-06-01,15,Actual
Uzbekistan,2022-07-01,10,Actual
Uzbekistan,2022-08-01,15,Actual
Uzbekistan,2022-09-01,0,Actual
Uzbekistan,2022-10-01,15,Actual
Uzbekistan,2022-11-01,5,Actual
Uzbekistan,2022-12-01,5,Actual
Uzbekistan,2023-01-01,5,Actual
Uzbekistan,2023-02-01,15,Actual
Uzbekistan,2023-03-01,15,Actual
Uzbekistan,2023-04-01,20,Actual
Uzbekistan,2023-05-01,20,Actual
Uzbekistan,2023-06-01,15,Actual
Uzbekistan,2023-07-01,25,Actual
Uzbekistan,2023-08-01,20,Actual
Uzbekistan,2023-09-01,10,Actual
Uzbekistan,2023-10-01,5,Actual
Uzbekistan,2023-11-01,20,Actual
Uzbekistan,2023-12-01,15,Actual
Uzbekistan,2024-01-01,25,Actual
Uzbekistan,2024-02-01,10,Actual
Uzbekistan,2024-03-01,10,Actual
Uzbekistan,2024-04-01,15,Actual
Uzbekistan,2024-05-01,10,Actual
Uzbekistan,2024-06-01,30,Actual
Uzbekistan,2024-07-01,15,Actual
Uzbekistan,2024-08-01,5,Actual
Uzbekistan,2024-09-01,15,Actual
Uzbekistan,2024-10-01,15,Actual
Uzbekistan,2024-11-01,5,Actual
Uzbekistan,2024-12-01,25,Actual
Uzbekistan,2025-01-01,14,Forecast
Uzbekistan,2025-02-01,15,Forecast
Uzbekistan,2025-03-01,15,Forecast
Uzbekistan,2025-04-01,16,Forecast
Uzbekistan,2025-05-01,18,Forecast
Uzbekistan,2025-06-01,21,Forecast
Uzbekistan,2025-07-01,18,Forecast
Uzbekistan,2025-08-01,16,Forecast
Uzbekistan,2025-09-01,14,Forecast
Uzbekistan,2025-10-01,16,Forecast
Uzbekistan,2025-11-01,14,Forecast
Uzbekistan,2025-12-01,18,Forecast
Uzbekistan,2026-01-01,16,Forecast
Uzbekistan,2026-02-01,16,Forecast
Uzbekistan,2026-03-01,17,Forecast
Uzbekistan,2026-04-01,17,Forecast
Uzbekistan,2026-05-01,20,Forecast
Uzbekistan,2026-06-01,21,Forecast
Uzbekistan,2026-07-01,20,Forecast
Uzbekistan,2026-08-01,18,Forecast
Uzbekistan,2026-09-01,15,Forecast
Uzbekistan,2026-10-01,17,Forecast
Uzbekistan,2026-11-01,17,Forecast
Uzbekistan,2026-12-01,18,Forecast
Vanuatu,2022-01-01,0,Actual
Vanuatu,2022-02-01,0,Actual
Vanuatu,2022-03-01,0,Actual
Vanuatu,2022-04-01,0,Actual
Vanuatu,2022-05-01,0,Actual
Vanuatu,2022-06-01,0,Actual
Vanuatu,2022-07-01,0,Actual
Vanuatu,2022-08-01,0,Actual
Vanuatu,2022-09-01,0,Actual
Vanuatu,2022-10-01,0,Actual
Vanuatu,2022-11-01,0,Actual
Vanuatu,2022-12-01,0,Actual
Vanuatu,2023-01-01,0,Actual
Vanuatu,2023-02-01,0,Actual
Vanuatu,2023-03-01,0,Actual
Vanuatu,2023-04-01,0,Actual
Vanuatu,2023-05-01,0,Actual
Vanuatu,2023-06-01,0,Actual
Vanuatu,2023-07-01,0,Actual
Vanuatu,2023-08-01,0,Actual
Vanuatu,2023-09-01,0,Actual
Vanuatu,2023-10-01,0,Actual
Vanuatu,2023-11-01,0,Actual
Vanuatu,2023-12-01,0,Actual
Vanuatu,2024-01-01,0,Actual
Vanuatu,2024-02-01,0,Actual
Vanuatu,2024-03-01,0,Actual
Vanuatu,2024-04-01,0,Actual
Vanuatu,2024-05-01,0,Actual
Vanuatu,2024-06-01,0,Actual
Vanuatu,2024-07-01,0,Actual
Vanuatu,2024-08-01,0,Actual
Vanuatu,2024-09-01,0,Actual
Vanuatu,2024-10-01,0,Actual
Vanuatu,2024-11-01,0,Actual
Vanuatu,2024-12-01,0,Actual
Vanuatu,2025-01-01,0,Forecast
Vanuatu,2025-02-01,0,Forecast
Vanuatu,2025-03-01,0,Forecast
Vanuatu,2025-04-01,0,Forecast
Vanuatu,2025-05-01,0,Forecast
Vanuatu,2025-06-01,0,Forecast
Vanuatu,2025-07-01,0,Forecast
Vanuatu,2025-08-01,0,Forecast
Vanuatu,2025-09-01,0,Forecast
Vanuatu,2025-10-01,0,Forecast
Vanuatu,2025-11-01,0,Forecast
Vanuatu,2025-12-01,0,Forecast
Vanuatu,2026-01-01,0,Forecast
Vanuatu,2026-02-01,0,Forecast
Vanuatu,2026-03-01,0,Forecast
Vanuatu,2026-04-01,0,Forecast
Vanuatu,2026-05-01,0,Forecast
Vanuatu,2026-06-01,0,Forecast
Vanuatu,2026-07-01,0,Forecast
Vanuatu,2026-08-01,0,Forecast
Vanuatu,2026-09-01,0,Forecast
Vanuatu,2026-10-01,0,Forecast
Vanuatu,2026-11-01,0,Forecast
Vanuatu,2026-12-01,0,Forecast
Venezuela,2022-01-01,170,Actual
Venezuela,2022-02-01,150,Actual
Venezuela,2022-03-01,155,Actual
Venezuela,2022-04-01,130,Actual
Venezuela,2022-05-01,175,Actual
Venezuela,2022-06-01,135,Actual
Venezuela,2022-07-01,170,Actual
Venezuela,2022-08-01,110,Actual
Venezuela,2022-09-01,125,Actual
Venezuela,2022-10-01,90,Actual
Venezuela,2022-11-01,75,Actual
Venezuela,2022-12-01,60,Actual
Venezuela,2023-01-01,185,Actual
Venezuela,2023-02-01,125,Actual
Venezuela,2023-03-01,110,Actual
Venezuela,2023-04-01,95,Actual
Venezuela,2023-05-01,145,Actual
Venezuela,2023-06-01,140,Actual
Venezuela,2023-07-01,105,Actual
Venezuela,2023-08-01,145,Actual
Venezuela,2023-09-01,75,Actual
Venezuela,2023-10-01,95,Actual
Venezuela,2023-11-01,50,Actual
Venezuela,2023-12-01,115,Actual
Venezuela,2024-01-01,145,Actual
Venezuela,2024-02-01,135,Actual
Venezuela,2024-03-01,165,Actual
Venezuela,2024-04-01,255,Actual
Venezuela,2024-05-01,345,Actual
Venezuela,2024-06-01,435,Actual
Venezuela,2024-07-01,460,Actual
Venezuela,2024-08-01,320,Actual
Venezuela,2024-09-01,275,Actual
Venezuela,2024-10-01,200,Actual
Venezuela,2024-11-01,245,Actual
Venezuela,2024-12-01,260,Actual
Venezuela,2025-01-01,312,Forecast
Venezuela,2025-02-01,284,Forecast
Venezuela,2025-03-01,260,Forecast
Venezuela,2025-04-01,270,Forecast
Venezuela,2025-05-01,299,Forecast
Venezuela,2025-06-01,309,Forecast
Venezuela,2025-07-01,314,Forecast
Venezuela,2025-08-01,276,Forecast
Venezuela,2025-09-01,259,Forecast
Venezuela,2025-10-01,239,Forecast
Venezuela,2025-11-01,242,Forecast
Venezuela,2025-12-01,250,Forecast
Venezuela,2026-01-01,307,Forecast
Venezuela,2026-02-01,287,Forecast
Venezuela,2026-03-01,287,Forecast
Venezuela,2026-04-01,292,Forecast
Venezuela,2026-05-01,322,Forecast
Venezuela,2026-06-01,326,Forecast
Venezuela,2026-07-01,329,Forecast
Venezuela,2026-08-01,307,Forecast
Venezuela,2026-09-01,290,Forecast
Venezuela,2026-10-01,277,Forecast
Venezuela,2026-11-01,271,Forecast
Venezuela,2026-12-01,282,Forecast
Western Sahara,2022-01-01,0,Actual
Western Sahara,2022-02-01,0,Actual
Western Sahara,2022-03-01,0,Actual
Western Sahara,2022-04-01,0,Actual
Western Sahara,2022-05-01,0,Actual
Western Sahara,2022-06-01,0,Actual
Western Sahara,2022-07-01,0,Actual
Western Sahara,2022-08-01,0,Actual
Western Sahara,2022-09-01,0,Actual
Western Sahara,2022-10-01,0,Actual
Western Sahara,2022-11-01,0,Actual
Western Sahara,2022-12-01,0,Actual
Western Sahara,2023-01-01,0,Actual
Western Sahara,2023-02-01,0,Actual
Western Sahara,2023-03-01,0,Actual
Western Sahara,2023-04-01,0,Actual
Western Sahara,2023-05-01,0,Actual
Western Sahara,2023-06-01,0,Actual
Western Sahara,2023-07-01,0,Actual
Western Sahara,2023-08-01,0,Actual
Western Sahara,2023-09-01,0,Actual
Western Sahara,2023-10-01,0,Actual
Western Sahara,2023-11-01,0,Actual
Western Sahara,2023-12-01,0,Actual
Western Sahara,2024-01-01,0,Actual
Western Sahara,2024-02-01,0,Actual
Western Sahara,2024-03-01,0,Actual
Western Sahara,2024-04-01,0,Actual
Western Sahara,2024-05-01,0,Actual
Western Sahara,2024-06-01,0,Actual
Western Sahara,2024-07-01,0,Actual
Western Sahara,2024-08-01,0,Actual
Western Sahara,2024-09-01,0,Actual
Western Sahara,2024-10-01,0,Actual
Western Sahara,2024-11-01,0,Actual
Western Sahara,2024-12-01,0,Actual
Western Sahara,2025-01-01,0,Forecast
Western Sahara,2025-02-01,0,Forecast
Western Sahara,2025-03-01,0,Forecast
Western Sahara,2025-04-01,0,Forecast
Western Sahara,2025-05-01,0,Forecast
Western Sahara,2025-06-01,0,Forecast
Western Sahara,2025-07-01,0,Forecast
Western Sahara,2025-08-01,0,Forecast
Western Sahara,2025-09-01,0,Forecast
Western Sahara,2025-10-01,0,Forecast
Western Sahara,2025-11-01,0,Forecast
Western Sahara,2025-12-01,0,Forecast
Western Sahara,2026-01-01,0,Forecast
Western Sahara,2026-02-01,0,Forecast
Western Sahara,2026-03-01,0,Forecast
Western Sahara,2026-04-01,0,Forecast
Western Sahara,2026-05-01,0,Forecast
Western Sahara,2026-06-01,0,Forecast
Western Sahara,2026-07-01,0,Forecast
Western Sahara,2026-08-01,0,Forecast
Western Sahara,2026-09-01,0,Forecast
Western Sahara,2026-10-01,0,Forecast
Western Sahara,2026-11-01,0,Forecast
Western Sahara,2026-12-01,0,Forecast
Yemen,2022-01-01,85,Actual
Yemen,2022-02-01,80,Actual
Yemen,2022-03-01,90,Actual
Yemen,2022-04-01,65,Actual
Yemen,2022-05-01,90,Actual
Yemen,2022-06-01,70,Actual
Yemen,2022-07-01,80,Actual
Yemen,2022-08-01,35,Actual
Yemen,2022-09-01,75,Actual
Yemen,2022-10-01,70,Actual
Yemen,2022-11-01,35,Actual
Yemen,2022-12-01,45,Actual
Yemen,2023-01-01,80,Actual
Yemen,2023-02-01,50,Actual
Yemen,2023-03-01,45,Actual
Yemen,2023-04-01,30,Actual
Yemen,2023-05-01,45,Actual
Yemen,2023-06-01,80,Actual
Yemen,2023-07-01,55,Actual
Yemen,2023-08-01,70,Actual
Yemen,2023-09-01,50,Actual
Yemen,2023-10-01,45,Actual
Yemen,2023-11-01,50,Actual
Yemen,2023-12-01,55,Actual
Yemen,2024-01-01,70,Actual
Yemen,2024-02-01,50,Actual
Yemen,2024-03-01,50,Actual
Yemen,2024-04-01,50,Actual
Yemen,2024-05-01,55,Actual
Yemen,2024-06-01,85,Actual
Yemen,2024-07-01,75,Actual
Yemen,2024-08-01,80,Actual
Yemen,2024-09-01,60,Actual
Yemen,2024-10-01,35,Actual
Yemen,2024-11-01,90,Actual
Yemen,2024-12-01,65,Actual
Yemen,2025-01-01,69,Forecast
Yemen,2025-02-01,64,Forecast
Yemen,2025-03-01,64,Forecast
Yemen,2025-04-01,59,Forecast
Yemen,2025-05-01,66,Forecast
Yemen,2025-06-01,75,Forecast
Yemen,2025-07-01,71,Forecast
Yemen,2025-08-01,68,Forecast
Yemen,2025-09-01,67,Forecast
Yemen,2025-10-01,61,Forecast
Yemen,2025-11-01,69,Forecast
Yemen,2025-12-01,66,Forecast
Yemen,2026-01-01,75,Forecast
Yemen,2026-02-01,69,Forecast
Yemen,2026-03-01,70,Forecast
Yemen,2026-04-01,63,Forecast
Yemen,2026-05-01,72,Forecast
Yemen,2026-06-01,79,Forecast
Yemen,2026-07-01,76,Forecast
Yemen,2026-08-01,72,Forecast
Yemen,2026-09-01,73,Forecast
Yemen,2026-10-01,68,Forecast
Yemen,2026-11-01,71,Forecast
Yemen,2026-12-01,70,Forecast
Zambia,2022-01-01,5,Actual
Zambia,2022-02-01,5,Actual
Zambia,2022-03-01,10,Actual
Zambia,2022-04-01,0,Actual
Zambia,2022-05-01,10,Actual
Zambia,2022-06-01,5,Actual
Zambia,2022-07-01,15,Actual
Zambia,2022-08-01,10,Actual
Zambia,2022-09-01,0,Actual
Zambia,2022-10-01,5,Actual
Zambia,2022-11-01,5,Actual
Zambia,2022-12-01,0,Actual
Zambia,2023-01-01,20,Actual
Zambia,2023-02-01,10,Actual
Zambia,2023-03-01,10,Actual
Zambia,2023-04-01,0,Actual
Zambia,2023-05-01,5,Actual
Zambia,2023-06-01,5,Actual
Zambia,2023-07-01,10,Actual
Zambia,2023-08-01,0,Actual
Zambia,2023-09-01,5,Actual
Zambia,2023-10-01,0,Actual
Zambia,2023-11-01,5,Actual
Zambia,2023-12-01,10,Actual
Zambia,2024-01-01,10,Actual
Zambia,2024-02-01,10,Actual
Zambia,2024-03-01,0,Actual
Zambia,2024-04-01,0,Actual
Zambia,2024-05-01,15,Actual
Zambia,2024-06-01,20,Actual
Zambia,2024-07-01,5,Actual
Zambia,2024-08-01,5,Actual
Zambia,2024-09-01,5,Actual
Zambia,2024-10-01,0,Actual
Zambia,2024-11-01,5,Actual
Zambia,2024-12-01,10,Actual
Zambia,2025-01-01,10,Forecast
Zambia,2025-02-01,8,Forecast
Zambia,2025-03-01,7,Forecast
Zambia,2025-04-01,4,Forecast
Zambia,2025-05-01,9,Forecast
Zambia,2025-06-01,10,Forecast
Zambia,2025-07-01,8,Forecast
Zambia,2025-08-01,6,Forecast
Zambia,2025-09-01,6,Forecast
Zambia,2025-10-01,5,Forecast
Zambia,2025-11-01,7,Forecast
Zambia,2025-12-01,8,Forecast
Zambia,2026-01-01,10,Forecast
Zambia,2026-02-01,9,Forecast
Zambia,2026-03-01,8,Forecast
Zambia,2026-04-01,4,Forecast
Zambia,2026-05-01,9,Forecast
Zambia,2026-06-01,9,Forecast
Zambia,2026-07-01,10,Forecast
Zambia,2026-08-01,7,Forecast
Zambia,2026-09-01,6,Forecast
Zambia,2026-10-01,5,Forecast
Zambia,2026-11-01,7,Forecast
Zambia,2026-12-01,8,Forecast
Zimbabwe,2022-01-01,50,Actual
Zimbabwe,2022-02-01,70,Actual
Zimbabwe,2022-03-01,65,Actual
Zimbabwe,2022-04-01,60,Actual
Zimbabwe,2022-05-01,50,Actual
Zimbabwe,2022-06-01,60,Actual
Zimbabwe,2022-07-01,40,Actual
Zimbabwe,2022-08-01,60,Actual
Zimbabwe,2022-09-01,65,Actual
Zimbabwe,2022-10-01,35,Actual
Zimbabwe,2022-11-01,25,Actual
Zimbabwe,2022-12-01,35,Actual
Zimbabwe,2023-01-01,70,Actual
Zimbabwe,2023-02-01,60,Actual
Zimbabwe,2023-03-01,40,Actual
Zimbabwe,2023-04-01,50,Actual
Zimbabwe,2023-05-01,55,Actual
Zimbabwe,2023-06-01,45,Actual
Zimbabwe,2023-07-01,40,Actual
Zimbabwe,2023-08-01,50,Actual
Zimbabwe,2023-09-01,25,Actual
Zimbabwe,2023-10-01,30,Actual
Zimbabwe,2023-11-01,30,Actual
Zimbabwe,2023-12-01,60,Actual
Zimbabwe,2024-01-01,50,Actual
Zimbabwe,2024-02-01,35,Actual
Zimbabwe,2024-03-01,40,Actual
Zimbabwe,2024-04-01,55,Actual
Zimbabwe,2024-05-01,90,Actual
Zimbabwe,2024-06-01,65,Actual
Zimbabwe,2024-07-01,45,Actual
Zimbabwe,2024-08-01,45,Actual
Zimbabwe,2024-09-01,45,Actual
Zimbabwe,2024-10-01,35,Actual
Zimbabwe,2024-11-01,50,Actual
Zimbabwe,2024-12-01,45,Actual
Zimbabwe,2025-01-01,49,Forecast
Zimbabwe,2025-02-01,57,Forecast
Zimbabwe,2025-03-01,47,Forecast
Zimbabwe,2025-04-01,51,Forecast
Zimbabwe,2025-05-01,58,Forecast
Zimbabwe,2025-06-01,53,Forecast
Zimbabwe,2025-07-01,45,Forecast
Zimbabwe,2025-08-01,49,Forecast
Zimbabwe,2025-09-01,47,Forecast
Zimbabwe,2025-10-01,41,Forecast
Zimbabwe,2025-11-01,43,Forecast
Zimbabwe,2025-12-01,47,Forecast
Zimbabwe,2026-01-01,51,Forecast
Zimbabwe,2026-02-01,54,Forecast
Zimbabwe,2026-03-01,49,Forecast
Zimbabwe,2026-04-01,52,Forecast
Zimbabwe,2026-05-01,56,Forecast
Zimbabwe,2026-06-01,52,Forecast
Zimbabwe,2026-07-01,45,Forecast
Zimbabwe,2026-08-01,51,Forecast
Zimbabwe,2026-09-01,47,Forecast
Zimbabwe,2026-10-01,41,Forecast
Zimbabwe,2026-11-01,41,Forecast
Zimbabwe,2026-12-01,48,Forecast
