Country,PR_Requested,Year,Month,PR_Approved
Afghanistan,4872.0,2022,January,865
Albania,57.0,2022,January,50
Algeria,272.0,2022,January,200
Andorra,0.0,2022,January,0
Angola,69.0,2022,January,15
Antigua and Barbuda,12.0,2022,January,10
Argentina,34.0,2022,January,30
Armenia,15.0,2022,January,5
Australia,190.0,2022,January,165
Austria,12.0,2022,January,10
Azerbaijan,40.0,2022,January,35
"Bahama Islands, The",29.0,2022,January,25
Bahrain,3.0,2022,January,0
Bangladesh,351.0,2022,January,305
Barbados,16.0,2022,January,15
Belarus,23.0,2022,January,20
Belgium,52.0,2022,January,45
Belize,6.0,2022,January,5
Bermuda,0.0,2022,January,0
Bhutan,1.0,2022,January,0
Bolivia,12.0,2022,January,5
"Botswana, Republic of",3.0,2022,January,0
Brazil,1046.0,2022,January,910
Brunei,0.0,2022,January,0
Bulgaria,17.0,2022,January,15
Burkina-Faso,47.0,2022,January,25
Burundi,144.0,2022,January,125
Cambodia,23.0,2022,January,20
Cape Verde Islands,0.0,2022,January,0
Central African Republic,17.0,2022,January,15
"Chad, Republic of",20.0,2022,January,20
Chile,86.0,2022,January,75
Colombia,362.0,2022,January,330
Comoros,4.0,2022,January,0
"Congo, Democratic Republic of the",235.0,2022,January,190
"Congo, People's Republic of the",43.0,2022,January,20
Costa Rica,22.0,2022,January,10
Croatia,17.0,2022,January,15
Cuba,89.0,2022,January,70
Cyprus,2.0,2022,January,0
Czech Republic,23.0,2022,January,20
Denmark,6.0,2022,January,5
Dominica,3.0,2022,January,0
Dominican Republic,109.0,2022,January,95
"East Timor, Democratic Republic of",0.0,2022,January,0
Ecuador,57.0,2022,January,50
Egypt,247.0,2022,January,215
El Salvador,51.0,2022,January,50
Eritrea,589.0,2022,January,275
Estonia,0.0,2022,January,0
Ethiopia,292.0,2022,January,210
Fiji,9.0,2022,January,5
Finland,6.0,2022,January,5
France,811.0,2022,January,705
French Polynesia,0.0,2022,January,0
Gabon Republic,8.0,2022,January,5
Gambia,12.0,2022,January,10
Georgia,23.0,2022,January,20
Ghana,161.0,2022,January,140
Greece,34.0,2022,January,30
Grenada,12.0,2022,January,10
Guatemala,26.0,2022,January,20
Guinea-Bissau,3.0,2022,January,0
"Guinea, Republic of",28.0,2022,January,25
Guyana,52.0,2022,January,45
Haiti,434.0,2022,January,225
Holy See,0.0,2022,January,0
Honduras,40.0,2022,January,35
Hungary,57.0,2022,January,50
Iceland,4.0,2022,January,0
India,14139.0,2022,January,12295
Iran,1010.0,2022,January,890
Iraq,299.0,2022,January,260
Israel,138.0,2022,January,120
Italy,132.0,2022,January,115
Jamaica,558.0,2022,January,485
Japan,115.0,2022,January,100
Jordan,115.0,2022,January,100
Kazakhstan,23.0,2022,January,20
Kenya,126.0,2022,January,110
Kiribati,0.0,2022,January,0
"Korea, People's Democratic Republic of",0.0,2022,January,0
"Korea, Republic of",782.0,2022,January,680
"Kosovo, Republic of",12.0,2022,January,10
Kuwait,12.0,2022,January,10
Kyrgyzstan,17.0,2022,January,15
Laos,1.0,2022,January,0
Latvia,6.0,2022,January,0
Lebanon,263.0,2022,January,140
Lesotho,0.0,2022,January,0
Liberia,24.0,2022,January,5
Libya,69.0,2022,January,60
Liechtenstein,0.0,2022,January,0
Lithuania,12.0,2022,January,10
Luxembourg,0.0,2022,January,0
Macedonia,5.0,2022,January,5
Madagascar,40.0,2022,January,5
Malawi,0.0,2022,January,0
Malaysia,46.0,2022,January,40
"Maldives, Republic of",0.0,2022,January,0
"Mali, Republic of",73.0,2022,January,15
Malta,0.0,2022,January,0
Mauritania,8.0,2022,January,0
Mauritius,57.0,2022,January,50
Mexico,765.0,2022,January,665
Moldova,12.0,2022,January,10
Monaco,0.0,2022,January,0
"Mongolia, People's Republic of",23.0,2022,January,20
"Montenegro, Republic of",0.0,2022,January,0
Morocco,280.0,2022,January,205
Mozambique,1.0,2022,January,0
Myanmar (Burma),20.0,2022,January,20
Namibia,17.0,2022,January,15
Nepal,138.0,2022,January,135
New Caledonia,0.0,2022,January,0
New Zealand,46.0,2022,January,40
Nicaragua,32.0,2022,January,20
Nigeria,1769.0,2022,January,1555
Norway,7.0,2022,January,5
Oman,1.0,2022,January,0
Pakistan,847.0,2022,January,660
Palestinian Authority (Gaza/West Bank),80.0,2022,January,70
"Panama, Republic of",5.0,2022,January,5
Papua New Guinea,1.0,2022,January,0
Paraguay,6.0,2022,January,5
Peru,53.0,2022,January,40
Philippines,4023.0,2022,January,1975
Poland,75.0,2022,January,65
Portugal,75.0,2022,January,65
Qatar,0.0,2022,January,0
Reunion,0.0,2022,January,0
Romania,46.0,2022,January,40
Russia,144.0,2022,January,125
Rwanda,75.0,2022,January,65
San Marino,0.0,2022,January,0
Sao Tome and Principe,0.0,2022,January,0
Saudi Arabia,34.0,2022,January,30
Senegal,71.0,2022,January,45
"Serbia, Republic of",40.0,2022,January,35
Seychelles,0.0,2022,January,0
Sierra Leone,2.0,2022,January,0
Singapore,29.0,2022,January,25
Sint-Maarten,0.0,2022,January,0
Slovak Republic,23.0,2022,January,20
Slovenia,0.0,2022,January,0
"Somalia, Democratic Republic of",500.0,2022,January,75
Spain,80.0,2022,January,70
Sri Lanka,281.0,2022,January,190
St. Kitts-Nevis,1.0,2022,January,0
St. Lucia,17.0,2022,January,15
St. Vincent and the Grenadines,34.0,2022,January,30
Stateless,98.0,2022,January,85
Surinam,0.0,2022,January,0
Swaziland,0.0,2022,January,0
Sweden,29.0,2022,January,25
Switzerland,29.0,2022,January,25
Syria,397.0,2022,January,295
Taiwan,126.0,2022,January,110
Thailand,52.0,2022,January,45
"Togo, Republic of",55.0,2022,January,20
Tonga,0.0,2022,January,0
"Trinidad and Tobago, Republic of",46.0,2022,January,40
Tunisia,187.0,2022,January,150
Turkey,293.0,2022,January,255
Turkmenistan,1.0,2022,January,0
Turks and Caicos Islands,0.0,2022,January,0
Uganda,103.0,2022,January,90
Ukraine,316.0,2022,January,275
United Arab Emirates,3.0,2022,January,0
United Kingdom and Overseas Territories,558.0,2022,January,485
United States of America,1213.0,2022,January,1055
Uruguay,12.0,2022,January,10
Uzbekistan,12.0,2022,January,5
Vanuatu,0.0,2022,January,0
Venezuela,195.0,2022,January,170
Western Sahara,0.0,2022,January,0
Yemen,98.0,2022,January,85
Zambia,5.0,2022,January,5
Zimbabwe,72.0,2022,January,50
Afghanistan,1665.0,2022,February,1650
Albania,57.0,2022,February,50
Algeria,414.0,2022,February,360
Andorra,0.0,2022,February,0
Angola,65.0,2022,February,25
Antigua and Barbuda,8.0,2022,February,5
Argentina,40.0,2022,February,35
Armenia,23.0,2022,February,20
Australia,150.0,2022,February,130
Austria,17.0,2022,February,15
Azerbaijan,29.0,2022,February,25
"Bahama Islands, The",46.0,2022,February,40
Bahrain,8.0,2022,February,0
Bangladesh,420.0,2022,February,365
Barbados,20.0,2022,February,20
Belarus,15.0,2022,February,15
Belgium,40.0,2022,February,35
Belize,1.0,2022,February,0
Bermuda,0.0,2022,February,0
Bhutan,2.0,2022,February,0
Bolivia,20.0,2022,February,5
"Botswana, Republic of",0.0,2022,February,0
Brazil,989.0,2022,February,860
Brunei,3.0,2022,February,0
Bulgaria,23.0,2022,February,20
Burkina-Faso,34.0,2022,February,30
Burundi,115.0,2022,February,100
Cambodia,22.0,2022,February,15
Cape Verde Islands,6.0,2022,February,5
Central African Republic,17.0,2022,February,15
"Chad, Republic of",58.0,2022,February,10
Chile,75.0,2022,February,65
Colombia,460.0,2022,February,400
Comoros,6.0,2022,February,0
"Congo, Democratic Republic of the",253.0,2022,February,220
"Congo, People's Republic of the",25.0,2022,February,25
Costa Rica,14.0,2022,February,10
Croatia,40.0,2022,February,35
Cuba,97.0,2022,February,45
Cyprus,0.0,2022,February,0
Czech Republic,29.0,2022,February,25
Denmark,6.0,2022,February,5
Dominica,6.0,2022,February,5
Dominican Republic,86.0,2022,February,75
"East Timor, Democratic Republic of",0.0,2022,February,0
Ecuador,52.0,2022,February,45
Egypt,264.0,2022,February,230
El Salvador,63.0,2022,February,55
Eritrea,657.0,2022,February,270
Estonia,2.0,2022,February,0
Ethiopia,329.0,2022,February,235
Fiji,17.0,2022,February,15
Finland,2.0,2022,February,0
France,891.0,2022,February,775
French Polynesia,1.0,2022,February,0
Gabon Republic,17.0,2022,February,0
Gambia,11.0,2022,February,0
Georgia,39.0,2022,February,20
Ghana,144.0,2022,February,125
Greece,23.0,2022,February,20
Grenada,12.0,2022,February,10
Guatemala,16.0,2022,February,15
Guinea-Bissau,0.0,2022,February,0
"Guinea, Republic of",46.0,2022,February,40
Guyana,46.0,2022,February,40
Haiti,480.0,2022,February,425
Holy See,0.0,2022,February,0
Honduras,34.0,2022,February,30
Hungary,34.0,2022,February,30
Iceland,1.0,2022,February,0
India,13668.0,2022,February,11885
Iran,1133.0,2022,February,985
Iraq,276.0,2022,February,240
Israel,92.0,2022,February,80
Italy,150.0,2022,February,130
Jamaica,506.0,2022,February,440
Japan,115.0,2022,February,100
Jordan,92.0,2022,February,80
Kazakhstan,52.0,2022,February,45
Kenya,115.0,2022,February,70
Kiribati,0.0,2022,February,0
"Korea, People's Democratic Republic of",0.0,2022,February,0
"Korea, Republic of",696.0,2022,February,605
"Kosovo, Republic of",23.0,2022,February,20
Kuwait,0.0,2022,February,0
Kyrgyzstan,29.0,2022,February,25
Laos,5.0,2022,February,0
Latvia,6.0,2022,February,5
Lebanon,254.0,2022,February,190
Lesotho,0.0,2022,February,0
Liberia,25.0,2022,February,5
Libya,52.0,2022,February,45
Liechtenstein,0.0,2022,February,0
Lithuania,6.0,2022,February,5
Luxembourg,1.0,2022,February,0
Macedonia,12.0,2022,February,10
Madagascar,17.0,2022,February,15
Malawi,5.0,2022,February,0
Malaysia,34.0,2022,February,30
"Maldives, Republic of",0.0,2022,February,0
"Mali, Republic of",25.0,2022,February,15
Malta,1.0,2022,February,0
Mauritania,12.0,2022,February,10
Mauritius,57.0,2022,February,50
Mexico,713.0,2022,February,620
Moldova,17.0,2022,February,15
Monaco,0.0,2022,February,0
"Mongolia, People's Republic of",12.0,2022,February,10
"Montenegro, Republic of",0.0,2022,February,0
Morocco,362.0,2022,February,315
Mozambique,1.0,2022,February,0
Myanmar (Burma),17.0,2022,February,15
Namibia,12.0,2022,February,10
Nepal,155.0,2022,February,135
New Caledonia,0.0,2022,February,0
New Zealand,46.0,2022,February,40
Nicaragua,32.0,2022,February,20
Nigeria,1413.0,2022,February,1170
Norway,4.0,2022,February,0
Oman,1.0,2022,February,0
Pakistan,954.0,2022,February,830
Palestinian Authority (Gaza/West Bank),109.0,2022,February,95
"Panama, Republic of",12.0,2022,February,10
Papua New Guinea,0.0,2022,February,0
Paraguay,1.0,2022,February,0
Peru,80.0,2022,February,70
Philippines,2898.0,2022,February,2520
Poland,86.0,2022,February,75
Portugal,109.0,2022,February,80
Qatar,1.0,2022,February,0
Reunion,0.0,2022,February,0
Romania,69.0,2022,February,60
Russia,161.0,2022,February,140
Rwanda,90.0,2022,February,85
San Marino,0.0,2022,February,0
Sao Tome and Principe,0.0,2022,February,0
Saudi Arabia,34.0,2022,February,30
Senegal,69.0,2022,February,60
"Serbia, Republic of",40.0,2022,February,35
Seychelles,0.0,2022,February,0
Sierra Leone,5.0,2022,February,0
Singapore,34.0,2022,February,30
Sint-Maarten,0.0,2022,February,0
Slovak Republic,29.0,2022,February,25
Slovenia,2.0,2022,February,0
"Somalia, Democratic Republic of",484.0,2022,February,150
Spain,80.0,2022,February,70
Sri Lanka,220.0,2022,February,195
St. Kitts-Nevis,2.0,2022,February,0
St. Lucia,23.0,2022,February,15
St. Vincent and the Grenadines,16.0,2022,February,10
Stateless,121.0,2022,February,105
Surinam,2.0,2022,February,0
Swaziland,1.0,2022,February,0
Sweden,17.0,2022,February,15
Switzerland,16.0,2022,February,15
Syria,494.0,2022,February,430
Taiwan,115.0,2022,February,100
Thailand,41.0,2022,February,30
"Togo, Republic of",36.0,2022,February,30
Tonga,0.0,2022,February,0
"Trinidad and Tobago, Republic of",46.0,2022,February,40
Tunisia,305.0,2022,February,265
Turkey,288.0,2022,February,250
Turkmenistan,0.0,2022,February,0
Turks and Caicos Islands,0.0,2022,February,0
Uganda,129.0,2022,February,55
Ukraine,368.0,2022,February,320
United Arab Emirates,2.0,2022,February,0
United Kingdom and Overseas Territories,627.0,2022,February,545
United States of America,1202.0,2022,February,1045
Uruguay,6.0,2022,February,5
Uzbekistan,6.0,2022,February,0
Vanuatu,1.0,2022,February,0
Venezuela,172.0,2022,February,150
Western Sahara,0.0,2022,February,0
Yemen,92.0,2022,February,80
Zambia,6.0,2022,February,5
Zimbabwe,80.0,2022,February,70
Afghanistan,2386.0,2022,March,2075
Albania,75.0,2022,March,65
Algeria,610.0,2022,March,530
Andorra,0.0,2022,March,0
Angola,69.0,2022,March,20
Antigua and Barbuda,11.0,2022,March,10
Argentina,63.0,2022,March,55
Armenia,17.0,2022,March,0
Australia,178.0,2022,March,155
Austria,12.0,2022,March,10
Azerbaijan,46.0,2022,March,40
"Bahama Islands, The",40.0,2022,March,35
Bahrain,1.0,2022,March,0
Bangladesh,402.0,2022,March,350
Barbados,25.0,2022,March,20
Belarus,23.0,2022,March,20
Belgium,46.0,2022,March,40
Belize,6.0,2022,March,5
Bermuda,1.0,2022,March,0
Bhutan,1.0,2022,March,0
Bolivia,23.0,2022,March,20
"Botswana, Republic of",7.0,2022,March,5
Brazil,972.0,2022,March,845
Brunei,1.0,2022,March,0
Bulgaria,29.0,2022,March,25
Burkina-Faso,75.0,2022,March,65
Burundi,172.0,2022,March,150
Cambodia,34.0,2022,March,30
Cape Verde Islands,2.0,2022,March,0
Central African Republic,80.0,2022,March,70
"Chad, Republic of",35.0,2022,March,15
Chile,80.0,2022,March,70
Colombia,540.0,2022,March,470
Comoros,0.0,2022,March,0
"Congo, Democratic Republic of the",420.0,2022,March,365
"Congo, People's Republic of the",26.0,2022,March,15
Costa Rica,24.0,2022,March,15
Croatia,17.0,2022,March,15
Cuba,96.0,2022,March,70
Cyprus,1.0,2022,March,0
Czech Republic,34.0,2022,March,30
Denmark,6.0,2022,March,5
Dominica,1.0,2022,March,0
Dominican Republic,92.0,2022,March,60
"East Timor, Democratic Republic of",1.0,2022,March,0
Ecuador,75.0,2022,March,65
Egypt,282.0,2022,March,245
El Salvador,71.0,2022,March,60
Eritrea,580.0,2022,March,540
Estonia,0.0,2022,March,0
Ethiopia,290.0,2022,March,250
Fiji,14.0,2022,March,5
Finland,12.0,2022,March,10
France,1374.0,2022,March,1195
French Polynesia,0.0,2022,March,0
Gabon Republic,7.0,2022,March,5
Gambia,17.0,2022,March,15
Georgia,27.0,2022,March,25
Ghana,136.0,2022,March,115
Greece,21.0,2022,March,15
Grenada,10.0,2022,March,10
Guatemala,33.0,2022,March,30
Guinea-Bissau,5.0,2022,March,0
"Guinea, Republic of",62.0,2022,March,45
Guyana,40.0,2022,March,35
Haiti,536.0,2022,March,480
Holy See,0.0,2022,March,0
Honduras,46.0,2022,March,40
Hungary,52.0,2022,March,45
Iceland,3.0,2022,March,0
India,12529.0,2022,March,10895
Iran,1529.0,2022,March,1330
Iraq,374.0,2022,March,325
Israel,115.0,2022,March,100
Italy,178.0,2022,March,155
Jamaica,489.0,2022,March,425
Japan,115.0,2022,March,100
Jordan,125.0,2022,March,95
Kazakhstan,52.0,2022,March,45
Kenya,90.0,2022,March,60
Kiribati,0.0,2022,March,0
"Korea, People's Democratic Republic of",0.0,2022,March,0
"Korea, Republic of",690.0,2022,March,600
"Kosovo, Republic of",23.0,2022,March,20
Kuwait,0.0,2022,March,0
Kyrgyzstan,16.0,2022,March,0
Laos,1.0,2022,March,0
Latvia,12.0,2022,March,5
Lebanon,327.0,2022,March,230
Lesotho,0.0,2022,March,0
Liberia,43.0,2022,March,10
Libya,98.0,2022,March,85
Liechtenstein,0.0,2022,March,0
Lithuania,23.0,2022,March,20
Luxembourg,4.0,2022,March,0
Macedonia,3.0,2022,March,0
Madagascar,27.0,2022,March,20
Malawi,12.0,2022,March,10
Malaysia,29.0,2022,March,25
"Maldives, Republic of",0.0,2022,March,0
"Mali, Republic of",34.0,2022,March,30
Malta,1.0,2022,March,0
Mauritania,23.0,2022,March,15
Mauritius,75.0,2022,March,65
Mexico,770.0,2022,March,670
Moldova,46.0,2022,March,40
Monaco,0.0,2022,March,0
"Mongolia, People's Republic of",6.0,2022,March,5
"Montenegro, Republic of",1.0,2022,March,0
Morocco,483.0,2022,March,420
Mozambique,2.0,2022,March,0
Myanmar (Burma),19.0,2022,March,15
Namibia,20.0,2022,March,0
Nepal,150.0,2022,March,130
New Caledonia,0.0,2022,March,0
New Zealand,63.0,2022,March,55
Nicaragua,56.0,2022,March,20
Nigeria,1863.0,2022,March,1620
Norway,10.0,2022,March,5
Oman,1.0,2022,March,0
Pakistan,1150.0,2022,March,1000
Palestinian Authority (Gaza/West Bank),115.0,2022,March,100
"Panama, Republic of",11.0,2022,March,10
Papua New Guinea,0.0,2022,March,0
Paraguay,6.0,2022,March,5
Peru,69.0,2022,March,60
Philippines,2588.0,2022,March,2250
Poland,63.0,2022,March,55
Portugal,111.0,2022,March,95
Qatar,0.0,2022,March,0
Reunion,0.0,2022,March,0
Romania,58.0,2022,March,50
Russia,293.0,2022,March,255
Rwanda,132.0,2022,March,115
San Marino,0.0,2022,March,0
Sao Tome and Principe,0.0,2022,March,0
Saudi Arabia,52.0,2022,March,45
Senegal,103.0,2022,March,90
"Serbia, Republic of",40.0,2022,March,35
Seychelles,0.0,2022,March,0
Sierra Leone,12.0,2022,March,10
Singapore,29.0,2022,March,25
Sint-Maarten,0.0,2022,March,0
Slovak Republic,40.0,2022,March,35
Slovenia,0.0,2022,March,0
"Somalia, Democratic Republic of",355.0,2022,March,260
Spain,80.0,2022,March,70
Sri Lanka,297.0,2022,March,165
St. Kitts-Nevis,6.0,2022,March,0
St. Lucia,20.0,2022,March,20
St. Vincent and the Grenadines,40.0,2022,March,35
Stateless,115.0,2022,March,100
Surinam,0.0,2022,March,0
Swaziland,0.0,2022,March,0
Sweden,23.0,2022,March,20
Switzerland,23.0,2022,March,20
Syria,747.0,2022,March,650
Taiwan,121.0,2022,March,105
Thailand,39.0,2022,March,30
"Togo, Republic of",50.0,2022,March,35
Tonga,1.0,2022,March,0
"Trinidad and Tobago, Republic of",69.0,2022,March,60
Tunisia,431.0,2022,March,375
Turkey,328.0,2022,March,285
Turkmenistan,2.0,2022,March,0
Turks and Caicos Islands,0.0,2022,March,0
Uganda,121.0,2022,March,60
Ukraine,914.0,2022,March,795
United Arab Emirates,1.0,2022,March,0
United Kingdom and Overseas Territories,598.0,2022,March,520
United States of America,1300.0,2022,March,1130
Uruguay,12.0,2022,March,10
Uzbekistan,19.0,2022,March,10
Vanuatu,0.0,2022,March,0
Venezuela,178.0,2022,March,155
Western Sahara,0.0,2022,March,0
Yemen,103.0,2022,March,90
Zambia,12.0,2022,March,10
Zimbabwe,75.0,2022,March,65
Afghanistan,2547.0,2022,April,2215
Albania,86.0,2022,April,75
Algeria,454.0,2022,April,395
Andorra,0.0,2022,April,0
Angola,58.0,2022,April,50
Antigua and Barbuda,10.0,2022,April,10
Argentina,34.0,2022,April,30
Armenia,17.0,2022,April,15
Australia,132.0,2022,April,115
Austria,12.0,2022,April,10
Azerbaijan,46.0,2022,April,40
"Bahama Islands, The",32.0,2022,April,30
Bahrain,0.0,2022,April,0
Bangladesh,345.0,2022,April,300
Barbados,23.0,2022,April,20
Belarus,21.0,2022,April,0
Belgium,52.0,2022,April,45
Belize,12.0,2022,April,10
Bermuda,0.0,2022,April,0
Bhutan,0.0,2022,April,0
Bolivia,29.0,2022,April,25
"Botswana, Republic of",4.0,2022,April,0
Brazil,839.0,2022,April,730
Brunei,0.0,2022,April,0
Bulgaria,17.0,2022,April,15
Burkina-Faso,34.0,2022,April,30
Burundi,103.0,2022,April,90
Cambodia,12.0,2022,April,10
Cape Verde Islands,1.0,2022,April,0
Central African Republic,167.0,2022,April,145
"Chad, Republic of",52.0,2022,April,30
Chile,57.0,2022,April,50
Colombia,408.0,2022,April,295
Comoros,2.0,2022,April,0
"Congo, Democratic Republic of the",253.0,2022,April,220
"Congo, People's Republic of the",29.0,2022,April,25
Costa Rica,23.0,2022,April,15
Croatia,29.0,2022,April,25
Cuba,103.0,2022,April,70
Cyprus,1.0,2022,April,0
Czech Republic,17.0,2022,April,15
Denmark,7.0,2022,April,5
Dominica,1.0,2022,April,0
Dominican Republic,85.0,2022,April,50
"East Timor, Democratic Republic of",0.0,2022,April,0
Ecuador,31.0,2022,April,25
Egypt,247.0,2022,April,215
El Salvador,61.0,2022,April,60
Eritrea,501.0,2022,April,350
Estonia,2.0,2022,April,0
Ethiopia,254.0,2022,April,220
Fiji,5.0,2022,April,5
Finland,7.0,2022,April,5
France,1144.0,2022,April,995
French Polynesia,0.0,2022,April,0
Gabon Republic,7.0,2022,April,5
Gambia,12.0,2022,April,10
Georgia,17.0,2022,April,15
Ghana,155.0,2022,April,135
Greece,46.0,2022,April,40
Grenada,6.0,2022,April,5
Guatemala,38.0,2022,April,25
Guinea-Bissau,1.0,2022,April,0
"Guinea, Republic of",69.0,2022,April,35
Guyana,35.0,2022,April,35
Haiti,507.0,2022,April,395
Holy See,0.0,2022,April,0
Honduras,52.0,2022,April,45
Hungary,57.0,2022,April,50
Iceland,4.0,2022,April,0
India,11845.0,2022,April,10300
Iran,1276.0,2022,April,1110
Iraq,569.0,2022,April,495
Israel,115.0,2022,April,100
Italy,80.0,2022,April,70
Jamaica,362.0,2022,April,350
Japan,103.0,2022,April,90
Jordan,139.0,2022,April,120
Kazakhstan,34.0,2022,April,30
Kenya,110.0,2022,April,80
Kiribati,0.0,2022,April,0
"Korea, People's Democratic Republic of",0.0,2022,April,0
"Korea, Republic of",564.0,2022,April,490
"Kosovo, Republic of",23.0,2022,April,20
Kuwait,2.0,2022,April,0
Kyrgyzstan,2.0,2022,April,0
Laos,1.0,2022,April,0
Latvia,12.0,2022,April,10
Lebanon,295.0,2022,April,240
Lesotho,0.0,2022,April,0
Liberia,12.0,2022,April,10
Libya,63.0,2022,April,55
Liechtenstein,0.0,2022,April,0
Lithuania,12.0,2022,April,10
Luxembourg,1.0,2022,April,0
Macedonia,4.0,2022,April,0
Madagascar,17.0,2022,April,15
Malawi,10.0,2022,April,5
Malaysia,29.0,2022,April,25
"Maldives, Republic of",1.0,2022,April,0
"Mali, Republic of",46.0,2022,April,40
Malta,0.0,2022,April,0
Mauritania,10.0,2022,April,0
Mauritius,121.0,2022,April,105
Mexico,523.0,2022,April,455
Moldova,12.0,2022,April,10
Monaco,0.0,2022,April,0
"Mongolia, People's Republic of",17.0,2022,April,15
"Montenegro, Republic of",4.0,2022,April,0
Morocco,460.0,2022,April,400
Mozambique,1.0,2022,April,0
Myanmar (Burma),16.0,2022,April,10
Namibia,17.0,2022,April,5
Nepal,102.0,2022,April,95
New Caledonia,0.0,2022,April,0
New Zealand,57.0,2022,April,50
Nicaragua,40.0,2022,April,35
Nigeria,1869.0,2022,April,1625
Norway,1.0,2022,April,0
Oman,0.0,2022,April,0
Pakistan,1018.0,2022,April,885
Palestinian Authority (Gaza/West Bank),52.0,2022,April,50
"Panama, Republic of",10.0,2022,April,0
Papua New Guinea,0.0,2022,April,0
Paraguay,12.0,2022,April,10
Peru,80.0,2022,April,70
Philippines,2220.0,2022,April,1930
Poland,63.0,2022,April,55
Portugal,75.0,2022,April,65
Qatar,0.0,2022,April,0
Reunion,0.0,2022,April,0
Romania,40.0,2022,April,35
Russia,144.0,2022,April,125
Rwanda,132.0,2022,April,115
San Marino,0.0,2022,April,0
Sao Tome and Principe,0.0,2022,April,0
Saudi Arabia,34.0,2022,April,30
Senegal,92.0,2022,April,80
"Serbia, Republic of",34.0,2022,April,30
Seychelles,1.0,2022,April,0
Sierra Leone,17.0,2022,April,0
Singapore,46.0,2022,April,40
Sint-Maarten,0.0,2022,April,0
Slovak Republic,17.0,2022,April,15
Slovenia,2.0,2022,April,0
"Somalia, Democratic Republic of",270.0,2022,April,210
Spain,52.0,2022,April,45
Sri Lanka,215.0,2022,April,165
St. Kitts-Nevis,0.0,2022,April,0
St. Lucia,23.0,2022,April,20
St. Vincent and the Grenadines,30.0,2022,April,25
Stateless,80.0,2022,April,70
Surinam,1.0,2022,April,0
Swaziland,1.0,2022,April,0
Sweden,17.0,2022,April,15
Switzerland,34.0,2022,April,30
Syria,724.0,2022,April,630
Taiwan,115.0,2022,April,100
Thailand,68.0,2022,April,35
"Togo, Republic of",57.0,2022,April,35
Tonga,0.0,2022,April,0
"Trinidad and Tobago, Republic of",52.0,2022,April,45
Tunisia,351.0,2022,April,305
Turkey,264.0,2022,April,230
Turkmenistan,6.0,2022,April,0
Turks and Caicos Islands,0.0,2022,April,0
Uganda,108.0,2022,April,50
Ukraine,512.0,2022,April,445
United Arab Emirates,1.0,2022,April,0
United Kingdom and Overseas Territories,431.0,2022,April,375
United States of America,1098.0,2022,April,955
Uruguay,8.0,2022,April,0
Uzbekistan,6.0,2022,April,0
Vanuatu,0.0,2022,April,0
Venezuela,150.0,2022,April,130
Western Sahara,0.0,2022,April,0
Yemen,75.0,2022,April,65
Zambia,15.0,2022,April,0
Zimbabwe,69.0,2022,April,60
Afghanistan,2846.0,2022,May,2475
Albania,46.0,2022,May,40
Algeria,724.0,2022,May,630
Andorra,0.0,2022,May,0
Angola,52.0,2022,May,30
Antigua and Barbuda,16.0,2022,May,10
Argentina,29.0,2022,May,25
Armenia,5.0,2022,May,5
Australia,138.0,2022,May,120
Austria,12.0,2022,May,10
Azerbaijan,34.0,2022,May,30
"Bahama Islands, The",33.0,2022,May,20
Bahrain,0.0,2022,May,0
Bangladesh,379.0,2022,May,330
Barbados,22.0,2022,May,10
Belarus,15.0,2022,May,5
Belgium,57.0,2022,May,50
Belize,17.0,2022,May,15
Bermuda,0.0,2022,May,0
Bhutan,1.0,2022,May,0
Bolivia,12.0,2022,May,10
"Botswana, Republic of",4.0,2022,May,0
Brazil,891.0,2022,May,775
Brunei,0.0,2022,May,0
Bulgaria,8.0,2022,May,0
Burkina-Faso,52.0,2022,May,45
Burundi,167.0,2022,May,145
Cambodia,23.0,2022,May,20
Cape Verde Islands,0.0,2022,May,0
Central African Republic,98.0,2022,May,85
"Chad, Republic of",40.0,2022,May,25
Chile,58.0,2022,May,50
Colombia,394.0,2022,May,275
Comoros,1.0,2022,May,0
"Congo, Democratic Republic of the",328.0,2022,May,285
"Congo, People's Republic of the",31.0,2022,May,30
Costa Rica,17.0,2022,May,10
Croatia,12.0,2022,May,10
Cuba,97.0,2022,May,60
Cyprus,1.0,2022,May,0
Czech Republic,17.0,2022,May,15
Denmark,12.0,2022,May,5
Dominica,9.0,2022,May,0
Dominican Republic,65.0,2022,May,60
"East Timor, Democratic Republic of",0.0,2022,May,0
Ecuador,40.0,2022,May,35
Egypt,218.0,2022,May,190
El Salvador,80.0,2022,May,70
Eritrea,858.0,2022,May,435
Estonia,0.0,2022,May,0
Ethiopia,285.0,2022,May,185
Fiji,12.0,2022,May,10
Finland,8.0,2022,May,5
France,1351.0,2022,May,1175
French Polynesia,0.0,2022,May,0
Gabon Republic,5.0,2022,May,5
Gambia,6.0,2022,May,0
Georgia,45.0,2022,May,15
Ghana,150.0,2022,May,100
Greece,40.0,2022,May,35
Grenada,12.0,2022,May,10
Guatemala,40.0,2022,May,20
Guinea-Bissau,2.0,2022,May,0
"Guinea, Republic of",69.0,2022,May,60
Guyana,40.0,2022,May,35
Haiti,510.0,2022,May,380
Holy See,0.0,2022,May,0
Honduras,44.0,2022,May,25
Hungary,52.0,2022,May,45
Iceland,0.0,2022,May,0
India,12420.0,2022,May,10800
Iran,1156.0,2022,May,1005
Iraq,253.0,2022,May,220
Israel,98.0,2022,May,85
Italy,103.0,2022,May,90
Jamaica,385.0,2022,May,335
Japan,115.0,2022,May,100
Jordan,130.0,2022,May,65
Kazakhstan,34.0,2022,May,30
Kenya,136.0,2022,May,85
Kiribati,1.0,2022,May,0
"Korea, People's Democratic Republic of",1.0,2022,May,0
"Korea, Republic of",535.0,2022,May,465
"Kosovo, Republic of",17.0,2022,May,10
Kuwait,1.0,2022,May,0
Kyrgyzstan,7.0,2022,May,5
Laos,0.0,2022,May,0
Latvia,2.0,2022,May,0
Lebanon,276.0,2022,May,240
Lesotho,1.0,2022,May,0
Liberia,17.0,2022,May,0
Libya,69.0,2022,May,60
Liechtenstein,0.0,2022,May,0
Lithuania,6.0,2022,May,0
Luxembourg,6.0,2022,May,5
Macedonia,6.0,2022,May,5
Madagascar,69.0,2022,May,60
Malawi,5.0,2022,May,0
Malaysia,34.0,2022,May,30
"Maldives, Republic of",0.0,2022,May,0
"Mali, Republic of",36.0,2022,May,30
Malta,0.0,2022,May,0
Mauritania,16.0,2022,May,5
Mauritius,144.0,2022,May,125
Mexico,473.0,2022,May,445
Moldova,34.0,2022,May,30
Monaco,0.0,2022,May,0
"Mongolia, People's Republic of",12.0,2022,May,10
"Montenegro, Republic of",0.0,2022,May,0
Morocco,627.0,2022,May,545
Mozambique,2.0,2022,May,0
Myanmar (Burma),11.0,2022,May,10
Namibia,12.0,2022,May,10
Nepal,150.0,2022,May,130
New Caledonia,0.0,2022,May,0
New Zealand,40.0,2022,May,35
Nicaragua,27.0,2022,May,15
Nigeria,2191.0,2022,May,1905
Norway,6.0,2022,May,5
Oman,0.0,2022,May,0
Pakistan,1023.0,2022,May,890
Palestinian Authority (Gaza/West Bank),86.0,2022,May,75
"Panama, Republic of",4.0,2022,May,0
Papua New Guinea,0.0,2022,May,0
Paraguay,6.0,2022,May,5
Peru,69.0,2022,May,60
Philippines,2225.0,2022,May,1935
Poland,69.0,2022,May,60
Portugal,98.0,2022,May,85
Qatar,0.0,2022,May,0
Reunion,0.0,2022,May,0
Romania,52.0,2022,May,45
Russia,121.0,2022,May,105
Rwanda,81.0,2022,May,60
San Marino,0.0,2022,May,0
Sao Tome and Principe,1.0,2022,May,0
Saudi Arabia,23.0,2022,May,20
Senegal,92.0,2022,May,80
"Serbia, Republic of",46.0,2022,May,40
Seychelles,0.0,2022,May,0
Sierra Leone,11.0,2022,May,0
Singapore,29.0,2022,May,25
Sint-Maarten,0.0,2022,May,0
Slovak Republic,7.0,2022,May,5
Slovenia,1.0,2022,May,0
"Somalia, Democratic Republic of",301.0,2022,May,220
Spain,40.0,2022,May,40
Sri Lanka,238.0,2022,May,180
St. Kitts-Nevis,10.0,2022,May,5
St. Lucia,17.0,2022,May,10
St. Vincent and the Grenadines,21.0,2022,May,15
Stateless,52.0,2022,May,40
Surinam,2.0,2022,May,0
Swaziland,4.0,2022,May,0
Sweden,20.0,2022,May,20
Switzerland,10.0,2022,May,10
Syria,730.0,2022,May,635
Taiwan,103.0,2022,May,90
Thailand,36.0,2022,May,30
"Togo, Republic of",52.0,2022,May,45
Tonga,1.0,2022,May,0
"Trinidad and Tobago, Republic of",40.0,2022,May,35
Tunisia,500.0,2022,May,435
Turkey,230.0,2022,May,200
Turkmenistan,6.0,2022,May,5
Turks and Caicos Islands,0.0,2022,May,0
Uganda,152.0,2022,May,25
Ukraine,408.0,2022,May,355
United Arab Emirates,1.0,2022,May,0
United Kingdom and Overseas Territories,466.0,2022,May,405
United States of America,1000.0,2022,May,870
Uruguay,1.0,2022,May,0
Uzbekistan,23.0,2022,May,20
Vanuatu,0.0,2022,May,0
Venezuela,201.0,2022,May,175
Western Sahara,0.0,2022,May,0
Yemen,103.0,2022,May,90
Zambia,12.0,2022,May,10
Zimbabwe,57.0,2022,May,50
Afghanistan,2467.0,2022,June,2145
Albania,57.0,2022,June,50
Algeria,816.0,2022,June,710
Andorra,0.0,2022,June,0
Angola,52.0,2022,June,25
Antigua and Barbuda,11.0,2022,June,5
Argentina,29.0,2022,June,25
Armenia,17.0,2022,June,15
Australia,155.0,2022,June,135
Austria,7.0,2022,June,5
Azerbaijan,46.0,2022,June,40
"Bahama Islands, The",41.0,2022,June,30
Bahrain,0.0,2022,June,0
Bangladesh,500.0,2022,June,435
Barbados,23.0,2022,June,20
Belarus,14.0,2022,June,10
Belgium,69.0,2022,June,60
Belize,3.0,2022,June,0
Bermuda,0.0,2022,June,0
Bhutan,0.0,2022,June,0
Bolivia,11.0,2022,June,10
"Botswana, Republic of",2.0,2022,June,0
Brazil,805.0,2022,June,700
Brunei,1.0,2022,June,0
Bulgaria,12.0,2022,June,10
Burkina-Faso,69.0,2022,June,60
Burundi,121.0,2022,June,105
Cambodia,17.0,2022,June,15
Cape Verde Islands,0.0,2022,June,0
Central African Republic,201.0,2022,June,175
"Chad, Republic of",50.0,2022,June,30
Chile,69.0,2022,June,60
Colombia,368.0,2022,June,365
Comoros,1.0,2022,June,0
"Congo, Democratic Republic of the",276.0,2022,June,240
"Congo, People's Republic of the",34.0,2022,June,30
Costa Rica,23.0,2022,June,20
Croatia,29.0,2022,June,25
Cuba,67.0,2022,June,65
Cyprus,1.0,2022,June,0
Czech Republic,23.0,2022,June,20
Denmark,4.0,2022,June,0
Dominica,6.0,2022,June,5
Dominican Republic,138.0,2022,June,120
"East Timor, Democratic Republic of",0.0,2022,June,0
Ecuador,75.0,2022,June,65
Egypt,356.0,2022,June,310
El Salvador,80.0,2022,June,70
Eritrea,747.0,2022,June,725
Estonia,0.0,2022,June,0
Ethiopia,338.0,2022,June,205
Fiji,11.0,2022,June,5
Finland,8.0,2022,June,0
France,1656.0,2022,June,1440
French Polynesia,0.0,2022,June,0
Gabon Republic,17.0,2022,June,15
Gambia,16.0,2022,June,5
Georgia,37.0,2022,June,15
Ghana,130.0,2022,June,105
Greece,23.0,2022,June,20
Grenada,12.0,2022,June,10
Guatemala,41.0,2022,June,35
Guinea-Bissau,1.0,2022,June,0
"Guinea, Republic of",69.0,2022,June,60
Guyana,57.0,2022,June,50
Haiti,469.0,2022,June,445
Holy See,0.0,2022,June,0
Honduras,36.0,2022,June,15
Hungary,46.0,2022,June,40
Iceland,0.0,2022,June,0
India,14093.0,2022,June,12255
Iran,1288.0,2022,June,1120
Iraq,466.0,2022,June,405
Israel,132.0,2022,June,115
Italy,138.0,2022,June,120
Jamaica,443.0,2022,June,385
Japan,92.0,2022,June,80
Jordan,132.0,2022,June,115
Kazakhstan,75.0,2022,June,65
Kenya,103.0,2022,June,95
Kiribati,0.0,2022,June,0
"Korea, People's Democratic Republic of",0.0,2022,June,0
"Korea, Republic of",719.0,2022,June,625
"Kosovo, Republic of",12.0,2022,June,10
Kuwait,0.0,2022,June,0
Kyrgyzstan,23.0,2022,June,20
Laos,0.0,2022,June,0
Latvia,12.0,2022,June,10
Lebanon,489.0,2022,June,425
Lesotho,0.0,2022,June,0
Liberia,12.0,2022,June,5
Libya,69.0,2022,June,60
Liechtenstein,0.0,2022,June,0
Lithuania,12.0,2022,June,10
Luxembourg,1.0,2022,June,0
Macedonia,9.0,2022,June,0
Madagascar,26.0,2022,June,25
Malawi,5.0,2022,June,0
Malaysia,29.0,2022,June,25
"Maldives, Republic of",0.0,2022,June,0
"Mali, Republic of",52.0,2022,June,45
Malta,0.0,2022,June,0
Mauritania,11.0,2022,June,10
Mauritius,138.0,2022,June,120
Mexico,621.0,2022,June,540
Moldova,23.0,2022,June,20
Monaco,0.0,2022,June,0
"Mongolia, People's Republic of",6.0,2022,June,5
"Montenegro, Republic of",3.0,2022,June,0
Morocco,736.0,2022,June,640
Mozambique,0.0,2022,June,0
Myanmar (Burma),17.0,2022,June,15
Namibia,5.0,2022,June,0
Nepal,161.0,2022,June,140
New Caledonia,0.0,2022,June,0
New Zealand,40.0,2022,June,35
Nicaragua,41.0,2022,June,40
Nigeria,2564.0,2022,June,2230
Norway,3.0,2022,June,0
Oman,0.0,2022,June,0
Pakistan,1455.0,2022,June,1265
Palestinian Authority (Gaza/West Bank),92.0,2022,June,80
"Panama, Republic of",12.0,2022,June,10
Papua New Guinea,0.0,2022,June,0
Paraguay,6.0,2022,June,5
Peru,75.0,2022,June,65
Philippines,2363.0,2022,June,2055
Poland,46.0,2022,June,40
Portugal,126.0,2022,June,110
Qatar,1.0,2022,June,0
Reunion,0.0,2022,June,0
Romania,52.0,2022,June,45
Russia,178.0,2022,June,155
Rwanda,75.0,2022,June,65
San Marino,2.0,2022,June,0
Sao Tome and Principe,0.0,2022,June,0
Saudi Arabia,29.0,2022,June,25
Senegal,126.0,2022,June,110
"Serbia, Republic of",34.0,2022,June,30
Seychelles,2.0,2022,June,0
Sierra Leone,9.0,2022,June,0
Singapore,40.0,2022,June,35
Sint-Maarten,0.0,2022,June,0
Slovak Republic,23.0,2022,June,20
Slovenia,3.0,2022,June,0
"Somalia, Democratic Republic of",437.0,2022,June,235
Spain,80.0,2022,June,70
Sri Lanka,256.0,2022,June,240
St. Kitts-Nevis,1.0,2022,June,0
St. Lucia,23.0,2022,June,20
St. Vincent and the Grenadines,29.0,2022,June,25
Stateless,92.0,2022,June,80
Surinam,0.0,2022,June,0
Swaziland,5.0,2022,June,0
Sweden,12.0,2022,June,10
Switzerland,40.0,2022,June,35
Syria,793.0,2022,June,690
Taiwan,138.0,2022,June,120
Thailand,52.0,2022,June,45
"Togo, Republic of",69.0,2022,June,60
Tonga,0.0,2022,June,0
"Trinidad and Tobago, Republic of",63.0,2022,June,55
Tunisia,546.0,2022,June,475
Turkey,187.0,2022,June,185
Turkmenistan,0.0,2022,June,0
Turks and Caicos Islands,0.0,2022,June,0
Uganda,118.0,2022,June,35
Ukraine,368.0,2022,June,320
United Arab Emirates,5.0,2022,June,5
United Kingdom and Overseas Territories,477.0,2022,June,415
United States of America,1127.0,2022,June,980
Uruguay,12.0,2022,June,10
Uzbekistan,22.0,2022,June,15
Vanuatu,0.0,2022,June,0
Venezuela,155.0,2022,June,135
Western Sahara,0.0,2022,June,0
Yemen,80.0,2022,June,70
Zambia,10.0,2022,June,5
Zimbabwe,69.0,2022,June,60
Afghanistan,1903.0,2022,July,1130
Albania,40.0,2022,July,35
Algeria,1248.0,2022,July,1085
Andorra,1.0,2022,July,0
Angola,44.0,2022,July,30
Antigua and Barbuda,17.0,2022,July,15
Argentina,52.0,2022,July,45
Armenia,17.0,2022,July,15
Australia,138.0,2022,July,120
Austria,8.0,2022,July,0
Azerbaijan,34.0,2022,July,30
"Bahama Islands, The",34.0,2022,July,30
Bahrain,0.0,2022,July,0
Bangladesh,569.0,2022,July,495
Barbados,16.0,2022,July,15
Belarus,16.0,2022,July,0
Belgium,75.0,2022,July,65
Belize,1.0,2022,July,0
Bermuda,0.0,2022,July,0
Bhutan,0.0,2022,July,0
Bolivia,12.0,2022,July,10
"Botswana, Republic of",12.0,2022,July,10
Brazil,667.0,2022,July,580
Brunei,0.0,2022,July,0
Bulgaria,17.0,2022,July,15
Burkina-Faso,57.0,2022,July,50
Burundi,155.0,2022,July,135
Cambodia,23.0,2022,July,20
Cape Verde Islands,0.0,2022,July,0
Central African Republic,57.0,2022,July,50
"Chad, Republic of",44.0,2022,July,30
Chile,63.0,2022,July,55
Colombia,361.0,2022,July,335
Comoros,0.0,2022,July,0
"Congo, Democratic Republic of the",228.0,2022,July,185
"Congo, People's Republic of the",33.0,2022,July,30
Costa Rica,23.0,2022,July,20
Croatia,12.0,2022,July,10
Cuba,109.0,2022,July,95
Cyprus,0.0,2022,July,0
Czech Republic,17.0,2022,July,15
Denmark,7.0,2022,July,5
Dominica,3.0,2022,July,0
Dominican Republic,103.0,2022,July,90
"East Timor, Democratic Republic of",0.0,2022,July,0
Ecuador,53.0,2022,July,35
Egypt,483.0,2022,July,420
El Salvador,68.0,2022,July,65
Eritrea,968.0,2022,July,555
Estonia,2.0,2022,July,0
Ethiopia,348.0,2022,July,260
Fiji,12.0,2022,July,10
Finland,6.0,2022,July,5
France,1541.0,2022,July,1340
French Polynesia,0.0,2022,July,0
Gabon Republic,17.0,2022,July,15
Gambia,13.0,2022,July,5
Georgia,29.0,2022,July,15
Ghana,132.0,2022,July,115
Greece,29.0,2022,July,25
Grenada,12.0,2022,July,10
Guatemala,38.0,2022,July,30
Guinea-Bissau,0.0,2022,July,0
"Guinea, Republic of",57.0,2022,July,50
Guyana,46.0,2022,July,40
Haiti,534.0,2022,July,420
Holy See,0.0,2022,July,0
Honduras,49.0,2022,July,30
Hungary,29.0,2022,July,25
Iceland,1.0,2022,July,0
India,13328.0,2022,July,11590
Iran,1317.0,2022,July,1145
Iraq,335.0,2022,July,320
Israel,92.0,2022,July,80
Italy,115.0,2022,July,100
Jamaica,489.0,2022,July,425
Japan,98.0,2022,July,85
Jordan,178.0,2022,July,155
Kazakhstan,52.0,2022,July,45
Kenya,105.0,2022,July,105
Kiribati,0.0,2022,July,0
"Korea, People's Democratic Republic of",3.0,2022,July,0
"Korea, Republic of",610.0,2022,July,530
"Kosovo, Republic of",10.0,2022,July,5
Kuwait,12.0,2022,July,10
Kyrgyzstan,6.0,2022,July,5
Laos,0.0,2022,July,0
Latvia,4.0,2022,July,0
Lebanon,788.0,2022,July,685
Lesotho,0.0,2022,July,0
Liberia,4.0,2022,July,0
Libya,57.0,2022,July,50
Liechtenstein,0.0,2022,July,0
Lithuania,3.0,2022,July,0
Luxembourg,0.0,2022,July,0
Macedonia,1.0,2022,July,0
Madagascar,46.0,2022,July,40
Malawi,15.0,2022,July,0
Malaysia,34.0,2022,July,30
"Maldives, Republic of",0.0,2022,July,0
"Mali, Republic of",40.0,2022,July,35
Malta,0.0,2022,July,0
Mauritania,12.0,2022,July,10
Mauritius,115.0,2022,July,100
Mexico,514.0,2022,July,450
Moldova,23.0,2022,July,20
Monaco,0.0,2022,July,0
"Mongolia, People's Republic of",12.0,2022,July,10
"Montenegro, Republic of",1.0,2022,July,0
Morocco,931.0,2022,July,810
Mozambique,0.0,2022,July,0
Myanmar (Burma),29.0,2022,July,25
Namibia,13.0,2022,July,10
Nepal,138.0,2022,July,120
New Caledonia,0.0,2022,July,0
New Zealand,57.0,2022,July,50
Nicaragua,34.0,2022,July,30
Nigeria,2610.0,2022,July,2270
Norway,10.0,2022,July,0
Oman,0.0,2022,July,0
Pakistan,1374.0,2022,July,1195
Palestinian Authority (Gaza/West Bank),98.0,2022,July,85
"Panama, Republic of",12.0,2022,July,10
Papua New Guinea,0.0,2022,July,0
Paraguay,8.0,2022,July,0
Peru,69.0,2022,July,60
Philippines,2467.0,2022,July,2145
Poland,34.0,2022,July,30
Portugal,115.0,2022,July,100
Qatar,0.0,2022,July,0
Reunion,0.0,2022,July,0
Romania,57.0,2022,July,50
Russia,161.0,2022,July,140
Rwanda,121.0,2022,July,105
San Marino,0.0,2022,July,0
Sao Tome and Principe,0.0,2022,July,0
Saudi Arabia,46.0,2022,July,40
Senegal,121.0,2022,July,105
"Serbia, Republic of",57.0,2022,July,50
Seychelles,0.0,2022,July,0
Sierra Leone,11.0,2022,July,5
Singapore,23.0,2022,July,20
Sint-Maarten,0.0,2022,July,0
Slovak Republic,17.0,2022,July,15
Slovenia,6.0,2022,July,0
"Somalia, Democratic Republic of",480.0,2022,July,150
Spain,46.0,2022,July,40
Sri Lanka,322.0,2022,July,280
St. Kitts-Nevis,8.0,2022,July,0
St. Lucia,23.0,2022,July,20
St. Vincent and the Grenadines,23.0,2022,July,20
Stateless,115.0,2022,July,100
Surinam,0.0,2022,July,0
Swaziland,0.0,2022,July,0
Sweden,18.0,2022,July,15
Switzerland,40.0,2022,July,35
Syria,782.0,2022,July,680
Taiwan,121.0,2022,July,105
Thailand,47.0,2022,July,40
"Togo, Republic of",52.0,2022,July,45
Tonga,0.0,2022,July,0
"Trinidad and Tobago, Republic of",52.0,2022,July,45
Tunisia,759.0,2022,July,660
Turkey,282.0,2022,July,245
Turkmenistan,1.0,2022,July,0
Turks and Caicos Islands,0.0,2022,July,0
Uganda,87.0,2022,July,65
Ukraine,334.0,2022,July,290
United Arab Emirates,6.0,2022,July,5
United Kingdom and Overseas Territories,477.0,2022,July,415
United States of America,1196.0,2022,July,1040
Uruguay,12.0,2022,July,10
Uzbekistan,12.0,2022,July,10
Vanuatu,0.0,2022,July,0
Venezuela,195.0,2022,July,170
Western Sahara,0.0,2022,July,0
Yemen,92.0,2022,July,80
Zambia,17.0,2022,July,15
Zimbabwe,46.0,2022,July,40
Afghanistan,2857.0,2022,August,1225
Albania,46.0,2022,August,40
Algeria,448.0,2022,August,390
Andorra,1.0,2022,August,0
Angola,64.0,2022,August,20
Antigua and Barbuda,12.0,2022,August,10
Argentina,40.0,2022,August,35
Armenia,12.0,2022,August,10
Australia,115.0,2022,August,100
Austria,14.0,2022,August,10
Azerbaijan,29.0,2022,August,25
"Bahama Islands, The",29.0,2022,August,25
Bahrain,2.0,2022,August,0
Bangladesh,397.0,2022,August,345
Barbados,29.0,2022,August,25
Belarus,23.0,2022,August,20
Belgium,75.0,2022,August,65
Belize,0.0,2022,August,0
Bermuda,0.0,2022,August,0
Bhutan,1.0,2022,August,0
Bolivia,17.0,2022,August,15
"Botswana, Republic of",0.0,2022,August,0
Brazil,650.0,2022,August,565
Brunei,0.0,2022,August,0
Bulgaria,6.0,2022,August,5
Burkina-Faso,40.0,2022,August,35
Burundi,98.0,2022,August,85
Cambodia,17.0,2022,August,15
Cape Verde Islands,6.0,2022,August,5
Central African Republic,16.0,2022,August,5
"Chad, Republic of",48.0,2022,August,10
Chile,45.0,2022,August,45
Colombia,447.0,2022,August,340
Comoros,6.0,2022,August,0
"Congo, Democratic Republic of the",335.0,2022,August,125
"Congo, People's Republic of the",29.0,2022,August,25
Costa Rica,25.0,2022,August,20
Croatia,8.0,2022,August,5
Cuba,126.0,2022,August,110
Cyprus,0.0,2022,August,0
Czech Republic,23.0,2022,August,20
Denmark,6.0,2022,August,5
Dominica,6.0,2022,August,5
Dominican Republic,126.0,2022,August,110
"East Timor, Democratic Republic of",0.0,2022,August,0
Ecuador,52.0,2022,August,45
Egypt,322.0,2022,August,280
El Salvador,80.0,2022,August,55
Eritrea,1423.0,2022,August,430
Estonia,2.0,2022,August,0
Ethiopia,677.0,2022,August,180
Fiji,6.0,2022,August,5
Finland,23.0,2022,August,20
France,1708.0,2022,August,1485
French Polynesia,0.0,2022,August,0
Gabon Republic,6.0,2022,August,5
Gambia,13.0,2022,August,0
Georgia,29.0,2022,August,25
Ghana,132.0,2022,August,75
Greece,23.0,2022,August,20
Grenada,17.0,2022,August,15
Guatemala,40.0,2022,August,30
Guinea-Bissau,0.0,2022,August,0
"Guinea, Republic of",54.0,2022,August,40
Guyana,57.0,2022,August,50
Haiti,549.0,2022,August,390
Holy See,0.0,2022,August,0
Honduras,55.0,2022,August,50
Hungary,52.0,2022,August,45
Iceland,0.0,2022,August,0
India,9965.0,2022,August,8665
Iran,1039.0,2022,August,960
Iraq,288.0,2022,August,165
Israel,86.0,2022,August,75
Italy,126.0,2022,August,110
Jamaica,494.0,2022,August,430
Japan,80.0,2022,August,70
Jordan,115.0,2022,August,115
Kazakhstan,63.0,2022,August,55
Kenya,102.0,2022,August,85
Kiribati,0.0,2022,August,0
"Korea, People's Democratic Republic of",0.0,2022,August,0
"Korea, Republic of",494.0,2022,August,430
"Kosovo, Republic of",15.0,2022,August,0
Kuwait,1.0,2022,August,0
Kyrgyzstan,6.0,2022,August,0
Laos,0.0,2022,August,0
Latvia,3.0,2022,August,0
Lebanon,564.0,2022,August,490
Lesotho,1.0,2022,August,0
Liberia,16.0,2022,August,10
Libya,75.0,2022,August,65
Liechtenstein,0.0,2022,August,0
Lithuania,7.0,2022,August,5
Luxembourg,0.0,2022,August,0
Macedonia,5.0,2022,August,0
Madagascar,29.0,2022,August,25
Malawi,7.0,2022,August,0
Malaysia,23.0,2022,August,20
"Maldives, Republic of",0.0,2022,August,0
"Mali, Republic of",40.0,2022,August,35
Malta,1.0,2022,August,0
Mauritania,16.0,2022,August,10
Mauritius,121.0,2022,August,105
Mexico,522.0,2022,August,505
Moldova,6.0,2022,August,5
Monaco,0.0,2022,August,0
"Mongolia, People's Republic of",5.0,2022,August,0
"Montenegro, Republic of",1.0,2022,August,0
Morocco,598.0,2022,August,520
Mozambique,0.0,2022,August,0
Myanmar (Burma),18.0,2022,August,15
Namibia,8.0,2022,August,0
Nepal,109.0,2022,August,95
New Caledonia,0.0,2022,August,0
New Zealand,34.0,2022,August,30
Nicaragua,34.0,2022,August,25
Nigeria,2312.0,2022,August,2010
Norway,7.0,2022,August,0
Oman,3.0,2022,August,0
Pakistan,1012.0,2022,August,880
Palestinian Authority (Gaza/West Bank),109.0,2022,August,95
"Panama, Republic of",12.0,2022,August,10
Papua New Guinea,0.0,2022,August,0
Paraguay,0.0,2022,August,0
Peru,53.0,2022,August,50
Philippines,1512.0,2022,August,1455
Poland,46.0,2022,August,40
Portugal,121.0,2022,August,105
Qatar,0.0,2022,August,0
Reunion,0.0,2022,August,0
Romania,57.0,2022,August,50
Russia,167.0,2022,August,145
Rwanda,80.0,2022,August,70
San Marino,0.0,2022,August,0
Sao Tome and Principe,0.0,2022,August,0
Saudi Arabia,29.0,2022,August,25
Senegal,80.0,2022,August,70
"Serbia, Republic of",29.0,2022,August,25
Seychelles,0.0,2022,August,0
Sierra Leone,6.0,2022,August,5
Singapore,34.0,2022,August,30
Sint-Maarten,0.0,2022,August,0
Slovak Republic,29.0,2022,August,25
Slovenia,5.0,2022,August,0
"Somalia, Democratic Republic of",729.0,2022,August,100
Spain,47.0,2022,August,45
Sri Lanka,269.0,2022,August,165
St. Kitts-Nevis,12.0,2022,August,10
St. Lucia,12.0,2022,August,10
St. Vincent and the Grenadines,29.0,2022,August,25
Stateless,103.0,2022,August,90
Surinam,0.0,2022,August,0
Swaziland,1.0,2022,August,0
Sweden,23.0,2022,August,20
Switzerland,23.0,2022,August,20
Syria,736.0,2022,August,640
Taiwan,132.0,2022,August,115
Thailand,44.0,2022,August,25
"Togo, Republic of",33.0,2022,August,25
Tonga,0.0,2022,August,0
"Trinidad and Tobago, Republic of",75.0,2022,August,65
Tunisia,489.0,2022,August,425
Turkey,253.0,2022,August,220
Turkmenistan,12.0,2022,August,10
Turks and Caicos Islands,0.0,2022,August,0
Uganda,123.0,2022,August,60
Ukraine,299.0,2022,August,260
United Arab Emirates,1.0,2022,August,0
United Kingdom and Overseas Territories,471.0,2022,August,410
United States of America,1081.0,2022,August,940
Uruguay,3.0,2022,August,0
Uzbekistan,16.0,2022,August,15
Vanuatu,3.0,2022,August,0
Venezuela,116.0,2022,August,110
Western Sahara,0.0,2022,August,0
Yemen,41.0,2022,August,35
Zambia,12.0,2022,August,10
Zimbabwe,69.0,2022,August,60
Afghanistan,4048.0,2022,September,3520
Albania,63.0,2022,September,55
Algeria,845.0,2022,September,735
Andorra,0.0,2022,September,0
Angola,39.0,2022,September,10
Antigua and Barbuda,12.0,2022,September,10
Argentina,34.0,2022,September,30
Armenia,22.0,2022,September,10
Australia,104.0,2022,September,80
Austria,12.0,2022,September,10
Azerbaijan,34.0,2022,September,30
"Bahama Islands, The",28.0,2022,September,15
Bahrain,2.0,2022,September,0
Bangladesh,448.0,2022,September,390
Barbados,31.0,2022,September,20
Belarus,26.0,2022,September,15
Belgium,75.0,2022,September,65
Belize,6.0,2022,September,0
Bermuda,0.0,2022,September,0
Bhutan,4.0,2022,September,0
Bolivia,12.0,2022,September,10
"Botswana, Republic of",6.0,2022,September,5
Brazil,702.0,2022,September,610
Brunei,0.0,2022,September,0
Bulgaria,23.0,2022,September,20
Burkina-Faso,52.0,2022,September,45
Burundi,150.0,2022,September,130
Cambodia,46.0,2022,September,40
Cape Verde Islands,0.0,2022,September,0
Central African Republic,69.0,2022,September,60
"Chad, Republic of",35.0,2022,September,15
Chile,77.0,2022,September,50
Colombia,413.0,2022,September,410
Comoros,0.0,2022,September,0
"Congo, Democratic Republic of the",437.0,2022,September,380
"Congo, People's Republic of the",27.0,2022,September,15
Costa Rica,34.0,2022,September,30
Croatia,23.0,2022,September,20
Cuba,121.0,2022,September,105
Cyprus,2.0,2022,September,0
Czech Republic,24.0,2022,September,5
Denmark,6.0,2022,September,5
Dominica,6.0,2022,September,0
Dominican Republic,109.0,2022,September,95
"East Timor, Democratic Republic of",1.0,2022,September,0
Ecuador,79.0,2022,September,50
Egypt,316.0,2022,September,275
El Salvador,86.0,2022,September,75
Eritrea,1417.0,2022,September,930
Estonia,0.0,2022,September,0
Ethiopia,420.0,2022,September,275
Fiji,12.0,2022,September,10
Finland,18.0,2022,September,10
France,1340.0,2022,September,1165
French Polynesia,0.0,2022,September,0
Gabon Republic,12.0,2022,September,10
Gambia,17.0,2022,September,10
Georgia,40.0,2022,September,35
Ghana,143.0,2022,September,95
Greece,34.0,2022,September,30
Grenada,17.0,2022,September,15
Guatemala,53.0,2022,September,35
Guinea-Bissau,1.0,2022,September,0
"Guinea, Republic of",52.0,2022,September,45
Guyana,46.0,2022,September,40
Haiti,523.0,2022,September,455
Holy See,0.0,2022,September,0
Honduras,46.0,2022,September,40
Hungary,63.0,2022,September,55
Iceland,2.0,2022,September,0
India,12730.0,2022,September,11070
Iran,1311.0,2022,September,1140
Iraq,425.0,2022,September,370
Israel,80.0,2022,September,70
Italy,98.0,2022,September,85
Jamaica,477.0,2022,September,415
Japan,76.0,2022,September,55
Jordan,123.0,2022,September,120
Kazakhstan,52.0,2022,September,45
Kenya,134.0,2022,September,90
Kiribati,0.0,2022,September,0
"Korea, People's Democratic Republic of",0.0,2022,September,0
"Korea, Republic of",586.0,2022,September,510
"Kosovo, Republic of",23.0,2022,September,20
Kuwait,6.0,2022,September,5
Kyrgyzstan,16.0,2022,September,0
Laos,6.0,2022,September,5
Latvia,9.0,2022,September,0
Lebanon,684.0,2022,September,595
Lesotho,3.0,2022,September,0
Liberia,30.0,2022,September,10
Libya,32.0,2022,September,30
Liechtenstein,0.0,2022,September,0
Lithuania,6.0,2022,September,5
Luxembourg,3.0,2022,September,0
Macedonia,6.0,2022,September,5
Madagascar,34.0,2022,September,30
Malawi,6.0,2022,September,5
Malaysia,33.0,2022,September,25
"Maldives, Republic of",0.0,2022,September,0
"Mali, Republic of",40.0,2022,September,35
Malta,0.0,2022,September,0
Mauritania,10.0,2022,September,10
Mauritius,109.0,2022,September,95
Mexico,651.0,2022,September,390
Moldova,34.0,2022,September,30
Monaco,0.0,2022,September,0
"Mongolia, People's Republic of",9.0,2022,September,0
"Montenegro, Republic of",1.0,2022,September,0
Morocco,1058.0,2022,September,920
Mozambique,3.0,2022,September,0
Myanmar (Burma),44.0,2022,September,35
Namibia,6.0,2022,September,5
Nepal,138.0,2022,September,120
New Caledonia,0.0,2022,September,0
New Zealand,45.0,2022,September,35
Nicaragua,34.0,2022,September,30
Nigeria,3151.0,2022,September,2740
Norway,6.0,2022,September,5
Oman,0.0,2022,September,0
Pakistan,1357.0,2022,September,1180
Palestinian Authority (Gaza/West Bank),69.0,2022,September,60
"Panama, Republic of",6.0,2022,September,5
Papua New Guinea,0.0,2022,September,0
Paraguay,7.0,2022,September,0
Peru,75.0,2022,September,70
Philippines,2518.0,2022,September,2190
Poland,47.0,2022,September,40
Portugal,89.0,2022,September,75
Qatar,0.0,2022,September,0
Reunion,0.0,2022,September,0
Romania,40.0,2022,September,35
Russia,195.0,2022,September,170
Rwanda,150.0,2022,September,130
San Marino,0.0,2022,September,0
Sao Tome and Principe,0.0,2022,September,0
Saudi Arabia,23.0,2022,September,20
Senegal,115.0,2022,September,100
"Serbia, Republic of",40.0,2022,September,35
Seychelles,0.0,2022,September,0
Sierra Leone,11.0,2022,September,10
Singapore,20.0,2022,September,10
Sint-Maarten,0.0,2022,September,0
Slovak Republic,17.0,2022,September,15
Slovenia,3.0,2022,September,0
"Somalia, Democratic Republic of",710.0,2022,September,270
Spain,69.0,2022,September,60
Sri Lanka,334.0,2022,September,290
St. Kitts-Nevis,5.0,2022,September,0
St. Lucia,22.0,2022,September,20
St. Vincent and the Grenadines,29.0,2022,September,25
Stateless,115.0,2022,September,100
Surinam,0.0,2022,September,0
Swaziland,2.0,2022,September,0
Sweden,24.0,2022,September,15
Switzerland,15.0,2022,September,10
Syria,1208.0,2022,September,1050
Taiwan,109.0,2022,September,95
Thailand,44.0,2022,September,35
"Togo, Republic of",63.0,2022,September,55
Tonga,0.0,2022,September,0
"Trinidad and Tobago, Republic of",46.0,2022,September,45
Tunisia,581.0,2022,September,505
Turkey,270.0,2022,September,235
Turkmenistan,1.0,2022,September,0
Turks and Caicos Islands,0.0,2022,September,0
Uganda,98.0,2022,September,70
Ukraine,244.0,2022,September,210
United Arab Emirates,0.0,2022,September,0
United Kingdom and Overseas Territories,409.0,2022,September,370
United States of America,1041.0,2022,September,905
Uruguay,6.0,2022,September,0
Uzbekistan,9.0,2022,September,0
Vanuatu,0.0,2022,September,0
Venezuela,144.0,2022,September,125
Western Sahara,0.0,2022,September,0
Yemen,86.0,2022,September,75
Zambia,13.0,2022,September,0
Zimbabwe,75.0,2022,September,65
Afghanistan,5553.0,2022,October,2660
Albania,45.0,2022,October,30
Algeria,564.0,2022,October,490
Andorra,1.0,2022,October,0
Angola,55.0,2022,October,0
Antigua and Barbuda,12.0,2022,October,10
Argentina,43.0,2022,October,15
Armenia,25.0,2022,October,20
Australia,100.0,2022,October,45
Austria,18.0,2022,October,0
Azerbaijan,29.0,2022,October,25
"Bahama Islands, The",52.0,2022,October,10
Bahrain,7.0,2022,October,0
Bangladesh,477.0,2022,October,415
Barbados,13.0,2022,October,10
Belarus,17.0,2022,October,15
Belgium,39.0,2022,October,30
Belize,5.0,2022,October,0
Bermuda,0.0,2022,October,0
Bhutan,1.0,2022,October,0
Bolivia,12.0,2022,October,10
"Botswana, Republic of",0.0,2022,October,0
Brazil,458.0,2022,October,300
Brunei,4.0,2022,October,0
Bulgaria,12.0,2022,October,10
Burkina-Faso,25.0,2022,October,25
Burundi,201.0,2022,October,175
Cambodia,23.0,2022,October,20
Cape Verde Islands,0.0,2022,October,0
Central African Republic,172.0,2022,October,150
"Chad, Republic of",35.0,2022,October,30
Chile,72.0,2022,October,30
Colombia,480.0,2022,October,195
Comoros,0.0,2022,October,0
"Congo, Democratic Republic of the",449.0,2022,October,365
"Congo, People's Republic of the",36.0,2022,October,30
Costa Rica,15.0,2022,October,10
Croatia,12.0,2022,October,10
Cuba,78.0,2022,October,30
Cyprus,2.0,2022,October,0
Czech Republic,20.0,2022,October,15
Denmark,5.0,2022,October,0
Dominica,12.0,2022,October,0
Dominican Republic,64.0,2022,October,60
"East Timor, Democratic Republic of",0.0,2022,October,0
Ecuador,72.0,2022,October,15
Egypt,245.0,2022,October,230
El Salvador,51.0,2022,October,40
Eritrea,1534.0,2022,October,895
Estonia,1.0,2022,October,0
Ethiopia,506.0,2022,October,290
Fiji,17.0,2022,October,0
Finland,7.0,2022,October,0
France,868.0,2022,October,755
French Polynesia,0.0,2022,October,0
Gabon Republic,18.0,2022,October,0
Gambia,5.0,2022,October,5
Georgia,34.0,2022,October,30
Ghana,126.0,2022,October,95
Greece,25.0,2022,October,10
Grenada,5.0,2022,October,0
Guatemala,69.0,2022,October,45
Guinea-Bissau,1.0,2022,October,0
"Guinea, Republic of",75.0,2022,October,65
Guyana,31.0,2022,October,25
Haiti,384.0,2022,October,245
Holy See,0.0,2022,October,0
Honduras,41.0,2022,October,25
Hungary,53.0,2022,October,20
Iceland,0.0,2022,October,0
India,9735.0,2022,October,8465
Iran,1395.0,2022,October,790
Iraq,288.0,2022,October,265
Israel,66.0,2022,October,30
Italy,75.0,2022,October,40
Jamaica,330.0,2022,October,205
Japan,91.0,2022,October,40
Jordan,146.0,2022,October,80
Kazakhstan,40.0,2022,October,35
Kenya,104.0,2022,October,100
Kiribati,0.0,2022,October,0
"Korea, People's Democratic Republic of",0.0,2022,October,0
"Korea, Republic of",352.0,2022,October,235
"Kosovo, Republic of",29.0,2022,October,25
Kuwait,1.0,2022,October,0
Kyrgyzstan,14.0,2022,October,5
Laos,3.0,2022,October,0
Latvia,12.0,2022,October,10
Lebanon,574.0,2022,October,390
Lesotho,2.0,2022,October,0
Liberia,15.0,2022,October,10
Libya,41.0,2022,October,40
Liechtenstein,0.0,2022,October,0
Lithuania,6.0,2022,October,0
Luxembourg,0.0,2022,October,0
Macedonia,12.0,2022,October,10
Madagascar,23.0,2022,October,20
Malawi,8.0,2022,October,0
Malaysia,30.0,2022,October,20
"Maldives, Republic of",2.0,2022,October,0
"Mali, Republic of",56.0,2022,October,20
Malta,2.0,2022,October,0
Mauritania,5.0,2022,October,5
Mauritius,83.0,2022,October,45
Mexico,562.0,2022,October,195
Moldova,15.0,2022,October,15
Monaco,0.0,2022,October,0
"Mongolia, People's Republic of",6.0,2022,October,0
"Montenegro, Republic of",2.0,2022,October,0
Morocco,661.0,2022,October,575
Mozambique,0.0,2022,October,0
Myanmar (Burma),46.0,2022,October,10
Namibia,9.0,2022,October,0
Nepal,121.0,2022,October,105
New Caledonia,0.0,2022,October,0
New Zealand,31.0,2022,October,15
Nicaragua,46.0,2022,October,40
Nigeria,2518.0,2022,October,2190
Norway,6.0,2022,October,5
Oman,0.0,2022,October,0
Pakistan,1529.0,2022,October,1330
Palestinian Authority (Gaza/West Bank),92.0,2022,October,80
"Panama, Republic of",12.0,2022,October,0
Papua New Guinea,0.0,2022,October,0
Paraguay,2.0,2022,October,0
Peru,60.0,2022,October,35
Philippines,1938.0,2022,October,1685
Poland,64.0,2022,October,20
Portugal,70.0,2022,October,40
Qatar,0.0,2022,October,0
Reunion,0.0,2022,October,0
Romania,36.0,2022,October,25
Russia,172.0,2022,October,125
Rwanda,103.0,2022,October,95
San Marino,0.0,2022,October,0
Sao Tome and Principe,0.0,2022,October,0
Saudi Arabia,29.0,2022,October,25
Senegal,81.0,2022,October,70
"Serbia, Republic of",29.0,2022,October,25
Seychelles,0.0,2022,October,0
Sierra Leone,8.0,2022,October,0
Singapore,32.0,2022,October,25
Sint-Maarten,0.0,2022,October,0
Slovak Republic,20.0,2022,October,5
Slovenia,4.0,2022,October,0
"Somalia, Democratic Republic of",653.0,2022,October,290
Spain,48.0,2022,October,15
Sri Lanka,322.0,2022,October,280
St. Kitts-Nevis,10.0,2022,October,0
St. Lucia,17.0,2022,October,15
St. Vincent and the Grenadines,19.0,2022,October,15
Stateless,75.0,2022,October,65
Surinam,0.0,2022,October,0
Swaziland,0.0,2022,October,0
Sweden,34.0,2022,October,10
Switzerland,17.0,2022,October,15
Syria,891.0,2022,October,775
Taiwan,69.0,2022,October,40
Thailand,43.0,2022,October,20
"Togo, Republic of",86.0,2022,October,75
Tonga,0.0,2022,October,0
"Trinidad and Tobago, Republic of",53.0,2022,October,35
Tunisia,443.0,2022,October,385
Turkey,241.0,2022,October,160
Turkmenistan,2.0,2022,October,0
Turks and Caicos Islands,0.0,2022,October,0
Uganda,82.0,2022,October,65
Ukraine,318.0,2022,October,125
United Arab Emirates,6.0,2022,October,0
United Kingdom and Overseas Territories,400.0,2022,October,195
United States of America,876.0,2022,October,550
Uruguay,9.0,2022,October,5
Uzbekistan,17.0,2022,October,15
Vanuatu,0.0,2022,October,0
Venezuela,107.0,2022,October,90
Western Sahara,0.0,2022,October,0
Yemen,90.0,2022,October,70
Zambia,8.0,2022,October,5
Zimbabwe,40.0,2022,October,35
Afghanistan,2703.0,2022,November,2240
Albania,74.0,2022,November,15
Algeria,617.0,2022,November,300
Andorra,0.0,2022,November,0
Angola,53.0,2022,November,5
Antigua and Barbuda,6.0,2022,November,0
Argentina,25.0,2022,November,20
Armenia,41.0,2022,November,5
Australia,107.0,2022,November,40
Austria,14.0,2022,November,0
Azerbaijan,27.0,2022,November,15
"Bahama Islands, The",42.0,2022,November,0
Bahrain,3.0,2022,November,0
Bangladesh,479.0,2022,November,200
Barbados,21.0,2022,November,5
Belarus,35.0,2022,November,10
Belgium,57.0,2022,November,50
Belize,6.0,2022,November,0
Bermuda,0.0,2022,November,0
Bhutan,0.0,2022,November,0
Bolivia,7.0,2022,November,0
"Botswana, Republic of",5.0,2022,November,0
Brazil,574.0,2022,November,255
Brunei,1.0,2022,November,0
Bulgaria,12.0,2022,November,0
Burkina-Faso,35.0,2022,November,20
Burundi,264.0,2022,November,230
Cambodia,12.0,2022,November,10
Cape Verde Islands,0.0,2022,November,0
Central African Republic,132.0,2022,November,115
"Chad, Republic of",15.0,2022,November,10
Chile,58.0,2022,November,25
Colombia,491.0,2022,November,170
Comoros,6.0,2022,November,5
"Congo, Democratic Republic of the",423.0,2022,November,395
"Congo, People's Republic of the",34.0,2022,November,30
Costa Rica,20.0,2022,November,10
Croatia,12.0,2022,November,5
Cuba,98.0,2022,November,35
Cyprus,2.0,2022,November,0
Czech Republic,17.0,2022,November,0
Denmark,7.0,2022,November,0
Dominica,2.0,2022,November,0
Dominican Republic,85.0,2022,November,40
"East Timor, Democratic Republic of",0.0,2022,November,0
Ecuador,73.0,2022,November,20
Egypt,248.0,2022,November,160
El Salvador,71.0,2022,November,20
Eritrea,1823.0,2022,November,1585
Estonia,0.0,2022,November,0
Ethiopia,475.0,2022,November,175
Fiji,17.0,2022,November,15
Finland,6.0,2022,November,5
France,1627.0,2022,November,1415
French Polynesia,0.0,2022,November,0
Gabon Republic,8.0,2022,November,5
Gambia,15.0,2022,November,0
Georgia,19.0,2022,November,10
Ghana,146.0,2022,November,60
Greece,13.0,2022,November,10
Grenada,12.0,2022,November,10
Guatemala,48.0,2022,November,10
Guinea-Bissau,0.0,2022,November,0
"Guinea, Republic of",35.0,2022,November,30
Guyana,32.0,2022,November,15
Haiti,440.0,2022,November,320
Holy See,0.0,2022,November,0
Honduras,63.0,2022,November,20
Hungary,39.0,2022,November,5
Iceland,1.0,2022,November,0
India,10987.0,2022,November,5445
Iran,1480.0,2022,November,390
Iraq,316.0,2022,November,235
Israel,73.0,2022,November,20
Italy,93.0,2022,November,35
Jamaica,327.0,2022,November,145
Japan,78.0,2022,November,20
Jordan,135.0,2022,November,55
Kazakhstan,36.0,2022,November,20
Kenya,95.0,2022,November,50
Kiribati,0.0,2022,November,0
"Korea, People's Democratic Republic of",0.0,2022,November,0
"Korea, Republic of",313.0,2022,November,130
"Kosovo, Republic of",18.0,2022,November,10
Kuwait,3.0,2022,November,0
Kyrgyzstan,12.0,2022,November,5
Laos,1.0,2022,November,0
Latvia,9.0,2022,November,0
Lebanon,575.0,2022,November,210
Lesotho,2.0,2022,November,0
Liberia,23.0,2022,November,5
Libya,34.0,2022,November,20
Liechtenstein,0.0,2022,November,0
Lithuania,5.0,2022,November,0
Luxembourg,0.0,2022,November,0
Macedonia,3.0,2022,November,0
Madagascar,40.0,2022,November,35
Malawi,1.0,2022,November,0
Malaysia,26.0,2022,November,15
"Maldives, Republic of",0.0,2022,November,0
"Mali, Republic of",40.0,2022,November,35
Malta,0.0,2022,November,0
Mauritania,7.0,2022,November,5
Mauritius,111.0,2022,November,90
Mexico,633.0,2022,November,110
Moldova,20.0,2022,November,15
Monaco,0.0,2022,November,0
"Mongolia, People's Republic of",22.0,2022,November,0
"Montenegro, Republic of",3.0,2022,November,0
Morocco,603.0,2022,November,515
Mozambique,1.0,2022,November,0
Myanmar (Burma),22.0,2022,November,10
Namibia,6.0,2022,November,5
Nepal,182.0,2022,November,110
New Caledonia,0.0,2022,November,0
New Zealand,37.0,2022,November,15
Nicaragua,24.0,2022,November,15
Nigeria,1639.0,2022,November,1330
Norway,9.0,2022,November,0
Oman,1.0,2022,November,0
Pakistan,1043.0,2022,November,815
Palestinian Authority (Gaza/West Bank),97.0,2022,November,45
"Panama, Republic of",7.0,2022,November,0
Papua New Guinea,0.0,2022,November,0
Paraguay,4.0,2022,November,0
Peru,71.0,2022,November,40
Philippines,2240.0,2022,November,970
Poland,44.0,2022,November,20
Portugal,82.0,2022,November,20
Qatar,0.0,2022,November,0
Reunion,0.0,2022,November,0
Romania,45.0,2022,November,25
Russia,243.0,2022,November,65
Rwanda,105.0,2022,November,55
San Marino,0.0,2022,November,0
Sao Tome and Principe,0.0,2022,November,0
Saudi Arabia,28.0,2022,November,0
Senegal,92.0,2022,November,80
"Serbia, Republic of",14.0,2022,November,10
Seychelles,1.0,2022,November,0
Sierra Leone,8.0,2022,November,5
Singapore,21.0,2022,November,10
Sint-Maarten,0.0,2022,November,0
Slovak Republic,12.0,2022,November,0
Slovenia,1.0,2022,November,0
"Somalia, Democratic Republic of",768.0,2022,November,660
Spain,60.0,2022,November,25
Sri Lanka,234.0,2022,November,190
St. Kitts-Nevis,5.0,2022,November,0
St. Lucia,8.0,2022,November,5
St. Vincent and the Grenadines,20.0,2022,November,5
Stateless,71.0,2022,November,40
Surinam,1.0,2022,November,0
Swaziland,0.0,2022,November,0
Sweden,19.0,2022,November,5
Switzerland,12.0,2022,November,10
Syria,1248.0,2022,November,1085
Taiwan,99.0,2022,November,25
Thailand,46.0,2022,November,20
"Togo, Republic of",57.0,2022,November,50
Tonga,0.0,2022,November,0
"Trinidad and Tobago, Republic of",37.0,2022,November,20
Tunisia,466.0,2022,November,405
Turkey,373.0,2022,November,90
Turkmenistan,2.0,2022,November,0
Turks and Caicos Islands,0.0,2022,November,0
Uganda,89.0,2022,November,25
Ukraine,295.0,2022,November,110
United Arab Emirates,1.0,2022,November,0
United Kingdom and Overseas Territories,395.0,2022,November,150
United States of America,882.0,2022,November,355
Uruguay,3.0,2022,November,0
Uzbekistan,21.0,2022,November,5
Vanuatu,0.0,2022,November,0
Venezuela,144.0,2022,November,75
Western Sahara,0.0,2022,November,0
Yemen,101.0,2022,November,35
Zambia,6.0,2022,November,5
Zimbabwe,51.0,2022,November,25
Afghanistan,2574.0,2022,December,1545
Albania,125.0,2022,December,20
Algeria,925.0,2022,December,350
Andorra,0.0,2022,December,0
Angola,30.0,2022,December,0
Antigua and Barbuda,7.0,2022,December,5
Argentina,57.0,2022,December,15
Armenia,43.0,2022,December,15
Australia,81.0,2022,December,60
Austria,12.0,2022,December,10
Azerbaijan,21.0,2022,December,15
"Bahama Islands, The",51.0,2022,December,10
Bahrain,8.0,2022,December,0
Bangladesh,696.0,2022,December,130
Barbados,26.0,2022,December,10
Belarus,53.0,2022,December,5
Belgium,63.0,2022,December,55
Belize,7.0,2022,December,0
Bermuda,0.0,2022,December,0
Bhutan,6.0,2022,December,0
Bolivia,3.0,2022,December,0
"Botswana, Republic of",1.0,2022,December,0
Brazil,614.0,2022,December,210
Brunei,0.0,2022,December,0
Bulgaria,19.0,2022,December,0
Burkina-Faso,73.0,2022,December,70
Burundi,132.0,2022,December,115
Cambodia,33.0,2022,December,5
Cape Verde Islands,0.0,2022,December,0
Central African Republic,17.0,2022,December,10
"Chad, Republic of",35.0,2022,December,15
Chile,92.0,2022,December,35
Colombia,774.0,2022,December,200
Comoros,0.0,2022,December,0
"Congo, Democratic Republic of the",446.0,2022,December,285
"Congo, People's Republic of the",49.0,2022,December,20
Costa Rica,34.0,2022,December,20
Croatia,12.0,2022,December,10
Cuba,177.0,2022,December,70
Cyprus,1.0,2022,December,0
Czech Republic,12.0,2022,December,5
Denmark,5.0,2022,December,0
Dominica,2.0,2022,December,0
Dominican Republic,91.0,2022,December,35
"East Timor, Democratic Republic of",0.0,2022,December,0
Ecuador,115.0,2022,December,20
Egypt,411.0,2022,December,115
El Salvador,71.0,2022,December,25
Eritrea,2466.0,2022,December,670
Estonia,1.0,2022,December,0
Ethiopia,1098.0,2022,December,175
Fiji,24.0,2022,December,0
Finland,5.0,2022,December,0
France,1961.0,2022,December,1705
French Polynesia,0.0,2022,December,0
Gabon Republic,17.0,2022,December,5
Gambia,5.0,2022,December,0
Georgia,23.0,2022,December,10
Ghana,279.0,2022,December,85
Greece,42.0,2022,December,5
Grenada,10.0,2022,December,0
Guatemala,48.0,2022,December,15
Guinea-Bissau,3.0,2022,December,0
"Guinea, Republic of",175.0,2022,December,35
Guyana,69.0,2022,December,30
Haiti,759.0,2022,December,220
Holy See,0.0,2022,December,0
Honduras,69.0,2022,December,15
Hungary,23.0,2022,December,20
Iceland,3.0,2022,December,0
India,16588.0,2022,December,4585
Iran,2256.0,2022,December,245
Iraq,398.0,2022,December,180
Israel,134.0,2022,December,20
Italy,67.0,2022,December,40
Jamaica,471.0,2022,December,205
Japan,94.0,2022,December,45
Jordan,176.0,2022,December,35
Kazakhstan,77.0,2022,December,10
Kenya,161.0,2022,December,55
Kiribati,0.0,2022,December,0
"Korea, People's Democratic Republic of",0.0,2022,December,0
"Korea, Republic of",458.0,2022,December,165
"Kosovo, Republic of",34.0,2022,December,5
Kuwait,2.0,2022,December,0
Kyrgyzstan,13.0,2022,December,0
Laos,4.0,2022,December,0
Latvia,8.0,2022,December,5
Lebanon,682.0,2022,December,260
Lesotho,2.0,2022,December,0
Liberia,22.0,2022,December,15
Libya,51.0,2022,December,15
Liechtenstein,0.0,2022,December,0
Lithuania,6.0,2022,December,0
Luxembourg,0.0,2022,December,0
Macedonia,8.0,2022,December,0
Madagascar,52.0,2022,December,45
Malawi,5.0,2022,December,0
Malaysia,57.0,2022,December,10
"Maldives, Republic of",0.0,2022,December,0
"Mali, Republic of",92.0,2022,December,40
Malta,0.0,2022,December,0
Mauritania,15.0,2022,December,0
Mauritius,131.0,2022,December,75
Mexico,767.0,2022,December,185
Moldova,60.0,2022,December,0
Monaco,1.0,2022,December,0
"Mongolia, People's Republic of",17.0,2022,December,10
"Montenegro, Republic of",4.0,2022,December,0
Morocco,978.0,2022,December,515
Mozambique,1.0,2022,December,0
Myanmar (Burma),39.0,2022,December,10
Namibia,11.0,2022,December,0
Nepal,238.0,2022,December,115
New Caledonia,2.0,2022,December,0
New Zealand,42.0,2022,December,10
Nicaragua,29.0,2022,December,15
Nigeria,2172.0,2022,December,1490
Norway,9.0,2022,December,0
Oman,2.0,2022,December,0
Pakistan,1768.0,2022,December,670
Palestinian Authority (Gaza/West Bank),102.0,2022,December,35
"Panama, Republic of",8.0,2022,December,0
Papua New Guinea,2.0,2022,December,0
Paraguay,9.0,2022,December,0
Peru,135.0,2022,December,45
Philippines,3834.0,2022,December,990
Poland,55.0,2022,December,10
Portugal,99.0,2022,December,35
Qatar,0.0,2022,December,0
Reunion,0.0,2022,December,0
Romania,109.0,2022,December,20
Russia,301.0,2022,December,75
Rwanda,129.0,2022,December,70
San Marino,0.0,2022,December,0
Sao Tome and Principe,0.0,2022,December,0
Saudi Arabia,22.0,2022,December,0
Senegal,132.0,2022,December,115
"Serbia, Republic of",42.0,2022,December,5
Seychelles,0.0,2022,December,0
Sierra Leone,12.0,2022,December,5
Singapore,40.0,2022,December,25
Sint-Maarten,0.0,2022,December,0
Slovak Republic,7.0,2022,December,5
Slovenia,3.0,2022,December,0
"Somalia, Democratic Republic of",910.0,2022,December,320
Spain,58.0,2022,December,35
Sri Lanka,416.0,2022,December,165
St. Kitts-Nevis,5.0,2022,December,0
St. Lucia,28.0,2022,December,10
St. Vincent and the Grenadines,23.0,2022,December,20
Stateless,126.0,2022,December,50
Surinam,2.0,2022,December,0
Swaziland,0.0,2022,December,0
Sweden,21.0,2022,December,10
Switzerland,28.0,2022,December,15
Syria,1001.0,2022,December,945
Taiwan,120.0,2022,December,35
Thailand,67.0,2022,December,30
"Togo, Republic of",148.0,2022,December,85
Tonga,0.0,2022,December,0
"Trinidad and Tobago, Republic of",91.0,2022,December,20
Tunisia,476.0,2022,December,290
Turkey,393.0,2022,December,70
Turkmenistan,3.0,2022,December,0
Turks and Caicos Islands,0.0,2022,December,0
Uganda,87.0,2022,December,30
Ukraine,375.0,2022,December,75
United Arab Emirates,2.0,2022,December,0
United Kingdom and Overseas Territories,434.0,2022,December,215
United States of America,1092.0,2022,December,590
Uruguay,11.0,2022,December,0
Uzbekistan,22.0,2022,December,5
Vanuatu,0.0,2022,December,0
Venezuela,277.0,2022,December,60
Western Sahara,0.0,2022,December,0
Yemen,82.0,2022,December,45
Zambia,11.0,2022,December,0
Zimbabwe,88.0,2022,December,35
Afghanistan,1439.0,2023,January,715
Albania,98.0,2023,January,85
Algeria,587.0,2023,January,225
Andorra,0.0,2023,January,0
Angola,29.0,2023,January,25
Antigua and Barbuda,29.0,2023,January,25
Argentina,63.0,2023,January,55
Armenia,25.0,2023,January,15
Australia,218.0,2023,January,190
Austria,29.0,2023,January,25
Azerbaijan,46.0,2023,January,40
"Bahama Islands, The",86.0,2023,January,75
Bahrain,3.0,2023,January,0
Bangladesh,420.0,2023,January,365
Barbados,40.0,2023,January,35
Belarus,40.0,2023,January,35
Belgium,75.0,2023,January,65
Belize,12.0,2023,January,10
Bermuda,0.0,2023,January,0
Bhutan,8.0,2023,January,0
Bolivia,29.0,2023,January,25
"Botswana, Republic of",6.0,2023,January,5
Brazil,1438.0,2023,January,1250
Brunei,0.0,2023,January,0
Bulgaria,29.0,2023,January,25
Burkina-Faso,39.0,2023,January,20
Burundi,75.0,2023,January,65
Cambodia,12.0,2023,January,10
Cape Verde Islands,1.0,2023,January,0
Central African Republic,12.0,2023,January,10
"Chad, Republic of",12.0,2023,January,10
Chile,126.0,2023,January,110
Colombia,661.0,2023,January,575
Comoros,4.0,2023,January,0
"Congo, Democratic Republic of the",288.0,2023,January,240
"Congo, People's Republic of the",29.0,2023,January,15
Costa Rica,40.0,2023,January,35
Croatia,40.0,2023,January,35
Cuba,155.0,2023,January,135
Cyprus,1.0,2023,January,0
Czech Republic,34.0,2023,January,30
Denmark,17.0,2023,January,15
Dominica,5.0,2023,January,5
Dominican Republic,121.0,2023,January,105
"East Timor, Democratic Republic of",0.0,2023,January,0
Ecuador,92.0,2023,January,80
Egypt,264.0,2023,January,230
El Salvador,98.0,2023,January,85
Eritrea,1018.0,2023,January,890
Estonia,6.0,2023,January,5
Ethiopia,414.0,2023,January,230
Fiji,12.0,2023,January,10
Finland,12.0,2023,January,10
France,1713.0,2023,January,1490
French Polynesia,0.0,2023,January,0
Gabon Republic,8.0,2023,January,5
Gambia,13.0,2023,January,10
Georgia,23.0,2023,January,20
Ghana,218.0,2023,January,190
Greece,63.0,2023,January,55
Grenada,18.0,2023,January,10
Guatemala,40.0,2023,January,35
Guinea-Bissau,0.0,2023,January,0
"Guinea, Republic of",69.0,2023,January,60
Guyana,86.0,2023,January,75
Haiti,610.0,2023,January,530
Holy See,0.0,2023,January,0
Honduras,57.0,2023,January,50
Hungary,86.0,2023,January,75
Iceland,1.0,2023,January,0
India,17227.0,2023,January,14980
Iran,1232.0,2023,January,955
Iraq,253.0,2023,January,220
Israel,150.0,2023,January,130
Italy,259.0,2023,January,225
Jamaica,759.0,2023,January,660
Japan,213.0,2023,January,185
Jordan,190.0,2023,January,165
Kazakhstan,63.0,2023,January,55
Kenya,184.0,2023,January,160
Kiribati,0.0,2023,January,0
"Korea, People's Democratic Republic of",1.0,2023,January,0
"Korea, Republic of",1202.0,2023,January,1045
"Kosovo, Republic of",24.0,2023,January,15
Kuwait,1.0,2023,January,0
Kyrgyzstan,15.0,2023,January,10
Laos,0.0,2023,January,0
Latvia,12.0,2023,January,10
Lebanon,454.0,2023,January,285
Lesotho,0.0,2023,January,0
Liberia,21.0,2023,January,0
Libya,103.0,2023,January,90
Liechtenstein,0.0,2023,January,0
Lithuania,23.0,2023,January,20
Luxembourg,0.0,2023,January,0
Macedonia,17.0,2023,January,15
Madagascar,28.0,2023,January,15
Malawi,12.0,2023,January,5
Malaysia,63.0,2023,January,55
"Maldives, Republic of",0.0,2023,January,0
"Mali, Republic of",34.0,2023,January,30
Malta,0.0,2023,January,0
Mauritania,7.0,2023,January,5
Mauritius,99.0,2023,January,65
Mexico,1018.0,2023,January,885
Moldova,29.0,2023,January,25
Monaco,0.0,2023,January,0
"Mongolia, People's Republic of",10.0,2023,January,10
"Montenegro, Republic of",1.0,2023,January,0
Morocco,501.0,2023,January,370
Mozambique,6.0,2023,January,5
Myanmar (Burma),20.0,2023,January,5
Namibia,23.0,2023,January,20
Nepal,218.0,2023,January,190
New Caledonia,0.0,2023,January,0
New Zealand,63.0,2023,January,55
Nicaragua,34.0,2023,January,30
Nigeria,2191.0,2023,January,1905
Norway,12.0,2023,January,10
Oman,0.0,2023,January,0
Pakistan,1006.0,2023,January,960
Palestinian Authority (Gaza/West Bank),109.0,2023,January,95
"Panama, Republic of",12.0,2023,January,10
Papua New Guinea,0.0,2023,January,0
Paraguay,12.0,2023,January,10
Peru,103.0,2023,January,90
Philippines,4835.0,2023,January,2850
Poland,138.0,2023,January,120
Portugal,230.0,2023,January,200
Qatar,1.0,2023,January,0
Reunion,0.0,2023,January,0
Romania,69.0,2023,January,60
Russia,270.0,2023,January,235
Rwanda,106.0,2023,January,85
San Marino,0.0,2023,January,0
Sao Tome and Principe,0.0,2023,January,0
Saudi Arabia,46.0,2023,January,40
Senegal,77.0,2023,January,65
"Serbia, Republic of",52.0,2023,January,45
Seychelles,0.0,2023,January,0
Sierra Leone,10.0,2023,January,0
Singapore,40.0,2023,January,35
Sint-Maarten,0.0,2023,January,0
Slovak Republic,14.0,2023,January,10
Slovenia,12.0,2023,January,10
"Somalia, Democratic Republic of",561.0,2023,January,405
Spain,132.0,2023,January,115
Sri Lanka,332.0,2023,January,310
St. Kitts-Nevis,12.0,2023,January,10
St. Lucia,40.0,2023,January,35
St. Vincent and the Grenadines,57.0,2023,January,50
Stateless,69.0,2023,January,60
Surinam,0.0,2023,January,0
Swaziland,3.0,2023,January,0
Sweden,52.0,2023,January,45
Switzerland,52.0,2023,January,45
Syria,575.0,2023,January,500
Taiwan,190.0,2023,January,165
Thailand,79.0,2023,January,70
"Togo, Republic of",85.0,2023,January,55
Tonga,0.0,2023,January,0
"Trinidad and Tobago, Republic of",92.0,2023,January,80
Tunisia,498.0,2023,January,235
Turkey,332.0,2023,January,230
Turkmenistan,2.0,2023,January,0
Turks and Caicos Islands,0.0,2023,January,0
Uganda,87.0,2023,January,60
Ukraine,529.0,2023,January,460
United Arab Emirates,8.0,2023,January,0
United Kingdom and Overseas Territories,908.0,2023,January,790
United States of America,2058.0,2023,January,1790
Uruguay,12.0,2023,January,10
Uzbekistan,5.0,2023,January,5
Vanuatu,0.0,2023,January,0
Venezuela,213.0,2023,January,185
Western Sahara,0.0,2023,January,0
Yemen,80.0,2023,January,80
Zambia,23.0,2023,January,20
Zimbabwe,80.0,2023,January,70
Afghanistan,1515.0,2023,February,875
Albania,69.0,2023,February,60
Algeria,515.0,2023,February,265
Andorra,1.0,2023,February,0
Angola,38.0,2023,February,35
Antigua and Barbuda,12.0,2023,February,10
Argentina,57.0,2023,February,50
Armenia,17.0,2023,February,15
Australia,218.0,2023,February,190
Austria,17.0,2023,February,15
Azerbaijan,29.0,2023,February,25
"Bahama Islands, The",86.0,2023,February,75
Bahrain,2.0,2023,February,0
Bangladesh,546.0,2023,February,475
Barbados,34.0,2023,February,30
Belarus,27.0,2023,February,20
Belgium,86.0,2023,February,75
Belize,7.0,2023,February,5
Bermuda,0.0,2023,February,0
Bhutan,12.0,2023,February,10
Bolivia,17.0,2023,February,15
"Botswana, Republic of",17.0,2023,February,15
Brazil,1219.0,2023,February,1060
Brunei,0.0,2023,February,0
Bulgaria,17.0,2023,February,15
Burkina-Faso,46.0,2023,February,40
Burundi,126.0,2023,February,110
Cambodia,25.0,2023,February,20
Cape Verde Islands,0.0,2023,February,0
Central African Republic,75.0,2023,February,65
"Chad, Republic of",23.0,2023,February,20
Chile,132.0,2023,February,115
Colombia,490.0,2023,February,490
Comoros,1.0,2023,February,0
"Congo, Democratic Republic of the",552.0,2023,February,480
"Congo, People's Republic of the",34.0,2023,February,25
Costa Rica,29.0,2023,February,25
Croatia,29.0,2023,February,25
Cuba,167.0,2023,February,145
Cyprus,0.0,2023,February,0
Czech Republic,40.0,2023,February,35
Denmark,6.0,2023,February,5
Dominica,6.0,2023,February,0
Dominican Republic,66.0,2023,February,65
"East Timor, Democratic Republic of",0.0,2023,February,0
Ecuador,126.0,2023,February,110
Egypt,305.0,2023,February,265
El Salvador,69.0,2023,February,60
Eritrea,1202.0,2023,February,1045
Estonia,1.0,2023,February,0
Ethiopia,393.0,2023,February,320
Fiji,17.0,2023,February,15
Finland,12.0,2023,February,10
France,1524.0,2023,February,1325
French Polynesia,0.0,2023,February,0
Gabon Republic,16.0,2023,February,0
Gambia,12.0,2023,February,10
Georgia,28.0,2023,February,25
Ghana,218.0,2023,February,190
Greece,34.0,2023,February,30
Grenada,6.0,2023,February,0
Guatemala,38.0,2023,February,30
Guinea-Bissau,0.0,2023,February,0
"Guinea, Republic of",58.0,2023,February,45
Guyana,57.0,2023,February,50
Haiti,407.0,2023,February,295
Holy See,0.0,2023,February,0
Honduras,57.0,2023,February,50
Hungary,57.0,2023,February,50
Iceland,6.0,2023,February,5
India,18550.0,2023,February,16130
Iran,1086.0,2023,February,825
Iraq,322.0,2023,February,280
Israel,132.0,2023,February,115
Italy,195.0,2023,February,170
Jamaica,540.0,2023,February,470
Japan,184.0,2023,February,160
Jordan,118.0,2023,February,110
Kazakhstan,40.0,2023,February,35
Kenya,172.0,2023,February,150
Kiribati,0.0,2023,February,0
"Korea, People's Democratic Republic of",0.0,2023,February,0
"Korea, Republic of",897.0,2023,February,780
"Kosovo, Republic of",23.0,2023,February,20
Kuwait,6.0,2023,February,5
Kyrgyzstan,17.0,2023,February,15
Laos,1.0,2023,February,0
Latvia,12.0,2023,February,10
Lebanon,362.0,2023,February,260
Lesotho,0.0,2023,February,0
Liberia,27.0,2023,February,5
Libya,46.0,2023,February,40
Liechtenstein,0.0,2023,February,0
Lithuania,23.0,2023,February,20
Luxembourg,2.0,2023,February,0
Macedonia,12.0,2023,February,10
Madagascar,46.0,2023,February,40
Malawi,5.0,2023,February,0
Malaysia,46.0,2023,February,40
"Maldives, Republic of",0.0,2023,February,0
"Mali, Republic of",40.0,2023,February,35
Malta,1.0,2023,February,0
Mauritania,12.0,2023,February,10
Mauritius,115.0,2023,February,100
Mexico,788.0,2023,February,685
Moldova,11.0,2023,February,5
Monaco,1.0,2023,February,0
"Mongolia, People's Republic of",17.0,2023,February,15
"Montenegro, Republic of",0.0,2023,February,0
Morocco,491.0,2023,February,450
Mozambique,0.0,2023,February,0
Myanmar (Burma),15.0,2023,February,5
Namibia,12.0,2023,February,10
Nepal,195.0,2023,February,170
New Caledonia,0.0,2023,February,0
New Zealand,86.0,2023,February,75
Nicaragua,34.0,2023,February,30
Nigeria,2467.0,2023,February,2145
Norway,12.0,2023,February,10
Oman,0.0,2023,February,0
Pakistan,1386.0,2023,February,1205
Palestinian Authority (Gaza/West Bank),92.0,2023,February,80
"Panama, Republic of",12.0,2023,February,10
Papua New Guinea,1.0,2023,February,0
Paraguay,6.0,2023,February,5
Peru,103.0,2023,February,90
Philippines,3318.0,2023,February,2885
Poland,103.0,2023,February,90
Portugal,132.0,2023,February,115
Qatar,0.0,2023,February,0
Reunion,0.0,2023,February,0
Romania,63.0,2023,February,55
Russia,201.0,2023,February,175
Rwanda,107.0,2023,February,70
San Marino,0.0,2023,February,0
Sao Tome and Principe,0.0,2023,February,0
Saudi Arabia,34.0,2023,February,30
Senegal,98.0,2023,February,85
"Serbia, Republic of",63.0,2023,February,55
Seychelles,0.0,2023,February,0
Sierra Leone,12.0,2023,February,10
Singapore,46.0,2023,February,40
Sint-Maarten,0.0,2023,February,0
Slovak Republic,34.0,2023,February,30
Slovenia,12.0,2023,February,10
"Somalia, Democratic Republic of",621.0,2023,February,415
Spain,115.0,2023,February,100
Sri Lanka,339.0,2023,February,295
St. Kitts-Nevis,2.0,2023,February,0
St. Lucia,23.0,2023,February,20
St. Vincent and the Grenadines,34.0,2023,February,30
Stateless,109.0,2023,February,95
Surinam,1.0,2023,February,0
Swaziland,5.0,2023,February,0
Sweden,40.0,2023,February,35
Switzerland,17.0,2023,February,15
Syria,713.0,2023,February,620
Taiwan,161.0,2023,February,140
Thailand,92.0,2023,February,80
"Togo, Republic of",86.0,2023,February,75
Tonga,0.0,2023,February,0
"Trinidad and Tobago, Republic of",52.0,2023,February,45
Tunisia,395.0,2023,February,265
Turkey,354.0,2023,February,210
Turkmenistan,1.0,2023,February,0
Turks and Caicos Islands,0.0,2023,February,0
Uganda,75.0,2023,February,65
Ukraine,437.0,2023,February,380
United Arab Emirates,1.0,2023,February,0
United Kingdom and Overseas Territories,765.0,2023,February,665
United States of America,1610.0,2023,February,1400
Uruguay,8.0,2023,February,5
Uzbekistan,18.0,2023,February,15
Vanuatu,0.0,2023,February,0
Venezuela,144.0,2023,February,125
Western Sahara,0.0,2023,February,0
Yemen,98.0,2023,February,50
Zambia,12.0,2023,February,10
Zimbabwe,69.0,2023,February,60
Afghanistan,3269.0,2023,March,1320
Albania,80.0,2023,March,70
Algeria,519.0,2023,March,320
Andorra,0.0,2023,March,0
Angola,64.0,2023,March,25
Antigua and Barbuda,12.0,2023,March,10
Argentina,52.0,2023,March,45
Armenia,37.0,2023,March,15
Australia,172.0,2023,March,150
Austria,16.0,2023,March,10
Azerbaijan,29.0,2023,March,25
"Bahama Islands, The",52.0,2023,March,25
Bahrain,4.0,2023,March,0
Bangladesh,615.0,2023,March,535
Barbados,36.0,2023,March,30
Belarus,17.0,2023,March,10
Belgium,69.0,2023,March,60
Belize,6.0,2023,March,0
Bermuda,0.0,2023,March,0
Bhutan,12.0,2023,March,10
Bolivia,15.0,2023,March,5
"Botswana, Republic of",6.0,2023,March,0
Brazil,862.0,2023,March,750
Brunei,0.0,2023,March,0
Bulgaria,12.0,2023,March,10
Burkina-Faso,48.0,2023,March,45
Burundi,150.0,2023,March,130
Cambodia,20.0,2023,March,10
Cape Verde Islands,0.0,2023,March,0
Central African Republic,80.0,2023,March,70
"Chad, Republic of",50.0,2023,March,20
Chile,99.0,2023,March,65
Colombia,626.0,2023,March,490
Comoros,0.0,2023,March,0
"Congo, Democratic Republic of the",506.0,2023,March,440
"Congo, People's Republic of the",52.0,2023,March,20
Costa Rica,24.0,2023,March,20
Croatia,23.0,2023,March,20
Cuba,157.0,2023,March,130
Cyprus,0.0,2023,March,0
Czech Republic,28.0,2023,March,20
Denmark,9.0,2023,March,0
Dominica,11.0,2023,March,5
Dominican Republic,92.0,2023,March,75
"East Timor, Democratic Republic of",0.0,2023,March,0
Ecuador,73.0,2023,March,50
Egypt,261.0,2023,March,250
El Salvador,65.0,2023,March,55
Eritrea,1254.0,2023,March,1090
Estonia,0.0,2023,March,0
Ethiopia,497.0,2023,March,315
Fiji,17.0,2023,March,15
Finland,23.0,2023,March,20
France,1162.0,2023,March,1010
French Polynesia,0.0,2023,March,0
Gabon Republic,6.0,2023,March,5
Gambia,23.0,2023,March,10
Georgia,39.0,2023,March,15
Ghana,211.0,2023,March,170
Greece,52.0,2023,March,45
Grenada,17.0,2023,March,15
Guatemala,47.0,2023,March,25
Guinea-Bissau,3.0,2023,March,0
"Guinea, Republic of",60.0,2023,March,40
Guyana,57.0,2023,March,50
Haiti,467.0,2023,March,275
Holy See,0.0,2023,March,0
Honduras,53.0,2023,March,35
Hungary,63.0,2023,March,55
Iceland,1.0,2023,March,0
India,17227.0,2023,March,14980
Iran,1356.0,2023,March,740
Iraq,288.0,2023,March,150
Israel,98.0,2023,March,85
Italy,155.0,2023,March,135
Jamaica,508.0,2023,March,375
Japan,126.0,2023,March,110
Jordan,137.0,2023,March,105
Kazakhstan,44.0,2023,March,35
Kenya,130.0,2023,March,130
Kiribati,0.0,2023,March,0
"Korea, People's Democratic Republic of",0.0,2023,March,0
"Korea, Republic of",621.0,2023,March,540
"Kosovo, Republic of",29.0,2023,March,25
Kuwait,10.0,2023,March,10
Kyrgyzstan,30.0,2023,March,5
Laos,1.0,2023,March,0
Latvia,11.0,2023,March,5
Lebanon,457.0,2023,March,340
Lesotho,1.0,2023,March,0
Liberia,29.0,2023,March,5
Libya,57.0,2023,March,50
Liechtenstein,0.0,2023,March,0
Lithuania,8.0,2023,March,5
Luxembourg,2.0,2023,March,0
Macedonia,12.0,2023,March,10
Madagascar,42.0,2023,March,35
Malawi,10.0,2023,March,5
Malaysia,53.0,2023,March,35
"Maldives, Republic of",0.0,2023,March,0
"Mali, Republic of",68.0,2023,March,30
Malta,0.0,2023,March,0
Mauritania,25.0,2023,March,10
Mauritius,155.0,2023,March,135
Mexico,876.0,2023,March,700
Moldova,13.0,2023,March,10
Monaco,0.0,2023,March,0
"Mongolia, People's Republic of",23.0,2023,March,20
"Montenegro, Republic of",1.0,2023,March,0
Morocco,496.0,2023,March,480
Mozambique,0.0,2023,March,0
Myanmar (Burma),29.0,2023,March,25
Namibia,5.0,2023,March,5
Nepal,182.0,2023,March,140
New Caledonia,0.0,2023,March,0
New Zealand,34.0,2023,March,25
Nicaragua,46.0,2023,March,25
Nigeria,1966.0,2023,March,1710
Norway,9.0,2023,March,5
Oman,1.0,2023,March,0
Pakistan,1171.0,2023,March,930
Palestinian Authority (Gaza/West Bank),84.0,2023,March,75
"Panama, Republic of",8.0,2023,March,5
Papua New Guinea,0.0,2023,March,0
Paraguay,9.0,2023,March,0
Peru,89.0,2023,March,80
Philippines,2426.0,2023,March,2335
Poland,69.0,2023,March,60
Portugal,115.0,2023,March,100
Qatar,1.0,2023,March,0
Reunion,1.0,2023,March,0
Romania,52.0,2023,March,45
Russia,180.0,2023,March,140
Rwanda,107.0,2023,March,80
San Marino,0.0,2023,March,0
Sao Tome and Principe,0.0,2023,March,0
Saudi Arabia,33.0,2023,March,10
Senegal,112.0,2023,March,90
"Serbia, Republic of",30.0,2023,March,20
Seychelles,0.0,2023,March,0
Sierra Leone,12.0,2023,March,10
Singapore,34.0,2023,March,30
Sint-Maarten,0.0,2023,March,0
Slovak Republic,34.0,2023,March,30
Slovenia,6.0,2023,March,5
"Somalia, Democratic Republic of",568.0,2023,March,455
Spain,63.0,2023,March,55
Sri Lanka,323.0,2023,March,255
St. Kitts-Nevis,6.0,2023,March,5
St. Lucia,24.0,2023,March,20
St. Vincent and the Grenadines,29.0,2023,March,25
Stateless,147.0,2023,March,65
Surinam,5.0,2023,March,0
Swaziland,0.0,2023,March,0
Sweden,29.0,2023,March,25
Switzerland,29.0,2023,March,25
Syria,1508.0,2023,March,820
Taiwan,96.0,2023,March,90
Thailand,61.0,2023,March,50
"Togo, Republic of",98.0,2023,March,70
Tonga,1.0,2023,March,0
"Trinidad and Tobago, Republic of",75.0,2023,March,65
Tunisia,338.0,2023,March,250
Turkey,458.0,2023,March,210
Turkmenistan,12.0,2023,March,10
Turks and Caicos Islands,0.0,2023,March,0
Uganda,80.0,2023,March,70
Ukraine,363.0,2023,March,285
United Arab Emirates,0.0,2023,March,0
United Kingdom and Overseas Territories,598.0,2023,March,520
United States of America,1236.0,2023,March,1075
Uruguay,12.0,2023,March,10
Uzbekistan,19.0,2023,March,15
Vanuatu,0.0,2023,March,0
Venezuela,139.0,2023,March,110
Western Sahara,0.0,2023,March,0
Yemen,120.0,2023,March,45
Zambia,12.0,2023,March,10
Zimbabwe,84.0,2023,March,40
Afghanistan,2094.0,2023,April,1110
Albania,61.0,2023,April,25
Algeria,390.0,2023,April,285
Andorra,0.0,2023,April,0
Angola,46.0,2023,April,25
Antigua and Barbuda,12.0,2023,April,10
Argentina,33.0,2023,April,30
Armenia,29.0,2023,April,5
Australia,77.0,2023,April,75
Austria,10.0,2023,April,10
Azerbaijan,15.0,2023,April,10
"Bahama Islands, The",32.0,2023,April,20
Bahrain,1.0,2023,April,0
Bangladesh,390.0,2023,April,360
Barbados,23.0,2023,April,20
Belarus,22.0,2023,April,15
Belgium,34.0,2023,April,30
Belize,5.0,2023,April,0
Bermuda,0.0,2023,April,0
Bhutan,2.0,2023,April,0
Bolivia,9.0,2023,April,0
"Botswana, Republic of",4.0,2023,April,0
Brazil,464.0,2023,April,350
Brunei,0.0,2023,April,0
Bulgaria,29.0,2023,April,25
Burkina-Faso,34.0,2023,April,30
Burundi,87.0,2023,April,85
Cambodia,34.0,2023,April,30
Cape Verde Islands,1.0,2023,April,0
Central African Republic,52.0,2023,April,45
"Chad, Republic of",21.0,2023,April,20
Chile,75.0,2023,April,25
Colombia,516.0,2023,April,230
Comoros,5.0,2023,April,0
"Congo, Democratic Republic of the",306.0,2023,April,250
"Congo, People's Republic of the",27.0,2023,April,20
Costa Rica,21.0,2023,April,15
Croatia,17.0,2023,April,15
Cuba,109.0,2023,April,95
Cyprus,2.0,2023,April,0
Czech Republic,17.0,2023,April,10
Denmark,5.0,2023,April,0
Dominica,5.0,2023,April,0
Dominican Republic,86.0,2023,April,50
"East Timor, Democratic Republic of",0.0,2023,April,0
Ecuador,65.0,2023,April,35
Egypt,218.0,2023,April,190
El Salvador,53.0,2023,April,25
Eritrea,1117.0,2023,April,925
Estonia,4.0,2023,April,0
Ethiopia,358.0,2023,April,250
Fiji,7.0,2023,April,0
Finland,2.0,2023,April,0
France,640.0,2023,April,500
French Polynesia,0.0,2023,April,0
Gabon Republic,12.0,2023,April,10
Gambia,23.0,2023,April,20
Georgia,33.0,2023,April,10
Ghana,160.0,2023,April,100
Greece,28.0,2023,April,10
Grenada,13.0,2023,April,5
Guatemala,40.0,2023,April,15
Guinea-Bissau,2.0,2023,April,0
"Guinea, Republic of",55.0,2023,April,40
Guyana,29.0,2023,April,25
Haiti,414.0,2023,April,190
Holy See,0.0,2023,April,0
Honduras,48.0,2023,April,20
Hungary,22.0,2023,April,15
Iceland,9.0,2023,April,0
India,10913.0,2023,April,9350
Iran,1457.0,2023,April,465
Iraq,305.0,2023,April,265
Israel,78.0,2023,April,50
Italy,93.0,2023,April,50
Jamaica,410.0,2023,April,255
Japan,96.0,2023,April,45
Jordan,113.0,2023,April,85
Kazakhstan,40.0,2023,April,35
Kenya,93.0,2023,April,85
Kiribati,0.0,2023,April,0
"Korea, People's Democratic Republic of",1.0,2023,April,0
"Korea, Republic of",363.0,2023,April,200
"Kosovo, Republic of",6.0,2023,April,5
Kuwait,6.0,2023,April,0
Kyrgyzstan,20.0,2023,April,5
Laos,1.0,2023,April,0
Latvia,9.0,2023,April,0
Lebanon,431.0,2023,April,375
Lesotho,1.0,2023,April,0
Liberia,16.0,2023,April,10
Libya,40.0,2023,April,35
Liechtenstein,1.0,2023,April,0
Lithuania,11.0,2023,April,0
Luxembourg,2.0,2023,April,0
Macedonia,3.0,2023,April,0
Madagascar,51.0,2023,April,20
Malawi,12.0,2023,April,0
Malaysia,34.0,2023,April,30
"Maldives, Republic of",3.0,2023,April,0
"Mali, Republic of",52.0,2023,April,45
Malta,0.0,2023,April,0
Mauritania,32.0,2023,April,10
Mauritius,86.0,2023,April,75
Mexico,727.0,2023,April,270
Moldova,11.0,2023,April,10
Monaco,0.0,2023,April,0
"Mongolia, People's Republic of",17.0,2023,April,0
"Montenegro, Republic of",2.0,2023,April,0
Morocco,523.0,2023,April,455
Mozambique,2.0,2023,April,0
Myanmar (Burma),25.0,2023,April,0
Namibia,7.0,2023,April,0
Nepal,122.0,2023,April,95
New Caledonia,0.0,2023,April,0
New Zealand,38.0,2023,April,25
Nicaragua,38.0,2023,April,25
Nigeria,1512.0,2023,April,1385
Norway,5.0,2023,April,0
Oman,0.0,2023,April,0
Pakistan,1012.0,2023,April,870
Palestinian Authority (Gaza/West Bank),62.0,2023,April,40
"Panama, Republic of",5.0,2023,April,0
Papua New Guinea,0.0,2023,April,0
Paraguay,4.0,2023,April,0
Peru,88.0,2023,April,30
Philippines,2033.0,2023,April,1430
Poland,32.0,2023,April,25
Portugal,53.0,2023,April,35
Qatar,0.0,2023,April,0
Reunion,0.0,2023,April,0
Romania,39.0,2023,April,30
Russia,203.0,2023,April,115
Rwanda,75.0,2023,April,60
San Marino,0.0,2023,April,0
Sao Tome and Principe,0.0,2023,April,0
Saudi Arabia,29.0,2023,April,25
Senegal,98.0,2023,April,85
"Serbia, Republic of",25.0,2023,April,20
Seychelles,0.0,2023,April,0
Sierra Leone,4.0,2023,April,0
Singapore,24.0,2023,April,10
Sint-Maarten,0.0,2023,April,0
Slovak Republic,21.0,2023,April,5
Slovenia,5.0,2023,April,5
"Somalia, Democratic Republic of",460.0,2023,April,400
Spain,67.0,2023,April,35
Sri Lanka,254.0,2023,April,140
St. Kitts-Nevis,5.0,2023,April,5
St. Lucia,17.0,2023,April,15
St. Vincent and the Grenadines,28.0,2023,April,10
Stateless,108.0,2023,April,60
Surinam,0.0,2023,April,0
Swaziland,3.0,2023,April,0
Sweden,23.0,2023,April,20
Switzerland,14.0,2023,April,10
Syria,960.0,2023,April,835
Taiwan,111.0,2023,April,45
Thailand,45.0,2023,April,40
"Togo, Republic of",85.0,2023,April,40
Tonga,1.0,2023,April,0
"Trinidad and Tobago, Republic of",63.0,2023,April,15
Tunisia,286.0,2023,April,185
Turkey,521.0,2023,April,125
Turkmenistan,6.0,2023,April,5
Turks and Caicos Islands,0.0,2023,April,0
Uganda,111.0,2023,April,40
Ukraine,476.0,2023,April,140
United Arab Emirates,0.0,2023,April,0
United Kingdom and Overseas Territories,287.0,2023,April,270
United States of America,806.0,2023,April,590
Uruguay,3.0,2023,April,0
Uzbekistan,23.0,2023,April,20
Vanuatu,0.0,2023,April,0
Venezuela,123.0,2023,April,95
Western Sahara,0.0,2023,April,0
Yemen,60.0,2023,April,30
Zambia,1.0,2023,April,0
Zimbabwe,57.0,2023,April,50
Afghanistan,2559.0,2023,May,2225
Albania,71.0,2023,May,65
Algeria,586.0,2023,May,510
Andorra,0.0,2023,May,0
Angola,57.0,2023,May,15
Antigua and Barbuda,10.0,2023,May,5
Argentina,69.0,2023,May,60
Armenia,17.0,2023,May,15
Australia,138.0,2023,May,120
Austria,14.0,2023,May,5
Azerbaijan,25.0,2023,May,20
"Bahama Islands, The",59.0,2023,May,35
Bahrain,0.0,2023,May,0
Bangladesh,638.0,2023,May,555
Barbados,34.0,2023,May,20
Belarus,26.0,2023,May,25
Belgium,46.0,2023,May,30
Belize,17.0,2023,May,15
Bermuda,0.0,2023,May,0
Bhutan,0.0,2023,May,0
Bolivia,17.0,2023,May,15
"Botswana, Republic of",1.0,2023,May,0
Brazil,724.0,2023,May,630
Brunei,2.0,2023,May,0
Bulgaria,12.0,2023,May,10
Burkina-Faso,57.0,2023,May,50
Burundi,133.0,2023,May,65
Cambodia,20.0,2023,May,20
Cape Verde Islands,0.0,2023,May,0
Central African Republic,46.0,2023,May,40
"Chad, Republic of",26.0,2023,May,25
Chile,123.0,2023,May,50
Colombia,631.0,2023,May,400
Comoros,0.0,2023,May,0
"Congo, Democratic Republic of the",425.0,2023,May,370
"Congo, People's Republic of the",29.0,2023,May,25
Costa Rica,24.0,2023,May,20
Croatia,14.0,2023,May,10
Cuba,118.0,2023,May,100
Cyprus,2.0,2023,May,0
Czech Republic,34.0,2023,May,20
Denmark,17.0,2023,May,15
Dominica,13.0,2023,May,5
Dominican Republic,95.0,2023,May,75
"East Timor, Democratic Republic of",1.0,2023,May,0
Ecuador,75.0,2023,May,65
Egypt,285.0,2023,May,255
El Salvador,60.0,2023,May,40
Eritrea,1311.0,2023,May,1140
Estonia,2.0,2023,May,0
Ethiopia,428.0,2023,May,400
Fiji,7.0,2023,May,0
Finland,12.0,2023,May,10
France,718.0,2023,May,670
French Polynesia,0.0,2023,May,0
Gabon Republic,7.0,2023,May,5
Gambia,15.0,2023,May,10
Georgia,29.0,2023,May,15
Ghana,190.0,2023,May,165
Greece,20.0,2023,May,20
Grenada,10.0,2023,May,5
Guatemala,48.0,2023,May,25
Guinea-Bissau,0.0,2023,May,0
"Guinea, Republic of",56.0,2023,May,30
Guyana,42.0,2023,May,25
Haiti,539.0,2023,May,205
Holy See,0.0,2023,May,0
Honduras,63.0,2023,May,40
Hungary,34.0,2023,May,30
Iceland,0.0,2023,May,0
India,17900.0,2023,May,15565
Iran,1372.0,2023,May,925
Iraq,351.0,2023,May,305
Israel,115.0,2023,May,100
Italy,121.0,2023,May,105
Jamaica,462.0,2023,May,375
Japan,109.0,2023,May,95
Jordan,124.0,2023,May,105
Kazakhstan,62.0,2023,May,35
Kenya,144.0,2023,May,125
Kiribati,0.0,2023,May,0
"Korea, People's Democratic Republic of",1.0,2023,May,0
"Korea, Republic of",540.0,2023,May,470
"Kosovo, Republic of",23.0,2023,May,20
Kuwait,6.0,2023,May,5
Kyrgyzstan,23.0,2023,May,20
Laos,4.0,2023,May,0
Latvia,5.0,2023,May,5
Lebanon,408.0,2023,May,355
Lesotho,1.0,2023,May,0
Liberia,28.0,2023,May,0
Libya,57.0,2023,May,50
Liechtenstein,0.0,2023,May,0
Lithuania,17.0,2023,May,10
Luxembourg,6.0,2023,May,0
Macedonia,8.0,2023,May,0
Madagascar,40.0,2023,May,10
Malawi,12.0,2023,May,5
Malaysia,37.0,2023,May,35
"Maldives, Republic of",2.0,2023,May,0
"Mali, Republic of",34.0,2023,May,30
Malta,0.0,2023,May,0
Mauritania,21.0,2023,May,0
Mauritius,172.0,2023,May,125
Mexico,833.0,2023,May,445
Moldova,10.0,2023,May,10
Monaco,0.0,2023,May,0
"Mongolia, People's Republic of",12.0,2023,May,10
"Montenegro, Republic of",0.0,2023,May,0
Morocco,544.0,2023,May,520
Mozambique,3.0,2023,May,0
Myanmar (Burma),57.0,2023,May,15
Namibia,6.0,2023,May,5
Nepal,247.0,2023,May,215
New Caledonia,0.0,2023,May,0
New Zealand,41.0,2023,May,30
Nicaragua,64.0,2023,May,30
Nigeria,2131.0,2023,May,1625
Norway,6.0,2023,May,5
Oman,4.0,2023,May,0
Pakistan,1438.0,2023,May,1195
Palestinian Authority (Gaza/West Bank),65.0,2023,May,45
"Panama, Republic of",11.0,2023,May,10
Papua New Guinea,1.0,2023,May,0
Paraguay,8.0,2023,May,0
Peru,87.0,2023,May,65
Philippines,3001.0,2023,May,2610
Poland,63.0,2023,May,55
Portugal,109.0,2023,May,95
Qatar,0.0,2023,May,0
Reunion,0.0,2023,May,0
Romania,52.0,2023,May,45
Russia,205.0,2023,May,165
Rwanda,148.0,2023,May,70
San Marino,0.0,2023,May,0
Sao Tome and Principe,1.0,2023,May,0
Saudi Arabia,23.0,2023,May,20
Senegal,101.0,2023,May,60
"Serbia, Republic of",34.0,2023,May,30
Seychelles,2.0,2023,May,0
Sierra Leone,23.0,2023,May,20
Singapore,34.0,2023,May,30
Sint-Maarten,1.0,2023,May,0
Slovak Republic,23.0,2023,May,20
Slovenia,1.0,2023,May,0
"Somalia, Democratic Republic of",615.0,2023,May,535
Spain,73.0,2023,May,65
Sri Lanka,411.0,2023,May,295
St. Kitts-Nevis,8.0,2023,May,5
St. Lucia,17.0,2023,May,15
St. Vincent and the Grenadines,20.0,2023,May,20
Stateless,99.0,2023,May,90
Surinam,6.0,2023,May,5
Swaziland,2.0,2023,May,0
Sweden,35.0,2023,May,15
Switzerland,23.0,2023,May,20
Syria,1092.0,2023,May,950
Taiwan,102.0,2023,May,65
Thailand,57.0,2023,May,50
"Togo, Republic of",108.0,2023,May,45
Tonga,0.0,2023,May,0
"Trinidad and Tobago, Republic of",71.0,2023,May,55
Tunisia,345.0,2023,May,220
Turkey,478.0,2023,May,210
Turkmenistan,6.0,2023,May,5
Turks and Caicos Islands,0.0,2023,May,0
Uganda,143.0,2023,May,65
Ukraine,621.0,2023,May,300
United Arab Emirates,12.0,2023,May,10
United Kingdom and Overseas Territories,575.0,2023,May,500
United States of America,1050.0,2023,May,985
Uruguay,10.0,2023,May,10
Uzbekistan,23.0,2023,May,20
Vanuatu,0.0,2023,May,0
Venezuela,167.0,2023,May,145
Western Sahara,0.0,2023,May,0
Yemen,108.0,2023,May,45
Zambia,9.0,2023,May,5
Zimbabwe,87.0,2023,May,55
Afghanistan,2101.0,2023,June,1430
Albania,52.0,2023,June,45
Algeria,610.0,2023,June,530
Andorra,0.0,2023,June,0
Angola,39.0,2023,June,10
Antigua and Barbuda,12.0,2023,June,10
Argentina,75.0,2023,June,65
Armenia,40.0,2023,June,35
Australia,103.0,2023,June,90
Austria,6.0,2023,June,5
Azerbaijan,25.0,2023,June,20
"Bahama Islands, The",42.0,2023,June,35
Bahrain,0.0,2023,June,0
Bangladesh,529.0,2023,June,460
Barbados,31.0,2023,June,25
Belarus,29.0,2023,June,25
Belgium,40.0,2023,June,35
Belize,6.0,2023,June,5
Bermuda,0.0,2023,June,0
Bhutan,6.0,2023,June,5
Bolivia,18.0,2023,June,5
"Botswana, Republic of",2.0,2023,June,0
Brazil,667.0,2023,June,580
Brunei,0.0,2023,June,0
Bulgaria,14.0,2023,June,5
Burkina-Faso,43.0,2023,June,35
Burundi,85.0,2023,June,85
Cambodia,23.0,2023,June,15
Cape Verde Islands,0.0,2023,June,0
Central African Republic,40.0,2023,June,15
"Chad, Republic of",41.0,2023,June,15
Chile,87.0,2023,June,50
Colombia,506.0,2023,June,370
Comoros,2.0,2023,June,0
"Congo, Democratic Republic of the",638.0,2023,June,555
"Congo, People's Republic of the",34.0,2023,June,30
Costa Rica,21.0,2023,June,20
Croatia,12.0,2023,June,10
Cuba,100.0,2023,June,55
Cyprus,4.0,2023,June,0
Czech Republic,19.0,2023,June,15
Denmark,6.0,2023,June,5
Dominica,2.0,2023,June,0
Dominican Republic,75.0,2023,June,65
"East Timor, Democratic Republic of",0.0,2023,June,0
Ecuador,80.0,2023,June,70
Egypt,252.0,2023,June,245
El Salvador,59.0,2023,June,45
Eritrea,1107.0,2023,June,825
Estonia,1.0,2023,June,0
Ethiopia,561.0,2023,June,430
Fiji,6.0,2023,June,5
Finland,12.0,2023,June,10
France,868.0,2023,June,755
French Polynesia,0.0,2023,June,0
Gabon Republic,14.0,2023,June,10
Gambia,17.0,2023,June,10
Georgia,28.0,2023,June,20
Ghana,184.0,2023,June,160
Greece,19.0,2023,June,10
Grenada,13.0,2023,June,5
Guatemala,34.0,2023,June,30
Guinea-Bissau,1.0,2023,June,0
"Guinea, Republic of",55.0,2023,June,45
Guyana,46.0,2023,June,40
Haiti,460.0,2023,June,180
Holy See,0.0,2023,June,0
Honduras,37.0,2023,June,30
Hungary,34.0,2023,June,30
Iceland,0.0,2023,June,0
India,15525.0,2023,June,13500
Iran,1078.0,2023,June,940
Iraq,235.0,2023,June,200
Israel,86.0,2023,June,75
Italy,92.0,2023,June,85
Jamaica,460.0,2023,June,400
Japan,93.0,2023,June,70
Jordan,137.0,2023,June,135
Kazakhstan,52.0,2023,June,45
Kenya,113.0,2023,June,110
Kiribati,0.0,2023,June,0
"Korea, People's Democratic Republic of",1.0,2023,June,0
"Korea, Republic of",436.0,2023,June,345
"Kosovo, Republic of",17.0,2023,June,15
Kuwait,6.0,2023,June,0
Kyrgyzstan,17.0,2023,June,15
Laos,2.0,2023,June,0
Latvia,1.0,2023,June,0
Lebanon,747.0,2023,June,650
Lesotho,4.0,2023,June,0
Liberia,9.0,2023,June,5
Libya,30.0,2023,June,30
Liechtenstein,0.0,2023,June,0
Lithuania,6.0,2023,June,5
Luxembourg,0.0,2023,June,0
Macedonia,12.0,2023,June,10
Madagascar,40.0,2023,June,35
Malawi,6.0,2023,June,0
Malaysia,34.0,2023,June,30
"Maldives, Republic of",0.0,2023,June,0
"Mali, Republic of",48.0,2023,June,30
Malta,2.0,2023,June,0
Mauritania,15.0,2023,June,5
Mauritius,115.0,2023,June,100
Mexico,812.0,2023,June,355
Moldova,17.0,2023,June,15
Monaco,0.0,2023,June,0
"Mongolia, People's Republic of",29.0,2023,June,25
"Montenegro, Republic of",1.0,2023,June,0
Morocco,788.0,2023,June,685
Mozambique,1.0,2023,June,0
Myanmar (Burma),52.0,2023,June,45
Namibia,7.0,2023,June,5
Nepal,190.0,2023,June,165
New Caledonia,0.0,2023,June,0
New Zealand,46.0,2023,June,40
Nicaragua,40.0,2023,June,10
Nigeria,1639.0,2023,June,1425
Norway,5.0,2023,June,5
Oman,1.0,2023,June,0
Pakistan,1380.0,2023,June,1200
Palestinian Authority (Gaza/West Bank),92.0,2023,June,80
"Panama, Republic of",8.0,2023,June,5
Papua New Guinea,0.0,2023,June,0
Paraguay,3.0,2023,June,0
Peru,60.0,2023,June,55
Philippines,2702.0,2023,June,2350
Poland,35.0,2023,June,25
Portugal,92.0,2023,June,80
Qatar,1.0,2023,June,0
Reunion,0.0,2023,June,0
Romania,52.0,2023,June,45
Russia,160.0,2023,June,135
Rwanda,115.0,2023,June,100
San Marino,0.0,2023,June,0
Sao Tome and Principe,0.0,2023,June,0
Saudi Arabia,27.0,2023,June,25
Senegal,88.0,2023,June,75
"Serbia, Republic of",23.0,2023,June,20
Seychelles,0.0,2023,June,0
Sierra Leone,6.0,2023,June,5
Singapore,17.0,2023,June,15
Sint-Maarten,0.0,2023,June,0
Slovak Republic,17.0,2023,June,15
Slovenia,6.0,2023,June,5
"Somalia, Democratic Republic of",512.0,2023,June,330
Spain,63.0,2023,June,55
Sri Lanka,279.0,2023,June,230
St. Kitts-Nevis,2.0,2023,June,0
St. Lucia,23.0,2023,June,20
St. Vincent and the Grenadines,29.0,2023,June,20
Stateless,254.0,2023,June,100
Surinam,4.0,2023,June,0
Swaziland,0.0,2023,June,0
Sweden,33.0,2023,June,10
Switzerland,16.0,2023,June,15
Syria,1300.0,2023,June,1130
Taiwan,109.0,2023,June,95
Thailand,50.0,2023,June,40
"Togo, Republic of",81.0,2023,June,50
Tonga,1.0,2023,June,0
"Trinidad and Tobago, Republic of",57.0,2023,June,50
Tunisia,420.0,2023,June,365
Turkey,609.0,2023,June,205
Turkmenistan,2.0,2023,June,0
Turks and Caicos Islands,0.0,2023,June,0
Uganda,109.0,2023,June,55
Ukraine,711.0,2023,June,290
United Arab Emirates,4.0,2023,June,0
United Kingdom and Overseas Territories,454.0,2023,June,395
United States of America,960.0,2023,June,835
Uruguay,12.0,2023,June,10
Uzbekistan,17.0,2023,June,15
Vanuatu,0.0,2023,June,0
Venezuela,172.0,2023,June,140
Western Sahara,1.0,2023,June,0
Yemen,111.0,2023,June,80
Zambia,9.0,2023,June,5
Zimbabwe,46.0,2023,June,45
Afghanistan,2064.0,2023,July,2000
Albania,86.0,2023,July,75
Algeria,1006.0,2023,July,875
Andorra,0.0,2023,July,0
Angola,39.0,2023,July,10
Antigua and Barbuda,12.0,2023,July,10
Argentina,45.0,2023,July,30
Armenia,34.0,2023,July,30
Australia,109.0,2023,July,95
Austria,17.0,2023,July,15
Azerbaijan,31.0,2023,July,15
"Bahama Islands, The",49.0,2023,July,30
Bahrain,2.0,2023,July,0
Bangladesh,615.0,2023,July,535
Barbados,29.0,2023,July,25
Belarus,23.0,2023,July,20
Belgium,50.0,2023,July,35
Belize,12.0,2023,July,10
Bermuda,0.0,2023,July,0
Bhutan,4.0,2023,July,0
Bolivia,12.0,2023,July,5
"Botswana, Republic of",12.0,2023,July,10
Brazil,776.0,2023,July,675
Brunei,0.0,2023,July,0
Bulgaria,12.0,2023,July,10
Burkina-Faso,57.0,2023,July,50
Burundi,134.0,2023,July,60
Cambodia,16.0,2023,July,15
Cape Verde Islands,0.0,2023,July,0
Central African Republic,16.0,2023,July,10
"Chad, Republic of",22.0,2023,July,15
Chile,96.0,2023,July,45
Colombia,554.0,2023,July,375
Comoros,4.0,2023,July,0
"Congo, Democratic Republic of the",535.0,2023,July,465
"Congo, People's Republic of the",43.0,2023,July,10
Costa Rica,34.0,2023,July,30
Croatia,15.0,2023,July,5
Cuba,113.0,2023,July,80
Cyprus,2.0,2023,July,0
Czech Republic,17.0,2023,July,15
Denmark,8.0,2023,July,0
Dominica,4.0,2023,July,0
Dominican Republic,90.0,2023,July,65
"East Timor, Democratic Republic of",0.0,2023,July,0
Ecuador,144.0,2023,July,125
Egypt,299.0,2023,July,260
El Salvador,87.0,2023,July,40
Eritrea,1262.0,2023,July,510
Estonia,1.0,2023,July,0
Ethiopia,531.0,2023,July,280
Fiji,12.0,2023,July,10
Finland,12.0,2023,July,10
France,1259.0,2023,July,1095
French Polynesia,0.0,2023,July,0
Gabon Republic,9.0,2023,July,5
Gambia,12.0,2023,July,10
Georgia,40.0,2023,July,35
Ghana,135.0,2023,July,130
Greece,29.0,2023,July,25
Grenada,7.0,2023,July,0
Guatemala,47.0,2023,July,20
Guinea-Bissau,1.0,2023,July,0
"Guinea, Republic of",59.0,2023,July,50
Guyana,52.0,2023,July,45
Haiti,443.0,2023,July,210
Holy See,0.0,2023,July,0
Honduras,48.0,2023,July,25
Hungary,23.0,2023,July,20
Iceland,0.0,2023,July,0
India,13374.0,2023,July,11630
Iran,1066.0,2023,July,1005
Iraq,339.0,2023,July,295
Israel,69.0,2023,July,60
Italy,92.0,2023,July,80
Jamaica,397.0,2023,July,345
Japan,76.0,2023,July,75
Jordan,178.0,2023,July,155
Kazakhstan,57.0,2023,July,50
Kenya,101.0,2023,July,90
Kiribati,0.0,2023,July,0
"Korea, People's Democratic Republic of",2.0,2023,July,0
"Korea, Republic of",397.0,2023,July,345
"Kosovo, Republic of",17.0,2023,July,15
Kuwait,7.0,2023,July,0
Kyrgyzstan,8.0,2023,July,5
Laos,0.0,2023,July,0
Latvia,6.0,2023,July,5
Lebanon,690.0,2023,July,600
Lesotho,0.0,2023,July,0
Liberia,15.0,2023,July,0
Libya,50.0,2023,July,45
Liechtenstein,0.0,2023,July,0
Lithuania,6.0,2023,July,0
Luxembourg,0.0,2023,July,0
Macedonia,3.0,2023,July,0
Madagascar,70.0,2023,July,55
Malawi,7.0,2023,July,0
Malaysia,23.0,2023,July,20
"Maldives, Republic of",0.0,2023,July,0
"Mali, Republic of",52.0,2023,July,45
Malta,0.0,2023,July,0
Mauritania,18.0,2023,July,10
Mauritius,126.0,2023,July,110
Mexico,702.0,2023,July,385
Moldova,12.0,2023,July,10
Monaco,0.0,2023,July,0
"Mongolia, People's Republic of",23.0,2023,July,20
"Montenegro, Republic of",1.0,2023,July,0
Morocco,954.0,2023,July,830
Mozambique,0.0,2023,July,0
Myanmar (Burma),23.0,2023,July,20
Namibia,10.0,2023,July,10
Nepal,167.0,2023,July,145
New Caledonia,0.0,2023,July,0
New Zealand,40.0,2023,July,35
Nicaragua,70.0,2023,July,20
Nigeria,1754.0,2023,July,1325
Norway,5.0,2023,July,5
Oman,5.0,2023,July,0
Pakistan,1294.0,2023,July,1125
Palestinian Authority (Gaza/West Bank),76.0,2023,July,60
"Panama, Republic of",6.0,2023,July,5
Papua New Guinea,0.0,2023,July,0
Paraguay,1.0,2023,July,0
Peru,91.0,2023,July,60
Philippines,2651.0,2023,July,2305
Poland,30.0,2023,July,30
Portugal,69.0,2023,July,60
Qatar,0.0,2023,July,0
Reunion,0.0,2023,July,0
Romania,57.0,2023,July,50
Russia,196.0,2023,July,155
Rwanda,122.0,2023,July,65
San Marino,0.0,2023,July,0
Sao Tome and Principe,0.0,2023,July,0
Saudi Arabia,12.0,2023,July,10
Senegal,126.0,2023,July,110
"Serbia, Republic of",28.0,2023,July,10
Seychelles,0.0,2023,July,0
Sierra Leone,12.0,2023,July,10
Singapore,13.0,2023,July,10
Sint-Maarten,0.0,2023,July,0
Slovak Republic,22.0,2023,July,10
Slovenia,0.0,2023,July,0
"Somalia, Democratic Republic of",589.0,2023,July,225
Spain,57.0,2023,July,50
Sri Lanka,226.0,2023,July,165
St. Kitts-Nevis,12.0,2023,July,10
St. Lucia,17.0,2023,July,15
St. Vincent and the Grenadines,23.0,2023,July,20
Stateless,132.0,2023,July,115
Surinam,4.0,2023,July,0
Swaziland,0.0,2023,July,0
Sweden,26.0,2023,July,15
Switzerland,23.0,2023,July,20
Syria,1092.0,2023,July,950
Taiwan,85.0,2023,July,75
Thailand,37.0,2023,July,25
"Togo, Republic of",74.0,2023,July,40
Tonga,0.0,2023,July,0
"Trinidad and Tobago, Republic of",56.0,2023,July,45
Tunisia,546.0,2023,July,475
Turkey,651.0,2023,July,180
Turkmenistan,0.0,2023,July,0
Turks and Caicos Islands,0.0,2023,July,0
Uganda,119.0,2023,July,40
Ukraine,649.0,2023,July,290
United Arab Emirates,0.0,2023,July,0
United Kingdom and Overseas Territories,385.0,2023,July,335
United States of America,1006.0,2023,July,875
Uruguay,12.0,2023,July,10
Uzbekistan,29.0,2023,July,25
Vanuatu,0.0,2023,July,0
Venezuela,125.0,2023,July,105
Western Sahara,2.0,2023,July,0
Yemen,63.0,2023,July,55
Zambia,12.0,2023,July,10
Zimbabwe,46.0,2023,July,40
Afghanistan,1755.0,2023,August,1250
Albania,80.0,2023,August,70
Algeria,1617.0,2023,August,325
Andorra,0.0,2023,August,0
Angola,38.0,2023,August,5
Antigua and Barbuda,17.0,2023,August,15
Argentina,57.0,2023,August,40
Armenia,15.0,2023,August,15
Australia,117.0,2023,August,110
Austria,9.0,2023,August,0
Azerbaijan,25.0,2023,August,20
"Bahama Islands, The",55.0,2023,August,30
Bahrain,5.0,2023,August,0
Bangladesh,457.0,2023,August,385
Barbados,40.0,2023,August,30
Belarus,23.0,2023,August,15
Belgium,80.0,2023,August,70
Belize,12.0,2023,August,10
Bermuda,0.0,2023,August,0
Bhutan,4.0,2023,August,0
Bolivia,35.0,2023,August,10
"Botswana, Republic of",6.0,2023,August,0
Brazil,765.0,2023,August,665
Brunei,0.0,2023,August,0
Bulgaria,17.0,2023,August,15
Burkina-Faso,65.0,2023,August,35
Burundi,169.0,2023,August,55
Cambodia,20.0,2023,August,5
Cape Verde Islands,1.0,2023,August,0
Central African Republic,24.0,2023,August,0
"Chad, Republic of",67.0,2023,August,25
Chile,90.0,2023,August,75
Colombia,647.0,2023,August,435
Comoros,6.0,2023,August,0
"Congo, Democratic Republic of the",394.0,2023,August,170
"Congo, People's Republic of the",30.0,2023,August,15
Costa Rica,29.0,2023,August,25
Croatia,10.0,2023,August,10
Cuba,126.0,2023,August,75
Cyprus,4.0,2023,August,0
Czech Republic,23.0,2023,August,20
Denmark,8.0,2023,August,0
Dominica,12.0,2023,August,10
Dominican Republic,86.0,2023,August,75
"East Timor, Democratic Republic of",0.0,2023,August,0
Ecuador,69.0,2023,August,60
Egypt,247.0,2023,August,190
El Salvador,58.0,2023,August,45
Eritrea,1259.0,2023,August,380
Estonia,0.0,2023,August,0
Ethiopia,535.0,2023,August,295
Fiji,22.0,2023,August,10
Finland,9.0,2023,August,0
France,991.0,2023,August,960
French Polynesia,0.0,2023,August,0
Gabon Republic,27.0,2023,August,0
Gambia,17.0,2023,August,5
Georgia,19.0,2023,August,15
Ghana,176.0,2023,August,90
Greece,46.0,2023,August,40
Grenada,7.0,2023,August,0
Guatemala,48.0,2023,August,20
Guinea-Bissau,1.0,2023,August,0
"Guinea, Republic of",100.0,2023,August,20
Guyana,52.0,2023,August,45
Haiti,622.0,2023,August,230
Holy See,0.0,2023,August,0
Honduras,94.0,2023,August,25
Hungary,34.0,2023,August,30
Iceland,1.0,2023,August,0
India,11416.0,2023,August,10880
Iran,1221.0,2023,August,1185
Iraq,287.0,2023,August,200
Israel,126.0,2023,August,110
Italy,115.0,2023,August,100
Jamaica,483.0,2023,August,325
Japan,115.0,2023,August,100
Jordan,140.0,2023,August,110
Kazakhstan,69.0,2023,August,60
Kenya,141.0,2023,August,65
Kiribati,0.0,2023,August,0
"Korea, People's Democratic Republic of",1.0,2023,August,0
"Korea, Republic of",466.0,2023,August,405
"Kosovo, Republic of",11.0,2023,August,10
Kuwait,0.0,2023,August,0
Kyrgyzstan,12.0,2023,August,10
Laos,0.0,2023,August,0
Latvia,6.0,2023,August,5
Lebanon,576.0,2023,August,385
Lesotho,0.0,2023,August,0
Liberia,13.0,2023,August,0
Libya,40.0,2023,August,35
Liechtenstein,0.0,2023,August,0
Lithuania,11.0,2023,August,5
Luxembourg,1.0,2023,August,0
Macedonia,12.0,2023,August,10
Madagascar,80.0,2023,August,40
Malawi,6.0,2023,August,5
Malaysia,52.0,2023,August,45
"Maldives, Republic of",0.0,2023,August,0
"Mali, Republic of",51.0,2023,August,15
Malta,1.0,2023,August,0
Mauritania,33.0,2023,August,10
Mauritius,306.0,2023,August,90
Mexico,859.0,2023,August,450
Moldova,17.0,2023,August,15
Monaco,0.0,2023,August,0
"Mongolia, People's Republic of",12.0,2023,August,10
"Montenegro, Republic of",4.0,2023,August,0
Morocco,1257.0,2023,August,395
Mozambique,3.0,2023,August,0
Myanmar (Burma),41.0,2023,August,20
Namibia,8.0,2023,August,0
Nepal,183.0,2023,August,145
New Caledonia,0.0,2023,August,0
New Zealand,57.0,2023,August,35
Nicaragua,64.0,2023,August,25
Nigeria,2187.0,2023,August,1140
Norway,12.0,2023,August,10
Oman,3.0,2023,August,0
Pakistan,1312.0,2023,August,725
Palestinian Authority (Gaza/West Bank),72.0,2023,August,50
"Panama, Republic of",7.0,2023,August,5
Papua New Guinea,0.0,2023,August,0
Paraguay,12.0,2023,August,10
Peru,116.0,2023,August,75
Philippines,2722.0,2023,August,1965
Poland,32.0,2023,August,25
Portugal,103.0,2023,August,90
Qatar,1.0,2023,August,0
Reunion,0.0,2023,August,0
Romania,31.0,2023,August,30
Russia,199.0,2023,August,115
Rwanda,152.0,2023,August,100
San Marino,0.0,2023,August,0
Sao Tome and Principe,0.0,2023,August,0
Saudi Arabia,17.0,2023,August,15
Senegal,137.0,2023,August,70
"Serbia, Republic of",20.0,2023,August,15
Seychelles,0.0,2023,August,0
Sierra Leone,13.0,2023,August,10
Singapore,33.0,2023,August,15
Sint-Maarten,0.0,2023,August,0
Slovak Republic,25.0,2023,August,10
Slovenia,0.0,2023,August,0
"Somalia, Democratic Republic of",675.0,2023,August,170
Spain,69.0,2023,August,50
Sri Lanka,305.0,2023,August,215
St. Kitts-Nevis,8.0,2023,August,5
St. Lucia,17.0,2023,August,10
St. Vincent and the Grenadines,28.0,2023,August,15
Stateless,239.0,2023,August,65
Surinam,1.0,2023,August,0
Swaziland,1.0,2023,August,0
Sweden,17.0,2023,August,15
Switzerland,23.0,2023,August,20
Syria,564.0,2023,August,460
Taiwan,123.0,2023,August,120
Thailand,63.0,2023,August,25
"Togo, Republic of",143.0,2023,August,40
Tonga,0.0,2023,August,0
"Trinidad and Tobago, Republic of",45.0,2023,August,45
Tunisia,691.0,2023,August,350
Turkey,719.0,2023,August,130
Turkmenistan,0.0,2023,August,0
Turks and Caicos Islands,0.0,2023,August,0
Uganda,97.0,2023,August,60
Ukraine,745.0,2023,August,240
United Arab Emirates,5.0,2023,August,0
United Kingdom and Overseas Territories,479.0,2023,August,345
United States of America,1002.0,2023,August,870
Uruguay,6.0,2023,August,5
Uzbekistan,23.0,2023,August,20
Vanuatu,1.0,2023,August,0
Venezuela,170.0,2023,August,145
Western Sahara,0.0,2023,August,0
Yemen,99.0,2023,August,70
Zambia,20.0,2023,August,0
Zimbabwe,51.0,2023,August,50
Afghanistan,2542.0,2023,September,2210
Albania,53.0,2023,September,30
Algeria,990.0,2023,September,760
Andorra,0.0,2023,September,0
Angola,22.0,2023,September,5
Antigua and Barbuda,6.0,2023,September,5
Argentina,48.0,2023,September,10
Armenia,27.0,2023,September,25
Australia,85.0,2023,September,50
Austria,9.0,2023,September,0
Azerbaijan,23.0,2023,September,20
"Bahama Islands, The",53.0,2023,September,15
Bahrain,1.0,2023,September,0
Bangladesh,338.0,2023,September,290
Barbados,36.0,2023,September,15
Belarus,48.0,2023,September,10
Belgium,75.0,2023,September,65
Belize,1.0,2023,September,0
Bermuda,0.0,2023,September,0
Bhutan,2.0,2023,September,0
Bolivia,20.0,2023,September,20
"Botswana, Republic of",5.0,2023,September,0
Brazil,519.0,2023,September,285
Brunei,0.0,2023,September,0
Bulgaria,8.0,2023,September,5
Burkina-Faso,72.0,2023,September,45
Burundi,137.0,2023,September,65
Cambodia,13.0,2023,September,10
Cape Verde Islands,0.0,2023,September,0
Central African Republic,33.0,2023,September,25
"Chad, Republic of",49.0,2023,September,15
Chile,85.0,2023,September,30
Colombia,508.0,2023,September,370
Comoros,1.0,2023,September,0
"Congo, Democratic Republic of the",523.0,2023,September,455
"Congo, People's Republic of the",64.0,2023,September,35
Costa Rica,35.0,2023,September,25
Croatia,7.0,2023,September,5
Cuba,89.0,2023,September,55
Cyprus,0.0,2023,September,0
Czech Republic,14.0,2023,September,10
Denmark,2.0,2023,September,0
Dominica,8.0,2023,September,0
Dominican Republic,110.0,2023,September,45
"East Timor, Democratic Republic of",0.0,2023,September,0
Ecuador,76.0,2023,September,25
Egypt,217.0,2023,September,190
El Salvador,39.0,2023,September,35
Eritrea,1323.0,2023,September,770
Estonia,1.0,2023,September,0
Ethiopia,518.0,2023,September,450
Fiji,6.0,2023,September,5
Finland,7.0,2023,September,0
France,1236.0,2023,September,1075
French Polynesia,0.0,2023,September,0
Gabon Republic,20.0,2023,September,0
Gambia,11.0,2023,September,10
Georgia,31.0,2023,September,25
Ghana,185.0,2023,September,95
Greece,25.0,2023,September,20
Grenada,9.0,2023,September,0
Guatemala,47.0,2023,September,10
Guinea-Bissau,1.0,2023,September,0
"Guinea, Republic of",119.0,2023,September,65
Guyana,46.0,2023,September,30
Haiti,518.0,2023,September,235
Holy See,0.0,2023,September,0
Honduras,105.0,2023,September,25
Hungary,21.0,2023,September,5
Iceland,1.0,2023,September,0
India,9031.0,2023,September,7290
Iran,1014.0,2023,September,845
Iraq,246.0,2023,September,155
Israel,80.0,2023,September,60
Italy,80.0,2023,September,65
Jamaica,332.0,2023,September,250
Japan,67.0,2023,September,30
Jordan,83.0,2023,September,50
Kazakhstan,46.0,2023,September,40
Kenya,119.0,2023,September,90
Kiribati,0.0,2023,September,0
"Korea, People's Democratic Republic of",0.0,2023,September,0
"Korea, Republic of",302.0,2023,September,165
"Kosovo, Republic of",10.0,2023,September,5
Kuwait,2.0,2023,September,0
Kyrgyzstan,11.0,2023,September,10
Laos,3.0,2023,September,0
Latvia,6.0,2023,September,5
Lebanon,438.0,2023,September,390
Lesotho,0.0,2023,September,0
Liberia,23.0,2023,September,20
Libya,15.0,2023,September,15
Liechtenstein,0.0,2023,September,0
Lithuania,9.0,2023,September,0
Luxembourg,1.0,2023,September,0
Macedonia,3.0,2023,September,0
Madagascar,67.0,2023,September,45
Malawi,2.0,2023,September,0
Malaysia,29.0,2023,September,20
"Maldives, Republic of",0.0,2023,September,0
"Mali, Republic of",48.0,2023,September,45
Malta,0.0,2023,September,0
Mauritania,31.0,2023,September,15
Mauritius,299.0,2023,September,120
Mexico,852.0,2023,September,285
Moldova,29.0,2023,September,20
Monaco,0.0,2023,September,0
"Mongolia, People's Republic of",10.0,2023,September,10
"Montenegro, Republic of",1.0,2023,September,0
Morocco,975.0,2023,September,705
Mozambique,1.0,2023,September,0
Myanmar (Burma),62.0,2023,September,20
Namibia,9.0,2023,September,0
Nepal,169.0,2023,September,150
New Caledonia,1.0,2023,September,0
New Zealand,34.0,2023,September,25
Nicaragua,32.0,2023,September,15
Nigeria,1737.0,2023,September,1115
Norway,7.0,2023,September,0
Oman,2.0,2023,September,0
Pakistan,969.0,2023,September,850
Palestinian Authority (Gaza/West Bank),57.0,2023,September,50
"Panama, Republic of",4.0,2023,September,0
Papua New Guinea,0.0,2023,September,0
Paraguay,5.0,2023,September,0
Peru,86.0,2023,September,25
Philippines,2361.0,2023,September,1925
Poland,44.0,2023,September,20
Portugal,87.0,2023,September,60
Qatar,0.0,2023,September,0
Reunion,0.0,2023,September,0
Romania,34.0,2023,September,30
Russia,214.0,2023,September,135
Rwanda,145.0,2023,September,125
San Marino,0.0,2023,September,0
Sao Tome and Principe,0.0,2023,September,0
Saudi Arabia,17.0,2023,September,15
Senegal,117.0,2023,September,105
"Serbia, Republic of",12.0,2023,September,10
Seychelles,0.0,2023,September,0
Sierra Leone,17.0,2023,September,15
Singapore,23.0,2023,September,20
Sint-Maarten,0.0,2023,September,0
Slovak Republic,18.0,2023,September,5
Slovenia,2.0,2023,September,0
"Somalia, Democratic Republic of",785.0,2023,September,420
Spain,59.0,2023,September,40
Sri Lanka,264.0,2023,September,170
St. Kitts-Nevis,3.0,2023,September,0
St. Lucia,18.0,2023,September,10
St. Vincent and the Grenadines,16.0,2023,September,15
Stateless,552.0,2023,September,130
Surinam,0.0,2023,September,0
Swaziland,0.0,2023,September,0
Sweden,11.0,2023,September,5
Switzerland,12.0,2023,September,10
Syria,1156.0,2023,September,1005
Taiwan,98.0,2023,September,55
Thailand,68.0,2023,September,15
"Togo, Republic of",185.0,2023,September,85
Tonga,0.0,2023,September,0
"Trinidad and Tobago, Republic of",38.0,2023,September,30
Tunisia,753.0,2023,September,460
Turkey,643.0,2023,September,125
Turkmenistan,1.0,2023,September,0
Turks and Caicos Islands,0.0,2023,September,0
Uganda,115.0,2023,September,55
Ukraine,720.0,2023,September,100
United Arab Emirates,5.0,2023,September,0
United Kingdom and Overseas Territories,391.0,2023,September,220
United States of America,831.0,2023,September,425
Uruguay,6.0,2023,September,0
Uzbekistan,20.0,2023,September,10
Vanuatu,0.0,2023,September,0
Venezuela,126.0,2023,September,75
Western Sahara,0.0,2023,September,0
Yemen,114.0,2023,September,50
Zambia,8.0,2023,September,5
Zimbabwe,64.0,2023,September,25
Afghanistan,1848.0,2023,October,1400
Albania,49.0,2023,October,40
Algeria,621.0,2023,October,540
Andorra,0.0,2023,October,0
Angola,40.0,2023,October,25
Antigua and Barbuda,6.0,2023,October,0
Argentina,50.0,2023,October,25
Armenia,34.0,2023,October,30
Australia,90.0,2023,October,50
Austria,4.0,2023,October,0
Azerbaijan,12.0,2023,October,10
"Bahama Islands, The",58.0,2023,October,25
Bahrain,0.0,2023,October,0
Bangladesh,420.0,2023,October,405
Barbados,29.0,2023,October,15
Belarus,30.0,2023,October,20
Belgium,35.0,2023,October,35
Belize,5.0,2023,October,0
Bermuda,0.0,2023,October,0
Bhutan,2.0,2023,October,0
Bolivia,29.0,2023,October,5
"Botswana, Republic of",4.0,2023,October,0
Brazil,547.0,2023,October,320
Brunei,0.0,2023,October,0
Bulgaria,12.0,2023,October,0
Burkina-Faso,41.0,2023,October,35
Burundi,116.0,2023,October,110
Cambodia,23.0,2023,October,10
Cape Verde Islands,2.0,2023,October,0
Central African Republic,52.0,2023,October,45
"Chad, Republic of",34.0,2023,October,30
Chile,96.0,2023,October,50
Colombia,605.0,2023,October,295
Comoros,2.0,2023,October,0
"Congo, Democratic Republic of the",788.0,2023,October,685
"Congo, People's Republic of the",43.0,2023,October,15
Costa Rica,17.0,2023,October,15
Croatia,12.0,2023,October,0
Cuba,125.0,2023,October,60
Cyprus,2.0,2023,October,0
Czech Republic,7.0,2023,October,5
Denmark,7.0,2023,October,0
Dominica,1.0,2023,October,0
Dominican Republic,96.0,2023,October,35
"East Timor, Democratic Republic of",0.0,2023,October,0
Ecuador,61.0,2023,October,50
Egypt,244.0,2023,October,135
El Salvador,49.0,2023,October,30
Eritrea,1380.0,2023,October,845
Estonia,2.0,2023,October,0
Ethiopia,552.0,2023,October,385
Fiji,7.0,2023,October,0
Finland,13.0,2023,October,5
France,885.0,2023,October,450
French Polynesia,0.0,2023,October,0
Gabon Republic,29.0,2023,October,25
Gambia,23.0,2023,October,5
Georgia,22.0,2023,October,0
Ghana,160.0,2023,October,125
Greece,24.0,2023,October,20
Grenada,6.0,2023,October,0
Guatemala,31.0,2023,October,10
Guinea-Bissau,1.0,2023,October,0
"Guinea, Republic of",60.0,2023,October,40
Guyana,34.0,2023,October,30
Haiti,515.0,2023,October,180
Holy See,1.0,2023,October,0
Honduras,69.0,2023,October,25
Hungary,29.0,2023,October,25
Iceland,0.0,2023,October,0
India,10064.0,2023,October,8965
Iran,1135.0,2023,October,1005
Iraq,195.0,2023,October,85
Israel,107.0,2023,October,70
Italy,86.0,2023,October,75
Jamaica,400.0,2023,October,255
Japan,85.0,2023,October,30
Jordan,161.0,2023,October,85
Kazakhstan,34.0,2023,October,30
Kenya,156.0,2023,October,85
Kiribati,0.0,2023,October,0
"Korea, People's Democratic Republic of",0.0,2023,October,0
"Korea, Republic of",278.0,2023,October,225
"Kosovo, Republic of",13.0,2023,October,10
Kuwait,2.0,2023,October,0
Kyrgyzstan,17.0,2023,October,15
Laos,3.0,2023,October,0
Latvia,12.0,2023,October,10
Lebanon,408.0,2023,October,355
Lesotho,2.0,2023,October,0
Liberia,12.0,2023,October,0
Libya,46.0,2023,October,40
Liechtenstein,0.0,2023,October,0
Lithuania,7.0,2023,October,5
Luxembourg,0.0,2023,October,0
Macedonia,9.0,2023,October,5
Madagascar,89.0,2023,October,30
Malawi,1.0,2023,October,0
Malaysia,34.0,2023,October,15
"Maldives, Republic of",0.0,2023,October,0
"Mali, Republic of",80.0,2023,October,70
Malta,0.0,2023,October,0
Mauritania,17.0,2023,October,15
Mauritius,107.0,2023,October,70
Mexico,799.0,2023,October,375
Moldova,13.0,2023,October,5
Monaco,0.0,2023,October,0
"Mongolia, People's Republic of",12.0,2023,October,0
"Montenegro, Republic of",4.0,2023,October,0
Morocco,667.0,2023,October,580
Mozambique,4.0,2023,October,0
Myanmar (Burma),46.0,2023,October,40
Namibia,13.0,2023,October,0
Nepal,183.0,2023,October,110
New Caledonia,0.0,2023,October,0
New Zealand,35.0,2023,October,25
Nicaragua,44.0,2023,October,15
Nigeria,2012.0,2023,October,1205
Norway,17.0,2023,October,0
Oman,0.0,2023,October,0
Pakistan,1186.0,2023,October,995
Palestinian Authority (Gaza/West Bank),82.0,2023,October,45
"Panama, Republic of",8.0,2023,October,0
Papua New Guinea,0.0,2023,October,0
Paraguay,11.0,2023,October,0
Peru,113.0,2023,October,70
Philippines,2767.0,2023,October,2150
Poland,33.0,2023,October,25
Portugal,71.0,2023,October,60
Qatar,0.0,2023,October,0
Reunion,0.0,2023,October,0
Romania,44.0,2023,October,25
Russia,187.0,2023,October,130
Rwanda,80.0,2023,October,80
San Marino,0.0,2023,October,0
Sao Tome and Principe,0.0,2023,October,0
Saudi Arabia,23.0,2023,October,20
Senegal,108.0,2023,October,70
"Serbia, Republic of",22.0,2023,October,10
Seychelles,0.0,2023,October,0
Sierra Leone,12.0,2023,October,0
Singapore,23.0,2023,October,20
Sint-Maarten,0.0,2023,October,0
Slovak Republic,11.0,2023,October,5
Slovenia,0.0,2023,October,0
"Somalia, Democratic Republic of",1018.0,2023,October,885
Spain,62.0,2023,October,25
Sri Lanka,342.0,2023,October,215
St. Kitts-Nevis,12.0,2023,October,10
St. Lucia,17.0,2023,October,15
St. Vincent and the Grenadines,15.0,2023,October,10
Stateless,141.0,2023,October,95
Surinam,1.0,2023,October,0
Swaziland,4.0,2023,October,0
Sweden,17.0,2023,October,15
Switzerland,12.0,2023,October,10
Syria,1064.0,2023,October,925
Taiwan,107.0,2023,October,75
Thailand,50.0,2023,October,30
"Togo, Republic of",102.0,2023,October,55
Tonga,0.0,2023,October,0
"Trinidad and Tobago, Republic of",39.0,2023,October,25
Tunisia,570.0,2023,October,290
Turkey,627.0,2023,October,120
Turkmenistan,5.0,2023,October,0
Turks and Caicos Islands,0.0,2023,October,0
Uganda,128.0,2023,October,55
Ukraine,1615.0,2023,October,175
United Arab Emirates,5.0,2023,October,0
United Kingdom and Overseas Territories,416.0,2023,October,305
United States of America,857.0,2023,October,470
Uruguay,3.0,2023,October,0
Uzbekistan,10.0,2023,October,5
Vanuatu,0.0,2023,October,0
Venezuela,119.0,2023,October,95
Western Sahara,0.0,2023,October,0
Yemen,109.0,2023,October,45
Zambia,11.0,2023,October,0
Zimbabwe,59.0,2023,October,30
Afghanistan,3985.0,2023,November,3465
Albania,55.0,2023,November,40
Algeria,485.0,2023,November,335
Andorra,0.0,2023,November,0
Angola,28.0,2023,November,15
Antigua and Barbuda,7.0,2023,November,5
Argentina,75.0,2023,November,15
Armenia,31.0,2023,November,25
Australia,97.0,2023,November,50
Austria,5.0,2023,November,0
Azerbaijan,19.0,2023,November,10
"Bahama Islands, The",51.0,2023,November,15
Bahrain,8.0,2023,November,0
Bangladesh,516.0,2023,November,295
Barbados,27.0,2023,November,10
Belarus,37.0,2023,November,0
Belgium,48.0,2023,November,10
Belize,9.0,2023,November,0
Bermuda,0.0,2023,November,0
Bhutan,9.0,2023,November,0
Bolivia,37.0,2023,November,15
"Botswana, Republic of",4.0,2023,November,0
Brazil,507.0,2023,November,250
Brunei,0.0,2023,November,0
Bulgaria,12.0,2023,November,10
Burkina-Faso,43.0,2023,November,20
Burundi,161.0,2023,November,75
Cambodia,20.0,2023,November,15
Cape Verde Islands,0.0,2023,November,0
Central African Republic,19.0,2023,November,15
"Chad, Republic of",43.0,2023,November,20
Chile,135.0,2023,November,40
Colombia,4011.0,2023,November,235
Comoros,6.0,2023,November,5
"Congo, Democratic Republic of the",822.0,2023,November,715
"Congo, People's Republic of the",37.0,2023,November,20
Costa Rica,26.0,2023,November,10
Croatia,5.0,2023,November,0
Cuba,173.0,2023,November,50
Cyprus,0.0,2023,November,0
Czech Republic,16.0,2023,November,10
Denmark,5.0,2023,November,5
Dominica,8.0,2023,November,0
Dominican Republic,104.0,2023,November,25
"East Timor, Democratic Republic of",1.0,2023,November,0
Ecuador,71.0,2023,November,25
Egypt,229.0,2023,November,120
El Salvador,116.0,2023,November,35
Eritrea,1236.0,2023,November,840
Estonia,4.0,2023,November,0
Ethiopia,893.0,2023,November,285
Fiji,18.0,2023,November,15
Finland,5.0,2023,November,5
France,801.0,2023,November,295
French Polynesia,0.0,2023,November,0
Gabon Republic,12.0,2023,November,10
Gambia,12.0,2023,November,10
Georgia,26.0,2023,November,10
Ghana,207.0,2023,November,70
Greece,25.0,2023,November,5
Grenada,5.0,2023,November,0
Guatemala,46.0,2023,November,15
Guinea-Bissau,1.0,2023,November,0
"Guinea, Republic of",97.0,2023,November,45
Guyana,33.0,2023,November,20
Haiti,2459.0,2023,November,240
Holy See,0.0,2023,November,0
Honduras,75.0,2023,November,65
Hungary,52.0,2023,November,10
Iceland,0.0,2023,November,0
India,11850.0,2023,November,6720
Iran,1419.0,2023,November,815
Iraq,197.0,2023,November,105
Israel,131.0,2023,November,35
Italy,56.0,2023,November,40
Jamaica,541.0,2023,November,250
Japan,68.0,2023,November,50
Jordan,155.0,2023,November,60
Kazakhstan,29.0,2023,November,25
Kenya,129.0,2023,November,50
Kiribati,0.0,2023,November,0
"Korea, People's Democratic Republic of",0.0,2023,November,0
"Korea, Republic of",376.0,2023,November,195
"Kosovo, Republic of",10.0,2023,November,5
Kuwait,0.0,2023,November,0
Kyrgyzstan,12.0,2023,November,10
Laos,1.0,2023,November,0
Latvia,6.0,2023,November,0
Lebanon,331.0,2023,November,210
Lesotho,0.0,2023,November,0
Liberia,28.0,2023,November,10
Libya,51.0,2023,November,30
Liechtenstein,0.0,2023,November,0
Lithuania,13.0,2023,November,0
Luxembourg,1.0,2023,November,0
Macedonia,8.0,2023,November,0
Madagascar,55.0,2023,November,5
Malawi,6.0,2023,November,5
Malaysia,25.0,2023,November,20
"Maldives, Republic of",0.0,2023,November,0
"Mali, Republic of",36.0,2023,November,25
Malta,1.0,2023,November,0
Mauritania,34.0,2023,November,30
Mauritius,116.0,2023,November,75
Mexico,928.0,2023,November,240
Moldova,24.0,2023,November,10
Monaco,0.0,2023,November,0
"Mongolia, People's Republic of",13.0,2023,November,10
"Montenegro, Republic of",1.0,2023,November,0
Morocco,541.0,2023,November,500
Mozambique,4.0,2023,November,0
Myanmar (Burma),32.0,2023,November,30
Namibia,5.0,2023,November,0
Nepal,224.0,2023,November,105
New Caledonia,0.0,2023,November,0
New Zealand,48.0,2023,November,20
Nicaragua,37.0,2023,November,25
Nigeria,2246.0,2023,November,985
Norway,8.0,2023,November,0
Oman,1.0,2023,November,0
Pakistan,1216.0,2023,November,920
Palestinian Authority (Gaza/West Bank),77.0,2023,November,60
"Panama, Republic of",28.0,2023,November,5
Papua New Guinea,0.0,2023,November,0
Paraguay,10.0,2023,November,0
Peru,92.0,2023,November,30
Philippines,3219.0,2023,November,1590
Poland,46.0,2023,November,15
Portugal,82.0,2023,November,60
Qatar,0.0,2023,November,0
Reunion,0.0,2023,November,0
Romania,64.0,2023,November,25
Russia,221.0,2023,November,100
Rwanda,110.0,2023,November,65
San Marino,0.0,2023,November,0
Sao Tome and Principe,0.0,2023,November,0
Saudi Arabia,23.0,2023,November,10
Senegal,107.0,2023,November,65
"Serbia, Republic of",34.0,2023,November,15
Seychelles,1.0,2023,November,0
Sierra Leone,15.0,2023,November,10
Singapore,29.0,2023,November,25
Sint-Maarten,0.0,2023,November,0
Slovak Republic,26.0,2023,November,5
Slovenia,3.0,2023,November,0
"Somalia, Democratic Republic of",730.0,2023,November,710
Spain,70.0,2023,November,25
Sri Lanka,369.0,2023,November,185
St. Kitts-Nevis,2.0,2023,November,0
St. Lucia,21.0,2023,November,10
St. Vincent and the Grenadines,25.0,2023,November,10
Stateless,267.0,2023,November,105
Surinam,2.0,2023,November,0
Swaziland,1.0,2023,November,0
Sweden,30.0,2023,November,15
Switzerland,21.0,2023,November,5
Syria,843.0,2023,November,660
Taiwan,127.0,2023,November,60
Thailand,71.0,2023,November,20
"Togo, Republic of",65.0,2023,November,55
Tonga,0.0,2023,November,0
"Trinidad and Tobago, Republic of",63.0,2023,November,35
Tunisia,550.0,2023,November,175
Turkey,561.0,2023,November,135
Turkmenistan,0.0,2023,November,0
Turks and Caicos Islands,0.0,2023,November,0
Uganda,154.0,2023,November,35
Ukraine,3568.0,2023,November,120
United Arab Emirates,1.0,2023,November,0
United Kingdom and Overseas Territories,435.0,2023,November,255
United States of America,895.0,2023,November,510
Uruguay,5.0,2023,November,0
Uzbekistan,23.0,2023,November,20
Vanuatu,0.0,2023,November,0
Venezuela,1355.0,2023,November,50
Western Sahara,0.0,2023,November,0
Yemen,105.0,2023,November,50
Zambia,15.0,2023,November,5
Zimbabwe,84.0,2023,November,30
Afghanistan,2281.0,2023,December,2180
Albania,88.0,2023,December,50
Algeria,609.0,2023,December,280
Andorra,0.0,2023,December,0
Angola,48.0,2023,December,35
Antigua and Barbuda,17.0,2023,December,5
Argentina,65.0,2023,December,65
Armenia,19.0,2023,December,15
Australia,110.0,2023,December,90
Austria,6.0,2023,December,5
Azerbaijan,36.0,2023,December,30
"Bahama Islands, The",47.0,2023,December,25
Bahrain,2.0,2023,December,0
Bangladesh,794.0,2023,December,365
Barbados,18.0,2023,December,10
Belarus,45.0,2023,December,20
Belgium,52.0,2023,December,40
Belize,10.0,2023,December,10
Bermuda,0.0,2023,December,0
Bhutan,1.0,2023,December,0
Bolivia,34.0,2023,December,5
"Botswana, Republic of",4.0,2023,December,0
Brazil,636.0,2023,December,415
Brunei,0.0,2023,December,0
Bulgaria,28.0,2023,December,5
Burkina-Faso,48.0,2023,December,25
Burundi,191.0,2023,December,125
Cambodia,32.0,2023,December,15
Cape Verde Islands,1.0,2023,December,0
Central African Republic,30.0,2023,December,0
"Chad, Republic of",44.0,2023,December,35
Chile,137.0,2023,December,90
Colombia,4771.0,2023,December,385
Comoros,6.0,2023,December,0
"Congo, Democratic Republic of the",710.0,2023,December,490
"Congo, People's Republic of the",41.0,2023,December,20
Costa Rica,33.0,2023,December,20
Croatia,19.0,2023,December,10
Cuba,188.0,2023,December,60
Cyprus,5.0,2023,December,0
Czech Republic,23.0,2023,December,20
Denmark,12.0,2023,December,10
Dominica,6.0,2023,December,5
Dominican Republic,147.0,2023,December,50
"East Timor, Democratic Republic of",0.0,2023,December,0
Ecuador,117.0,2023,December,80
Egypt,407.0,2023,December,185
El Salvador,104.0,2023,December,60
Eritrea,2068.0,2023,December,1420
Estonia,1.0,2023,December,0
Ethiopia,1143.0,2023,December,185
Fiji,21.0,2023,December,15
Finland,12.0,2023,December,10
France,771.0,2023,December,450
French Polynesia,0.0,2023,December,0
Gabon Republic,3.0,2023,December,0
Gambia,24.0,2023,December,10
Georgia,40.0,2023,December,35
Ghana,307.0,2023,December,160
Greece,30.0,2023,December,25
Grenada,14.0,2023,December,10
Guatemala,74.0,2023,December,35
Guinea-Bissau,0.0,2023,December,0
"Guinea, Republic of",127.0,2023,December,45
Guyana,70.0,2023,December,30
Haiti,3198.0,2023,December,250
Holy See,0.0,2023,December,0
Honduras,126.0,2023,December,50
Hungary,25.0,2023,December,20
Iceland,4.0,2023,December,0
India,17627.0,2023,December,9790
Iran,2254.0,2023,December,985
Iraq,271.0,2023,December,75
Israel,159.0,2023,December,90
Italy,110.0,2023,December,75
Jamaica,613.0,2023,December,380
Japan,74.0,2023,December,65
Jordan,141.0,2023,December,100
Kazakhstan,46.0,2023,December,40
Kenya,182.0,2023,December,80
Kiribati,0.0,2023,December,0
"Korea, People's Democratic Republic of",5.0,2023,December,0
"Korea, Republic of",564.0,2023,December,490
"Kosovo, Republic of",12.0,2023,December,10
Kuwait,5.0,2023,December,5
Kyrgyzstan,25.0,2023,December,15
Laos,3.0,2023,December,0
Latvia,12.0,2023,December,10
Lebanon,439.0,2023,December,355
Lesotho,0.0,2023,December,0
Liberia,20.0,2023,December,10
Libya,50.0,2023,December,30
Liechtenstein,0.0,2023,December,0
Lithuania,12.0,2023,December,10
Luxembourg,2.0,2023,December,0
Macedonia,10.0,2023,December,0
Madagascar,74.0,2023,December,15
Malawi,12.0,2023,December,10
Malaysia,59.0,2023,December,25
"Maldives, Republic of",0.0,2023,December,0
"Mali, Republic of",80.0,2023,December,30
Malta,0.0,2023,December,0
Mauritania,32.0,2023,December,0
Mauritius,128.0,2023,December,85
Mexico,957.0,2023,December,660
Moldova,54.0,2023,December,5
Monaco,0.0,2023,December,0
"Mongolia, People's Republic of",19.0,2023,December,15
"Montenegro, Republic of",1.0,2023,December,0
Morocco,619.0,2023,December,435
Mozambique,7.0,2023,December,0
Myanmar (Burma),50.0,2023,December,30
Namibia,6.0,2023,December,5
Nepal,286.0,2023,December,135
New Caledonia,0.0,2023,December,0
New Zealand,31.0,2023,December,20
Nicaragua,115.0,2023,December,15
Nigeria,2874.0,2023,December,1500
Norway,6.0,2023,December,0
Oman,9.0,2023,December,0
Pakistan,2118.0,2023,December,880
Palestinian Authority (Gaza/West Bank),113.0,2023,December,50
"Panama, Republic of",4.0,2023,December,0
Papua New Guinea,0.0,2023,December,0
Paraguay,12.0,2023,December,10
Peru,168.0,2023,December,80
Philippines,4412.0,2023,December,2570
Poland,71.0,2023,December,45
Portugal,116.0,2023,December,45
Qatar,2.0,2023,December,0
Reunion,0.0,2023,December,0
Romania,72.0,2023,December,25
Russia,353.0,2023,December,170
Rwanda,171.0,2023,December,115
San Marino,0.0,2023,December,0
Sao Tome and Principe,0.0,2023,December,0
Saudi Arabia,30.0,2023,December,15
Senegal,130.0,2023,December,55
"Serbia, Republic of",34.0,2023,December,30
Seychelles,0.0,2023,December,0
Sierra Leone,16.0,2023,December,5
Singapore,27.0,2023,December,25
Sint-Maarten,0.0,2023,December,0
Slovak Republic,12.0,2023,December,10
Slovenia,1.0,2023,December,0
"Somalia, Democratic Republic of",1237.0,2023,December,225
Spain,73.0,2023,December,45
Sri Lanka,509.0,2023,December,230
St. Kitts-Nevis,5.0,2023,December,0
St. Lucia,24.0,2023,December,15
St. Vincent and the Grenadines,27.0,2023,December,15
Stateless,213.0,2023,December,105
Surinam,3.0,2023,December,0
Swaziland,6.0,2023,December,5
Sweden,26.0,2023,December,25
Switzerland,15.0,2023,December,15
Syria,836.0,2023,December,495
Taiwan,136.0,2023,December,85
Thailand,62.0,2023,December,35
"Togo, Republic of",122.0,2023,December,65
Tonga,0.0,2023,December,0
"Trinidad and Tobago, Republic of",86.0,2023,December,45
Tunisia,533.0,2023,December,195
Turkey,766.0,2023,December,195
Turkmenistan,2.0,2023,December,0
Turks and Caicos Islands,0.0,2023,December,0
Uganda,160.0,2023,December,75
Ukraine,3337.0,2023,December,335
United Arab Emirates,4.0,2023,December,0
United Kingdom and Overseas Territories,510.0,2023,December,400
United States of America,1074.0,2023,December,815
Uruguay,11.0,2023,December,0
Uzbekistan,20.0,2023,December,15
Vanuatu,3.0,2023,December,0
Venezuela,1481.0,2023,December,115
Western Sahara,0.0,2023,December,0
Yemen,123.0,2023,December,55
Zambia,15.0,2023,December,10
Zimbabwe,115.0,2023,December,60
Afghanistan,2104.0,2024,January,1830
Albania,126.0,2024,January,110
Algeria,403.0,2024,January,400
Andorra,0.0,2024,January,0
Angola,50.0,2024,January,20
Antigua and Barbuda,22.0,2024,January,0
Argentina,63.0,2024,January,55
Armenia,14.0,2024,January,10
Australia,126.0,2024,January,110
Austria,17.0,2024,January,15
Azerbaijan,29.0,2024,January,25
"Bahama Islands, The",86.0,2024,January,75
Bahrain,6.0,2024,January,0
Bangladesh,575.0,2024,January,500
Barbados,40.0,2024,January,35
Belarus,36.0,2024,January,30
Belgium,39.0,2024,January,35
Belize,17.0,2024,January,15
Bermuda,0.0,2024,January,0
Bhutan,6.0,2024,January,5
Bolivia,23.0,2024,January,20
"Botswana, Republic of",7.0,2024,January,0
Brazil,931.0,2024,January,810
Brunei,2.0,2024,January,0
Bulgaria,9.0,2024,January,5
Burkina-Faso,46.0,2024,January,30
Burundi,106.0,2024,January,70
Cambodia,28.0,2024,January,25
Cape Verde Islands,0.0,2024,January,0
Central African Republic,24.0,2024,January,0
"Chad, Republic of",42.0,2024,January,30
Chile,121.0,2024,January,105
Colombia,583.0,2024,January,565
Comoros,3.0,2024,January,0
"Congo, Democratic Republic of the",350.0,2024,January,235
"Congo, People's Republic of the",38.0,2024,January,20
Costa Rica,34.0,2024,January,30
Croatia,23.0,2024,January,20
Cuba,116.0,2024,January,80
Cyprus,2.0,2024,January,0
Czech Republic,29.0,2024,January,25
Denmark,5.0,2024,January,5
Dominica,6.0,2024,January,5
Dominican Republic,89.0,2024,January,70
"East Timor, Democratic Republic of",0.0,2024,January,0
Ecuador,69.0,2024,January,60
Egypt,305.0,2024,January,265
El Salvador,80.0,2024,January,70
Eritrea,730.0,2024,January,635
Estonia,3.0,2024,January,0
Ethiopia,258.0,2024,January,195
Fiji,12.0,2024,January,10
Finland,12.0,2024,January,10
France,954.0,2024,January,830
French Polynesia,0.0,2024,January,0
Gabon Republic,17.0,2024,January,5
Gambia,23.0,2024,January,20
Georgia,46.0,2024,January,40
Ghana,234.0,2024,January,165
Greece,52.0,2024,January,45
Grenada,12.0,2024,January,10
Guatemala,32.0,2024,January,20
Guinea-Bissau,1.0,2024,January,0
"Guinea, Republic of",63.0,2024,January,60
Guyana,52.0,2024,January,45
Haiti,508.0,2024,January,265
Holy See,0.0,2024,January,0
Honduras,45.0,2024,January,45
Hungary,43.0,2024,January,35
Iceland,3.0,2024,January,0
India,18820.0,2024,January,16365
Iran,1495.0,2024,January,1300
Iraq,118.0,2024,January,100
Israel,115.0,2024,January,100
Italy,144.0,2024,January,125
Jamaica,522.0,2024,January,450
Japan,138.0,2024,January,120
Jordan,138.0,2024,January,120
Kazakhstan,55.0,2024,January,40
Kenya,174.0,2024,January,140
Kiribati,0.0,2024,January,0
"Korea, People's Democratic Republic of",0.0,2024,January,0
"Korea, Republic of",719.0,2024,January,625
"Kosovo, Republic of",18.0,2024,January,10
Kuwait,3.0,2024,January,0
Kyrgyzstan,17.0,2024,January,15
Laos,5.0,2024,January,0
Latvia,12.0,2024,January,10
Lebanon,285.0,2024,January,260
Lesotho,0.0,2024,January,0
Liberia,19.0,2024,January,15
Libya,36.0,2024,January,30
Liechtenstein,0.0,2024,January,0
Lithuania,17.0,2024,January,15
Luxembourg,1.0,2024,January,0
Macedonia,11.0,2024,January,0
Madagascar,71.0,2024,January,30
Malawi,6.0,2024,January,5
Malaysia,63.0,2024,January,55
"Maldives, Republic of",1.0,2024,January,0
"Mali, Republic of",57.0,2024,January,50
Malta,4.0,2024,January,0
Mauritania,16.0,2024,January,15
Mauritius,132.0,2024,January,115
Mexico,885.0,2024,January,770
Moldova,18.0,2024,January,5
Monaco,0.0,2024,January,0
"Mongolia, People's Republic of",25.0,2024,January,10
"Montenegro, Republic of",0.0,2024,January,0
Morocco,540.0,2024,January,470
Mozambique,2.0,2024,January,0
Myanmar (Burma),37.0,2024,January,30
Namibia,11.0,2024,January,10
Nepal,259.0,2024,January,225
New Caledonia,0.0,2024,January,0
New Zealand,40.0,2024,January,40
Nicaragua,40.0,2024,January,35
Nigeria,2553.0,2024,January,1705
Norway,9.0,2024,January,0
Oman,1.0,2024,January,0
Pakistan,1361.0,2024,January,895
Palestinian Authority (Gaza/West Bank),73.0,2024,January,65
"Panama, Republic of",6.0,2024,January,5
Papua New Guinea,0.0,2024,January,0
Paraguay,12.0,2024,January,10
Peru,132.0,2024,January,115
Philippines,5174.0,2024,January,3350
Poland,57.0,2024,January,50
Portugal,132.0,2024,January,115
Qatar,4.0,2024,January,0
Reunion,0.0,2024,January,0
Romania,46.0,2024,January,40
Russia,310.0,2024,January,270
Rwanda,150.0,2024,January,130
San Marino,0.0,2024,January,0
Sao Tome and Principe,0.0,2024,January,0
Saudi Arabia,29.0,2024,January,25
Senegal,85.0,2024,January,50
"Serbia, Republic of",29.0,2024,January,25
Seychelles,0.0,2024,January,0
Sierra Leone,21.0,2024,January,5
Singapore,14.0,2024,January,10
Sint-Maarten,0.0,2024,January,0
Slovak Republic,21.0,2024,January,5
Slovenia,4.0,2024,January,0
"Somalia, Democratic Republic of",194.0,2024,January,155
Spain,80.0,2024,January,70
Sri Lanka,403.0,2024,January,295
St. Kitts-Nevis,3.0,2024,January,0
St. Lucia,20.0,2024,January,15
St. Vincent and the Grenadines,29.0,2024,January,25
Stateless,121.0,2024,January,35
Surinam,0.0,2024,January,0
Swaziland,0.0,2024,January,0
Sweden,29.0,2024,January,25
Switzerland,16.0,2024,January,10
Syria,674.0,2024,January,270
Taiwan,139.0,2024,January,120
Thailand,82.0,2024,January,50
"Togo, Republic of",62.0,2024,January,60
Tonga,0.0,2024,January,0
"Trinidad and Tobago, Republic of",46.0,2024,January,40
Tunisia,460.0,2024,January,285
Turkey,792.0,2024,January,285
Turkmenistan,2.0,2024,January,0
Turks and Caicos Islands,1.0,2024,January,0
Uganda,140.0,2024,January,75
Ukraine,1704.0,2024,January,520
United Arab Emirates,0.0,2024,January,0
United Kingdom and Overseas Territories,627.0,2024,January,545
United States of America,1248.0,2024,January,1085
Uruguay,17.0,2024,January,15
Uzbekistan,29.0,2024,January,25
Vanuatu,2.0,2024,January,0
Venezuela,167.0,2024,January,145
Western Sahara,0.0,2024,January,0
Yemen,112.0,2024,January,70
Zambia,12.0,2024,January,10
Zimbabwe,79.0,2024,January,50
Afghanistan,2007.0,2024,February,1745
Albania,62.0,2024,February,60
Algeria,627.0,2024,February,395
Andorra,0.0,2024,February,0
Angola,24.0,2024,February,20
Antigua and Barbuda,12.0,2024,February,10
Argentina,46.0,2024,February,40
Armenia,23.0,2024,February,20
Australia,103.0,2024,February,90
Austria,21.0,2024,February,5
Azerbaijan,17.0,2024,February,15
"Bahama Islands, The",42.0,2024,February,25
Bahrain,7.0,2024,February,0
Bangladesh,448.0,2024,February,390
Barbados,41.0,2024,February,25
Belarus,36.0,2024,February,20
Belgium,34.0,2024,February,30
Belize,2.0,2024,February,0
Bermuda,0.0,2024,February,0
Bhutan,1.0,2024,February,0
Bolivia,15.0,2024,February,10
"Botswana, Republic of",7.0,2024,February,0
Brazil,597.0,2024,February,560
Brunei,0.0,2024,February,0
Bulgaria,13.0,2024,February,10
Burkina-Faso,77.0,2024,February,20
Burundi,144.0,2024,February,125
Cambodia,20.0,2024,February,10
Cape Verde Islands,0.0,2024,February,0
Central African Republic,29.0,2024,February,15
"Chad, Republic of",63.0,2024,February,55
Chile,131.0,2024,February,75
Colombia,646.0,2024,February,385
Comoros,2.0,2024,February,0
"Congo, Democratic Republic of the",447.0,2024,February,380
"Congo, People's Republic of the",28.0,2024,February,15
Costa Rica,20.0,2024,February,10
Croatia,12.0,2024,February,10
Cuba,99.0,2024,February,60
Cyprus,1.0,2024,February,0
Czech Republic,17.0,2024,February,15
Denmark,7.0,2024,February,5
Dominica,6.0,2024,February,5
Dominican Republic,96.0,2024,February,50
"East Timor, Democratic Republic of",0.0,2024,February,0
Ecuador,80.0,2024,February,70
Egypt,288.0,2024,February,250
El Salvador,46.0,2024,February,45
Eritrea,1035.0,2024,February,900
Estonia,2.0,2024,February,0
Ethiopia,313.0,2024,February,230
Fiji,8.0,2024,February,5
Finland,12.0,2024,February,5
France,831.0,2024,February,705
French Polynesia,0.0,2024,February,0
Gabon Republic,21.0,2024,February,10
Gambia,19.0,2024,February,5
Georgia,30.0,2024,February,25
Ghana,152.0,2024,February,130
Greece,29.0,2024,February,25
Grenada,17.0,2024,February,5
Guatemala,47.0,2024,February,30
Guinea-Bissau,1.0,2024,February,0
"Guinea, Republic of",81.0,2024,February,30
Guyana,34.0,2024,February,30
Haiti,518.0,2024,February,255
Holy See,0.0,2024,February,0
Honduras,43.0,2024,February,35
Hungary,20.0,2024,February,10
Iceland,2.0,2024,February,0
India,12851.0,2024,February,11175
Iran,1058.0,2024,February,1020
Iraq,241.0,2024,February,210
Israel,84.0,2024,February,45
Italy,109.0,2024,February,95
Jamaica,521.0,2024,February,310
Japan,92.0,2024,February,85
Jordan,155.0,2024,February,85
Kazakhstan,37.0,2024,February,25
Kenya,148.0,2024,February,85
Kiribati,0.0,2024,February,0
"Korea, People's Democratic Republic of",0.0,2024,February,0
"Korea, Republic of",500.0,2024,February,435
"Kosovo, Republic of",11.0,2024,February,0
Kuwait,5.0,2024,February,0
Kyrgyzstan,5.0,2024,February,5
Laos,6.0,2024,February,0
Latvia,6.0,2024,February,5
Lebanon,329.0,2024,February,305
Lesotho,0.0,2024,February,0
Liberia,29.0,2024,February,10
Libya,29.0,2024,February,25
Liechtenstein,0.0,2024,February,0
Lithuania,5.0,2024,February,5
Luxembourg,0.0,2024,February,0
Macedonia,6.0,2024,February,5
Madagascar,52.0,2024,February,45
Malawi,6.0,2024,February,5
Malaysia,40.0,2024,February,35
"Maldives, Republic of",0.0,2024,February,0
"Mali, Republic of",40.0,2024,February,35
Malta,0.0,2024,February,0
Mauritania,21.0,2024,February,10
Mauritius,133.0,2024,February,100
Mexico,918.0,2024,February,595
Moldova,5.0,2024,February,5
Monaco,0.0,2024,February,0
"Mongolia, People's Republic of",11.0,2024,February,10
"Montenegro, Republic of",0.0,2024,February,0
Morocco,666.0,2024,February,525
Mozambique,0.0,2024,February,0
Myanmar (Burma),43.0,2024,February,15
Namibia,10.0,2024,February,0
Nepal,164.0,2024,February,150
New Caledonia,2.0,2024,February,0
New Zealand,46.0,2024,February,40
Nicaragua,54.0,2024,February,30
Nigeria,2164.0,2024,February,1510
Norway,5.0,2024,February,0
Oman,4.0,2024,February,0
Pakistan,1180.0,2024,February,945
Palestinian Authority (Gaza/West Bank),80.0,2024,February,70
"Panama, Republic of",15.0,2024,February,10
Papua New Guinea,0.0,2024,February,0
Paraguay,16.0,2024,February,0
Peru,129.0,2024,February,70
Philippines,2935.0,2024,February,2480
Poland,63.0,2024,February,55
Portugal,50.0,2024,February,45
Qatar,0.0,2024,February,0
Reunion,0.0,2024,February,0
Romania,40.0,2024,February,35
Russia,209.0,2024,February,160
Rwanda,188.0,2024,February,105
San Marino,0.0,2024,February,0
Sao Tome and Principe,0.0,2024,February,0
Saudi Arabia,29.0,2024,February,25
Senegal,129.0,2024,February,80
"Serbia, Republic of",17.0,2024,February,15
Seychelles,0.0,2024,February,0
Sierra Leone,13.0,2024,February,10
Singapore,40.0,2024,February,35
Sint-Maarten,0.0,2024,February,0
Slovak Republic,9.0,2024,February,5
Slovenia,2.0,2024,February,0
"Somalia, Democratic Republic of",523.0,2024,February,455
Spain,55.0,2024,February,50
Sri Lanka,353.0,2024,February,230
St. Kitts-Nevis,6.0,2024,February,0
St. Lucia,17.0,2024,February,10
St. Vincent and the Grenadines,29.0,2024,February,15
Stateless,241.0,2024,February,210
Surinam,0.0,2024,February,0
Swaziland,0.0,2024,February,0
Sweden,19.0,2024,February,15
Switzerland,12.0,2024,February,10
Syria,753.0,2024,February,655
Taiwan,121.0,2024,February,105
Thailand,53.0,2024,February,50
"Togo, Republic of",126.0,2024,February,70
Tonga,0.0,2024,February,0
"Trinidad and Tobago, Republic of",61.0,2024,February,50
Tunisia,438.0,2024,February,320
Turkey,742.0,2024,February,215
Turkmenistan,5.0,2024,February,0
Turks and Caicos Islands,0.0,2024,February,0
Uganda,145.0,2024,February,70
Ukraine,1127.0,2024,February,580
United Arab Emirates,5.0,2024,February,0
United Kingdom and Overseas Territories,352.0,2024,February,285
United States of America,964.0,2024,February,735
Uruguay,6.0,2024,February,0
Uzbekistan,29.0,2024,February,10
Vanuatu,0.0,2024,February,0
Venezuela,135.0,2024,February,135
Western Sahara,0.0,2024,February,0
Yemen,111.0,2024,February,50
Zambia,12.0,2024,February,10
Zimbabwe,123.0,2024,February,35
Afghanistan,1673.0,2024,March,1455
Albania,61.0,2024,March,55
Algeria,1716.0,2024,March,385
Andorra,0.0,2024,March,0
Angola,42.0,2024,March,15
Antigua and Barbuda,13.0,2024,March,5
Argentina,40.0,2024,March,35
Armenia,26.0,2024,March,25
Australia,104.0,2024,March,80
Austria,5.0,2024,March,0
Azerbaijan,19.0,2024,March,10
"Bahama Islands, The",36.0,2024,March,35
Bahrain,0.0,2024,March,0
Bangladesh,400.0,2024,March,280
Barbados,30.0,2024,March,15
Belarus,35.0,2024,March,20
Belgium,76.0,2024,March,35
Belize,2.0,2024,March,0
Bermuda,0.0,2024,March,0
Bhutan,7.0,2024,March,0
Bolivia,31.0,2024,March,10
"Botswana, Republic of",0.0,2024,March,0
Brazil,539.0,2024,March,460
Brunei,0.0,2024,March,0
Bulgaria,17.0,2024,March,15
Burkina-Faso,71.0,2024,March,30
Burundi,202.0,2024,March,115
Cambodia,33.0,2024,March,10
Cape Verde Islands,6.0,2024,March,0
Central African Republic,23.0,2024,March,20
"Chad, Republic of",58.0,2024,March,40
Chile,116.0,2024,March,80
Colombia,739.0,2024,March,400
Comoros,1.0,2024,March,0
"Congo, Democratic Republic of the",508.0,2024,March,200
"Congo, People's Republic of the",58.0,2024,March,15
Costa Rica,27.0,2024,March,15
Croatia,8.0,2024,March,5
Cuba,116.0,2024,March,60
Cyprus,4.0,2024,March,0
Czech Republic,23.0,2024,March,10
Denmark,8.0,2024,March,0
Dominica,7.0,2024,March,0
Dominican Republic,136.0,2024,March,55
"East Timor, Democratic Republic of",0.0,2024,March,0
Ecuador,80.0,2024,March,55
Egypt,288.0,2024,March,195
El Salvador,52.0,2024,March,45
Eritrea,934.0,2024,March,825
Estonia,0.0,2024,March,0
Ethiopia,369.0,2024,March,255
Fiji,12.0,2024,March,10
Finland,11.0,2024,March,0
France,1072.0,2024,March,545
French Polynesia,0.0,2024,March,0
Gabon Republic,35.0,2024,March,10
Gambia,17.0,2024,March,15
Georgia,34.0,2024,March,30
Ghana,222.0,2024,March,105
Greece,28.0,2024,March,25
Grenada,7.0,2024,March,0
Guatemala,56.0,2024,March,25
Guinea-Bissau,1.0,2024,March,0
"Guinea, Republic of",86.0,2024,March,50
Guyana,38.0,2024,March,35
Haiti,619.0,2024,March,180
Holy See,0.0,2024,March,0
Honduras,72.0,2024,March,20
Hungary,33.0,2024,March,30
Iceland,1.0,2024,March,0
India,11943.0,2024,March,10385
Iran,1438.0,2024,March,1250
Iraq,190.0,2024,March,165
Israel,57.0,2024,March,50
Italy,81.0,2024,March,65
Jamaica,483.0,2024,March,290
Japan,75.0,2024,March,60
Jordan,103.0,2024,March,70
Kazakhstan,52.0,2024,March,45
Kenya,158.0,2024,March,65
Kiribati,0.0,2024,March,0
"Korea, People's Democratic Republic of",0.0,2024,March,0
"Korea, Republic of",347.0,2024,March,280
"Kosovo, Republic of",11.0,2024,March,10
Kuwait,6.0,2024,March,5
Kyrgyzstan,10.0,2024,March,5
Laos,2.0,2024,March,0
Latvia,5.0,2024,March,0
Lebanon,371.0,2024,March,290
Lesotho,0.0,2024,March,0
Liberia,23.0,2024,March,20
Libya,51.0,2024,March,15
Liechtenstein,0.0,2024,March,0
Lithuania,4.0,2024,March,0
Luxembourg,0.0,2024,March,0
Macedonia,8.0,2024,March,0
Madagascar,102.0,2024,March,45
Malawi,5.0,2024,March,0
Malaysia,28.0,2024,March,25
"Maldives, Republic of",3.0,2024,March,0
"Mali, Republic of",73.0,2024,March,25
Malta,0.0,2024,March,0
Mauritania,23.0,2024,March,5
Mauritius,370.0,2024,March,125
Mexico,1032.0,2024,March,480
Moldova,15.0,2024,March,10
Monaco,1.0,2024,March,0
"Mongolia, People's Republic of",10.0,2024,March,5
"Montenegro, Republic of",5.0,2024,March,0
Morocco,1373.0,2024,March,405
Mozambique,2.0,2024,March,0
Myanmar (Burma),92.0,2024,March,15
Namibia,6.0,2024,March,5
Nepal,182.0,2024,March,160
New Caledonia,0.0,2024,March,0
New Zealand,45.0,2024,March,15
Nicaragua,55.0,2024,March,40
Nigeria,2426.0,2024,March,1480
Norway,11.0,2024,March,5
Oman,2.0,2024,March,0
Pakistan,1226.0,2024,March,800
Palestinian Authority (Gaza/West Bank),73.0,2024,March,45
"Panama, Republic of",12.0,2024,March,0
Papua New Guinea,1.0,2024,March,0
Paraguay,5.0,2024,March,0
Peru,90.0,2024,March,75
Philippines,3234.0,2024,March,2165
Poland,48.0,2024,March,25
Portugal,63.0,2024,March,55
Qatar,0.0,2024,March,0
Reunion,0.0,2024,March,0
Romania,23.0,2024,March,20
Russia,231.0,2024,March,120
Rwanda,199.0,2024,March,85
San Marino,0.0,2024,March,0
Sao Tome and Principe,0.0,2024,March,0
Saudi Arabia,22.0,2024,March,10
Senegal,179.0,2024,March,80
"Serbia, Republic of",35.0,2024,March,10
Seychelles,0.0,2024,March,0
Sierra Leone,9.0,2024,March,5
Singapore,29.0,2024,March,25
Sint-Maarten,0.0,2024,March,0
Slovak Republic,27.0,2024,March,15
Slovenia,1.0,2024,March,0
"Somalia, Democratic Republic of",259.0,2024,March,225
Spain,53.0,2024,March,40
Sri Lanka,391.0,2024,March,270
St. Kitts-Nevis,11.0,2024,March,0
St. Lucia,23.0,2024,March,10
St. Vincent and the Grenadines,28.0,2024,March,15
Stateless,383.0,2024,March,70
Surinam,4.0,2024,March,0
Swaziland,2.0,2024,March,0
Sweden,18.0,2024,March,5
Switzerland,25.0,2024,March,10
Syria,759.0,2024,March,660
Taiwan,108.0,2024,March,90
Thailand,81.0,2024,March,55
"Togo, Republic of",251.0,2024,March,75
Tonga,0.0,2024,March,0
"Trinidad and Tobago, Republic of",52.0,2024,March,45
Tunisia,794.0,2024,March,360
Turkey,761.0,2024,March,180
Turkmenistan,6.0,2024,March,0
Turks and Caicos Islands,0.0,2024,March,0
Uganda,195.0,2024,March,120
Ukraine,1399.0,2024,March,435
United Arab Emirates,1.0,2024,March,0
United Kingdom and Overseas Territories,427.0,2024,March,325
United States of America,885.0,2024,March,665
Uruguay,7.0,2024,March,5
Uzbekistan,21.0,2024,March,10
Vanuatu,0.0,2024,March,0
Venezuela,190.0,2024,March,165
Western Sahara,0.0,2024,March,0
Yemen,77.0,2024,March,50
Zambia,18.0,2024,March,0
Zimbabwe,89.0,2024,March,40
Afghanistan,1058.0,2024,April,775
Albania,53.0,2024,April,50
Algeria,1200.0,2024,April,765
Andorra,0.0,2024,April,0
Angola,41.0,2024,April,10
Antigua and Barbuda,5.0,2024,April,0
Argentina,58.0,2024,April,35
Armenia,17.0,2024,April,15
Australia,90.0,2024,April,90
Austria,8.0,2024,April,0
Azerbaijan,30.0,2024,April,15
"Bahama Islands, The",65.0,2024,April,25
Bahrain,0.0,2024,April,0
Bangladesh,529.0,2024,April,460
Barbados,37.0,2024,April,20
Belarus,52.0,2024,April,45
Belgium,58.0,2024,April,30
Belize,3.0,2024,April,0
Bermuda,0.0,2024,April,0
Bhutan,3.0,2024,April,0
Bolivia,34.0,2024,April,30
"Botswana, Republic of",3.0,2024,April,0
Brazil,776.0,2024,April,675
Brunei,1.0,2024,April,0
Bulgaria,12.0,2024,April,10
Burkina-Faso,78.0,2024,April,35
Burundi,208.0,2024,April,120
Cambodia,18.0,2024,April,10
Cape Verde Islands,1.0,2024,April,0
Central African Republic,34.0,2024,April,5
"Chad, Republic of",71.0,2024,April,15
Chile,149.0,2024,April,70
Colombia,737.0,2024,April,495
Comoros,1.0,2024,April,0
"Congo, Democratic Republic of the",377.0,2024,April,200
"Congo, People's Republic of the",40.0,2024,April,10
Costa Rica,38.0,2024,April,15
Croatia,12.0,2024,April,10
Cuba,189.0,2024,April,75
Cyprus,0.0,2024,April,0
Czech Republic,22.0,2024,April,5
Denmark,6.0,2024,April,0
Dominica,6.0,2024,April,5
Dominican Republic,108.0,2024,April,65
"East Timor, Democratic Republic of",1.0,2024,April,0
Ecuador,73.0,2024,April,70
Egypt,253.0,2024,April,220
El Salvador,51.0,2024,April,40
Eritrea,705.0,2024,April,465
Estonia,3.0,2024,April,0
Ethiopia,420.0,2024,April,260
Fiji,10.0,2024,April,5
Finland,12.0,2024,April,10
France,1081.0,2024,April,940
French Polynesia,0.0,2024,April,0
Gabon Republic,22.0,2024,April,10
Gambia,21.0,2024,April,5
Georgia,31.0,2024,April,20
Ghana,295.0,2024,April,115
Greece,27.0,2024,April,25
Grenada,17.0,2024,April,5
Guatemala,52.0,2024,April,25
Guinea-Bissau,1.0,2024,April,0
"Guinea, Republic of",107.0,2024,April,35
Guyana,39.0,2024,April,30
Haiti,719.0,2024,April,275
Holy See,0.0,2024,April,0
Honduras,68.0,2024,April,50
Hungary,52.0,2024,April,45
Iceland,0.0,2024,April,0
India,15582.0,2024,April,13550
Iran,1313.0,2024,April,1025
Iraq,236.0,2024,April,205
Israel,115.0,2024,April,100
Italy,75.0,2024,April,65
Jamaica,511.0,2024,April,290
Japan,99.0,2024,April,95
Jordan,124.0,2024,April,110
Kazakhstan,52.0,2024,April,35
Kenya,209.0,2024,April,105
Kiribati,0.0,2024,April,0
"Korea, People's Democratic Republic of",0.0,2024,April,0
"Korea, Republic of",483.0,2024,April,420
"Kosovo, Republic of",33.0,2024,April,15
Kuwait,10.0,2024,April,0
Kyrgyzstan,6.0,2024,April,5
Laos,3.0,2024,April,0
Latvia,8.0,2024,April,0
Lebanon,425.0,2024,April,370
Lesotho,3.0,2024,April,0
Liberia,15.0,2024,April,5
Libya,28.0,2024,April,20
Liechtenstein,0.0,2024,April,0
Lithuania,6.0,2024,April,5
Luxembourg,2.0,2024,April,0
Macedonia,12.0,2024,April,10
Madagascar,63.0,2024,April,55
Malawi,6.0,2024,April,0
Malaysia,27.0,2024,April,25
"Maldives, Republic of",0.0,2024,April,0
"Mali, Republic of",67.0,2024,April,35
Malta,0.0,2024,April,0
Mauritania,42.0,2024,April,10
Mauritius,253.0,2024,April,220
Mexico,1018.0,2024,April,540
Moldova,14.0,2024,April,10
Monaco,0.0,2024,April,0
"Mongolia, People's Republic of",20.0,2024,April,10
"Montenegro, Republic of",9.0,2024,April,5
Morocco,863.0,2024,April,730
Mozambique,6.0,2024,April,5
Myanmar (Burma),38.0,2024,April,30
Namibia,11.0,2024,April,5
Nepal,231.0,2024,April,215
New Caledonia,0.0,2024,April,0
New Zealand,47.0,2024,April,40
Nicaragua,82.0,2024,April,25
Nigeria,2510.0,2024,April,1910
Norway,11.0,2024,April,0
Oman,1.0,2024,April,0
Pakistan,1457.0,2024,April,925
Palestinian Authority (Gaza/West Bank),72.0,2024,April,35
"Panama, Republic of",17.0,2024,April,15
Papua New Guinea,0.0,2024,April,0
Paraguay,6.0,2024,April,5
Peru,89.0,2024,April,85
Philippines,4138.0,2024,April,3140
Poland,46.0,2024,April,40
Portugal,71.0,2024,April,45
Qatar,1.0,2024,April,0
Reunion,0.0,2024,April,0
Romania,34.0,2024,April,30
Russia,210.0,2024,April,190
Rwanda,185.0,2024,April,110
San Marino,0.0,2024,April,0
Sao Tome and Principe,0.0,2024,April,0
Saudi Arabia,23.0,2024,April,20
Senegal,166.0,2024,April,85
"Serbia, Republic of",28.0,2024,April,25
Seychelles,1.0,2024,April,0
Sierra Leone,13.0,2024,April,10
Singapore,21.0,2024,April,20
Sint-Maarten,0.0,2024,April,0
Slovak Republic,17.0,2024,April,15
Slovenia,6.0,2024,April,0
"Somalia, Democratic Republic of",385.0,2024,April,335
Spain,61.0,2024,April,50
Sri Lanka,460.0,2024,April,400
St. Kitts-Nevis,11.0,2024,April,0
St. Lucia,15.0,2024,April,15
St. Vincent and the Grenadines,22.0,2024,April,10
Stateless,135.0,2024,April,55
Surinam,0.0,2024,April,0
Swaziland,1.0,2024,April,0
Sweden,31.0,2024,April,15
Switzerland,19.0,2024,April,15
Syria,788.0,2024,April,685
Taiwan,155.0,2024,April,135
Thailand,75.0,2024,April,65
"Togo, Republic of",219.0,2024,April,65
Tonga,0.0,2024,April,0
"Trinidad and Tobago, Republic of",65.0,2024,April,35
Tunisia,610.0,2024,April,530
Turkey,794.0,2024,April,190
Turkmenistan,4.0,2024,April,0
Turks and Caicos Islands,0.0,2024,April,0
Uganda,244.0,2024,April,65
Ukraine,2081.0,2024,April,900
United Arab Emirates,1.0,2024,April,0
United Kingdom and Overseas Territories,434.0,2024,April,340
United States of America,905.0,2024,April,785
Uruguay,5.0,2024,April,5
Uzbekistan,27.0,2024,April,15
Vanuatu,0.0,2024,April,0
Venezuela,293.0,2024,April,255
Western Sahara,1.0,2024,April,0
Yemen,77.0,2024,April,50
Zambia,9.0,2024,April,0
Zimbabwe,112.0,2024,April,55
Afghanistan,1438.0,2024,May,1250
Albania,70.0,2024,May,60
Algeria,920.0,2024,May,800
Andorra,0.0,2024,May,0
Angola,40.0,2024,May,30
Antigua and Barbuda,11.0,2024,May,5
Argentina,54.0,2024,May,35
Armenia,23.0,2024,May,5
Australia,109.0,2024,May,95
Austria,10.0,2024,May,10
Azerbaijan,21.0,2024,May,20
"Bahama Islands, The",49.0,2024,May,30
Bahrain,6.0,2024,May,5
Bangladesh,558.0,2024,May,485
Barbados,32.0,2024,May,25
Belarus,34.0,2024,May,25
Belgium,46.0,2024,May,40
Belize,12.0,2024,May,10
Bermuda,0.0,2024,May,0
Bhutan,5.0,2024,May,0
Bolivia,20.0,2024,May,10
"Botswana, Republic of",2.0,2024,May,0
Brazil,589.0,2024,May,550
Brunei,2.0,2024,May,0
Bulgaria,9.0,2024,May,0
Burkina-Faso,61.0,2024,May,50
Burundi,115.0,2024,May,115
Cambodia,18.0,2024,May,15
Cape Verde Islands,0.0,2024,May,0
Central African Republic,50.0,2024,May,10
"Chad, Republic of",46.0,2024,May,35
Chile,138.0,2024,May,85
Colombia,828.0,2024,May,720
Comoros,0.0,2024,May,0
"Congo, Democratic Republic of the",494.0,2024,May,430
"Congo, People's Republic of the",43.0,2024,May,15
Costa Rica,22.0,2024,May,10
Croatia,17.0,2024,May,15
Cuba,128.0,2024,May,75
Cyprus,0.0,2024,May,0
Czech Republic,29.0,2024,May,25
Denmark,12.0,2024,May,10
Dominica,2.0,2024,May,0
Dominican Republic,100.0,2024,May,70
"East Timor, Democratic Republic of",0.0,2024,May,0
Ecuador,66.0,2024,May,50
Egypt,276.0,2024,May,240
El Salvador,44.0,2024,May,40
Eritrea,1162.0,2024,May,1010
Estonia,1.0,2024,May,0
Ethiopia,361.0,2024,May,320
Fiji,6.0,2024,May,5
Finland,22.0,2024,May,0
France,1173.0,2024,May,1020
French Polynesia,0.0,2024,May,0
Gabon Republic,23.0,2024,May,20
Gambia,22.0,2024,May,5
Georgia,41.0,2024,May,30
Ghana,214.0,2024,May,150
Greece,21.0,2024,May,10
Grenada,25.0,2024,May,10
Guatemala,60.0,2024,May,25
Guinea-Bissau,0.0,2024,May,0
"Guinea, Republic of",75.0,2024,May,65
Guyana,30.0,2024,May,25
Haiti,610.0,2024,May,295
Holy See,0.0,2024,May,0
Honduras,46.0,2024,May,40
Hungary,57.0,2024,May,50
Iceland,0.0,2024,May,0
India,15370.0,2024,May,13365
Iran,1472.0,2024,May,1280
Iraq,356.0,2024,May,310
Israel,98.0,2024,May,85
Italy,84.0,2024,May,75
Jamaica,359.0,2024,May,255
Japan,80.0,2024,May,70
Jordan,148.0,2024,May,105
Kazakhstan,40.0,2024,May,35
Kenya,247.0,2024,May,120
Kiribati,0.0,2024,May,0
"Korea, People's Democratic Republic of",0.0,2024,May,0
"Korea, Republic of",564.0,2024,May,490
"Kosovo, Republic of",11.0,2024,May,10
Kuwait,6.0,2024,May,5
Kyrgyzstan,17.0,2024,May,15
Laos,4.0,2024,May,0
Latvia,6.0,2024,May,5
Lebanon,425.0,2024,May,370
Lesotho,1.0,2024,May,0
Liberia,23.0,2024,May,5
Libya,30.0,2024,May,20
Liechtenstein,0.0,2024,May,0
Lithuania,12.0,2024,May,10
Luxembourg,2.0,2024,May,0
Macedonia,12.0,2024,May,10
Madagascar,86.0,2024,May,75
Malawi,7.0,2024,May,5
Malaysia,36.0,2024,May,35
"Maldives, Republic of",0.0,2024,May,0
"Mali, Republic of",69.0,2024,May,60
Malta,0.0,2024,May,0
Mauritania,23.0,2024,May,10
Mauritius,195.0,2024,May,170
Mexico,1026.0,2024,May,705
Moldova,13.0,2024,May,10
Monaco,0.0,2024,May,0
"Mongolia, People's Republic of",23.0,2024,May,20
"Montenegro, Republic of",0.0,2024,May,0
Morocco,770.0,2024,May,670
Mozambique,0.0,2024,May,0
Myanmar (Burma),57.0,2024,May,50
Namibia,9.0,2024,May,0
Nepal,230.0,2024,May,205
New Caledonia,0.0,2024,May,0
New Zealand,63.0,2024,May,55
Nicaragua,43.0,2024,May,25
Nigeria,2346.0,2024,May,2040
Norway,12.0,2024,May,10
Oman,3.0,2024,May,0
Pakistan,1275.0,2024,May,950
Palestinian Authority (Gaza/West Bank),101.0,2024,May,70
"Panama, Republic of",7.0,2024,May,5
Papua New Guinea,0.0,2024,May,0
Paraguay,6.0,2024,May,5
Peru,121.0,2024,May,105
Philippines,3737.0,2024,May,3250
Poland,45.0,2024,May,40
Portugal,106.0,2024,May,75
Qatar,0.0,2024,May,0
Reunion,0.0,2024,May,0
Romania,52.0,2024,May,45
Russia,207.0,2024,May,180
Rwanda,138.0,2024,May,130
San Marino,0.0,2024,May,0
Sao Tome and Principe,0.0,2024,May,0
Saudi Arabia,17.0,2024,May,15
Senegal,126.0,2024,May,110
"Serbia, Republic of",18.0,2024,May,15
Seychelles,0.0,2024,May,0
Sierra Leone,15.0,2024,May,10
Singapore,35.0,2024,May,30
Sint-Maarten,0.0,2024,May,0
Slovak Republic,23.0,2024,May,10
Slovenia,1.0,2024,May,0
"Somalia, Democratic Republic of",684.0,2024,May,595
Spain,69.0,2024,May,60
Sri Lanka,379.0,2024,May,330
St. Kitts-Nevis,12.0,2024,May,10
St. Lucia,23.0,2024,May,20
St. Vincent and the Grenadines,23.0,2024,May,20
Stateless,230.0,2024,May,200
Surinam,0.0,2024,May,0
Swaziland,2.0,2024,May,0
Sweden,23.0,2024,May,15
Switzerland,19.0,2024,May,15
Syria,1081.0,2024,May,940
Taiwan,132.0,2024,May,115
Thailand,67.0,2024,May,50
"Togo, Republic of",107.0,2024,May,85
Tonga,0.0,2024,May,0
"Trinidad and Tobago, Republic of",43.0,2024,May,30
Tunisia,575.0,2024,May,500
Turkey,681.0,2024,May,200
Turkmenistan,6.0,2024,May,5
Turks and Caicos Islands,0.0,2024,May,0
Uganda,188.0,2024,May,105
Ukraine,1687.0,2024,May,760
United Arab Emirates,6.0,2024,May,0
United Kingdom and Overseas Territories,443.0,2024,May,385
United States of America,1058.0,2024,May,920
Uruguay,7.0,2024,May,0
Uzbekistan,39.0,2024,May,10
Vanuatu,0.0,2024,May,0
Venezuela,397.0,2024,May,345
Western Sahara,0.0,2024,May,0
Yemen,71.0,2024,May,55
Zambia,17.0,2024,May,15
Zimbabwe,97.0,2024,May,90
Afghanistan,1092.0,2024,June,950
Albania,70.0,2024,June,45
Algeria,1133.0,2024,June,985
Andorra,0.0,2024,June,0
Angola,32.0,2024,June,25
Antigua and Barbuda,10.0,2024,June,5
Argentina,56.0,2024,June,45
Armenia,23.0,2024,June,20
Australia,109.0,2024,June,95
Austria,23.0,2024,June,20
Azerbaijan,23.0,2024,June,15
"Bahama Islands, The",35.0,2024,June,25
Bahrain,0.0,2024,June,0
Bangladesh,441.0,2024,June,420
Barbados,20.0,2024,June,10
Belarus,30.0,2024,June,30
Belgium,44.0,2024,June,35
Belize,7.0,2024,June,5
Bermuda,0.0,2024,June,0
Bhutan,6.0,2024,June,0
Bolivia,29.0,2024,June,25
"Botswana, Republic of",7.0,2024,June,0
Brazil,760.0,2024,June,475
Brunei,0.0,2024,June,0
Bulgaria,17.0,2024,June,15
Burkina-Faso,55.0,2024,June,30
Burundi,140.0,2024,June,130
Cambodia,27.0,2024,June,10
Cape Verde Islands,0.0,2024,June,0
Central African Republic,80.0,2024,June,70
"Chad, Republic of",49.0,2024,June,10
Chile,122.0,2024,June,85
Colombia,954.0,2024,June,830
Comoros,0.0,2024,June,0
"Congo, Democratic Republic of the",479.0,2024,June,405
"Congo, People's Republic of the",40.0,2024,June,15
Costa Rica,29.0,2024,June,25
Croatia,7.0,2024,June,5
Cuba,155.0,2024,June,70
Cyprus,4.0,2024,June,0
Czech Republic,15.0,2024,June,15
Denmark,5.0,2024,June,5
Dominica,12.0,2024,June,10
Dominican Republic,86.0,2024,June,60
"East Timor, Democratic Republic of",0.0,2024,June,0
Ecuador,80.0,2024,June,70
Egypt,351.0,2024,June,305
El Salvador,76.0,2024,June,35
Eritrea,2484.0,2024,June,2160
Estonia,0.0,2024,June,0
Ethiopia,344.0,2024,June,310
Fiji,12.0,2024,June,10
Finland,3.0,2024,June,0
France,1110.0,2024,June,965
French Polynesia,0.0,2024,June,0
Gabon Republic,13.0,2024,June,10
Gambia,17.0,2024,June,15
Georgia,29.0,2024,June,15
Ghana,226.0,2024,June,145
Greece,32.0,2024,June,15
Grenada,12.0,2024,June,10
Guatemala,43.0,2024,June,25
Guinea-Bissau,1.0,2024,June,0
"Guinea, Republic of",110.0,2024,June,55
Guyana,30.0,2024,June,30
Haiti,550.0,2024,June,330
Holy See,1.0,2024,June,0
Honduras,49.0,2024,June,35
Hungary,32.0,2024,June,20
Iceland,2.0,2024,June,0
India,13815.0,2024,June,10580
Iran,1076.0,2024,June,965
Iraq,161.0,2024,June,140
Israel,96.0,2024,June,60
Italy,104.0,2024,June,65
Jamaica,460.0,2024,June,305
Japan,103.0,2024,June,90
Jordan,143.0,2024,June,130
Kazakhstan,52.0,2024,June,45
Kenya,269.0,2024,June,100
Kiribati,0.0,2024,June,0
"Korea, People's Democratic Republic of",0.0,2024,June,0
"Korea, Republic of",448.0,2024,June,390
"Kosovo, Republic of",8.0,2024,June,5
Kuwait,2.0,2024,June,0
Kyrgyzstan,8.0,2024,June,5
Laos,4.0,2024,June,0
Latvia,4.0,2024,June,0
Lebanon,581.0,2024,June,505
Lesotho,0.0,2024,June,0
Liberia,17.0,2024,June,10
Libya,34.0,2024,June,30
Liechtenstein,0.0,2024,June,0
Lithuania,12.0,2024,June,10
Luxembourg,1.0,2024,June,0
Macedonia,8.0,2024,June,0
Madagascar,121.0,2024,June,105
Malawi,2.0,2024,June,0
Malaysia,52.0,2024,June,45
"Maldives, Republic of",1.0,2024,June,0
"Mali, Republic of",46.0,2024,June,40
Malta,0.0,2024,June,0
Mauritania,32.0,2024,June,10
Mauritius,155.0,2024,June,135
Mexico,923.0,2024,June,420
Moldova,22.0,2024,June,5
Monaco,0.0,2024,June,0
"Mongolia, People's Republic of",12.0,2024,June,10
"Montenegro, Republic of",1.0,2024,June,0
Morocco,1006.0,2024,June,875
Mozambique,1.0,2024,June,0
Myanmar (Burma),63.0,2024,June,55
Namibia,8.0,2024,June,5
Nepal,240.0,2024,June,185
New Caledonia,0.0,2024,June,0
New Zealand,46.0,2024,June,40
Nicaragua,35.0,2024,June,35
Nigeria,2150.0,2024,June,1870
Norway,12.0,2024,June,10
Oman,0.0,2024,June,0
Pakistan,1160.0,2024,June,1120
Palestinian Authority (Gaza/West Bank),95.0,2024,June,90
"Panama, Republic of",23.0,2024,June,20
Papua New Guinea,0.0,2024,June,0
Paraguay,12.0,2024,June,10
Peru,123.0,2024,June,80
Philippines,3156.0,2024,June,2990
Poland,47.0,2024,June,35
Portugal,111.0,2024,June,40
Qatar,2.0,2024,June,0
Reunion,0.0,2024,June,0
Romania,46.0,2024,June,40
Russia,216.0,2024,June,140
Rwanda,147.0,2024,June,100
San Marino,0.0,2024,June,0
Sao Tome and Principe,0.0,2024,June,0
Saudi Arabia,40.0,2024,June,35
Senegal,136.0,2024,June,115
"Serbia, Republic of",29.0,2024,June,25
Seychelles,0.0,2024,June,0
Sierra Leone,12.0,2024,June,10
Singapore,27.0,2024,June,15
Sint-Maarten,0.0,2024,June,0
Slovak Republic,23.0,2024,June,15
Slovenia,2.0,2024,June,0
"Somalia, Democratic Republic of",724.0,2024,June,630
Spain,48.0,2024,June,35
Sri Lanka,381.0,2024,June,270
St. Kitts-Nevis,7.0,2024,June,5
St. Lucia,26.0,2024,June,10
St. Vincent and the Grenadines,25.0,2024,June,20
Stateless,575.0,2024,June,195
Surinam,0.0,2024,June,0
Swaziland,0.0,2024,June,0
Sweden,29.0,2024,June,25
Switzerland,17.0,2024,June,15
Syria,1127.0,2024,June,980
Taiwan,144.0,2024,June,125
Thailand,52.0,2024,June,45
"Togo, Republic of",143.0,2024,June,125
Tonga,0.0,2024,June,0
"Trinidad and Tobago, Republic of",75.0,2024,June,65
Tunisia,713.0,2024,June,620
Turkey,602.0,2024,June,280
Turkmenistan,4.0,2024,June,0
Turks and Caicos Islands,0.0,2024,June,0
Uganda,238.0,2024,June,90
Ukraine,1989.0,2024,June,735
United Arab Emirates,0.0,2024,June,0
United Kingdom and Overseas Territories,454.0,2024,June,395
United States of America,908.0,2024,June,790
Uruguay,7.0,2024,June,5
Uzbekistan,34.0,2024,June,30
Vanuatu,1.0,2024,June,0
Venezuela,500.0,2024,June,435
Western Sahara,0.0,2024,June,0
Yemen,98.0,2024,June,85
Zambia,23.0,2024,June,20
Zimbabwe,95.0,2024,June,65
Afghanistan,1035.0,2024,July,900
Albania,65.0,2024,July,40
Algeria,1380.0,2024,July,1200
Andorra,0.0,2024,July,0
Angola,39.0,2024,July,25
Antigua and Barbuda,9.0,2024,July,5
Argentina,58.0,2024,July,50
Armenia,34.0,2024,July,30
Australia,98.0,2024,July,85
Austria,12.0,2024,July,10
Azerbaijan,34.0,2024,July,30
"Bahama Islands, The",56.0,2024,July,50
Bahrain,0.0,2024,July,0
Bangladesh,546.0,2024,July,425
Barbados,25.0,2024,July,25
Belarus,32.0,2024,July,20
Belgium,63.0,2024,July,55
Belize,16.0,2024,July,0
Bermuda,0.0,2024,July,0
Bhutan,7.0,2024,July,0
Bolivia,30.0,2024,July,15
"Botswana, Republic of",3.0,2024,July,0
Brazil,720.0,2024,July,580
Brunei,0.0,2024,July,0
Bulgaria,10.0,2024,July,10
Burkina-Faso,74.0,2024,July,70
Burundi,153.0,2024,July,125
Cambodia,34.0,2024,July,30
Cape Verde Islands,0.0,2024,July,0
Central African Republic,16.0,2024,July,15
"Chad, Republic of",40.0,2024,July,30
Chile,145.0,2024,July,65
Colombia,1259.0,2024,July,1095
Comoros,6.0,2024,July,5
"Congo, Democratic Republic of the",425.0,2024,July,370
"Congo, People's Republic of the",42.0,2024,July,25
Costa Rica,16.0,2024,July,10
Croatia,12.0,2024,July,10
Cuba,166.0,2024,July,60
Cyprus,1.0,2024,July,0
Czech Republic,29.0,2024,July,25
Denmark,4.0,2024,July,0
Dominica,17.0,2024,July,15
Dominican Republic,112.0,2024,July,85
"East Timor, Democratic Republic of",0.0,2024,July,0
Ecuador,103.0,2024,July,55
Egypt,374.0,2024,July,325
El Salvador,52.0,2024,July,50
Eritrea,2128.0,2024,July,1850
Estonia,2.0,2024,July,0
Ethiopia,439.0,2024,July,415
Fiji,18.0,2024,July,10
Finland,11.0,2024,July,5
France,1138.0,2024,July,1080
French Polynesia,0.0,2024,July,0
Gabon Republic,23.0,2024,July,20
Gambia,20.0,2024,July,10
Georgia,50.0,2024,July,25
Ghana,266.0,2024,July,145
Greece,23.0,2024,July,20
Grenada,16.0,2024,July,10
Guatemala,55.0,2024,July,40
Guinea-Bissau,0.0,2024,July,0
"Guinea, Republic of",87.0,2024,July,70
Guyana,46.0,2024,July,25
Haiti,591.0,2024,July,435
Holy See,0.0,2024,July,0
Honduras,46.0,2024,July,30
Hungary,30.0,2024,July,30
Iceland,0.0,2024,July,0
India,17015.0,2024,July,11490
Iran,1426.0,2024,July,980
Iraq,185.0,2024,July,140
Israel,137.0,2024,July,95
Italy,115.0,2024,July,70
Jamaica,502.0,2024,July,325
Japan,92.0,2024,July,80
Jordan,138.0,2024,July,135
Kazakhstan,42.0,2024,July,35
Kenya,366.0,2024,July,95
Kiribati,0.0,2024,July,0
"Korea, People's Democratic Republic of",0.0,2024,July,0
"Korea, Republic of",471.0,2024,July,410
"Kosovo, Republic of",23.0,2024,July,20
Kuwait,10.0,2024,July,0
Kyrgyzstan,20.0,2024,July,10
Laos,4.0,2024,July,0
Latvia,12.0,2024,July,10
Lebanon,552.0,2024,July,480
Lesotho,0.0,2024,July,0
Liberia,17.0,2024,July,15
Libya,26.0,2024,July,25
Liechtenstein,0.0,2024,July,0
Lithuania,11.0,2024,July,0
Luxembourg,2.0,2024,July,0
Macedonia,8.0,2024,July,5
Madagascar,67.0,2024,July,65
Malawi,3.0,2024,July,0
Malaysia,39.0,2024,July,35
"Maldives, Republic of",0.0,2024,July,0
"Mali, Republic of",62.0,2024,July,55
Malta,0.0,2024,July,0
Mauritania,26.0,2024,July,20
Mauritius,230.0,2024,July,200
Mexico,1114.0,2024,July,530
Moldova,31.0,2024,July,15
Monaco,0.0,2024,July,0
"Mongolia, People's Republic of",19.0,2024,July,10
"Montenegro, Republic of",6.0,2024,July,5
Morocco,1173.0,2024,July,1020
Mozambique,0.0,2024,July,0
Myanmar (Burma),37.0,2024,July,25
Namibia,11.0,2024,July,0
Nepal,310.0,2024,July,205
New Caledonia,0.0,2024,July,0
New Zealand,40.0,2024,July,35
Nicaragua,75.0,2024,July,50
Nigeria,2163.0,2024,July,1775
Norway,9.0,2024,July,0
Oman,0.0,2024,July,0
Pakistan,1397.0,2024,July,1115
Palestinian Authority (Gaza/West Bank),141.0,2024,July,90
"Panama, Republic of",12.0,2024,July,0
Papua New Guinea,0.0,2024,July,0
Paraguay,5.0,2024,July,5
Peru,169.0,2024,July,85
Philippines,4342.0,2024,July,3275
Poland,46.0,2024,July,40
Portugal,67.0,2024,July,45
Qatar,1.0,2024,July,0
Reunion,0.0,2024,July,0
Romania,61.0,2024,July,35
Russia,256.0,2024,July,175
Rwanda,126.0,2024,July,110
San Marino,0.0,2024,July,0
Sao Tome and Principe,0.0,2024,July,0
Saudi Arabia,34.0,2024,July,30
Senegal,178.0,2024,July,155
"Serbia, Republic of",45.0,2024,July,25
Seychelles,0.0,2024,July,0
Sierra Leone,21.0,2024,July,5
Singapore,15.0,2024,July,15
Sint-Maarten,0.0,2024,July,0
Slovak Republic,16.0,2024,July,10
Slovenia,2.0,2024,July,0
"Somalia, Democratic Republic of",615.0,2024,July,535
Spain,77.0,2024,July,65
Sri Lanka,519.0,2024,July,330
St. Kitts-Nevis,12.0,2024,July,10
St. Lucia,23.0,2024,July,20
St. Vincent and the Grenadines,21.0,2024,July,10
Stateless,163.0,2024,July,110
Surinam,0.0,2024,July,0
Swaziland,6.0,2024,July,5
Sweden,17.0,2024,July,15
Switzerland,17.0,2024,July,15
Syria,995.0,2024,July,865
Taiwan,140.0,2024,July,115
Thailand,80.0,2024,July,70
"Togo, Republic of",150.0,2024,July,130
Tonga,0.0,2024,July,0
"Trinidad and Tobago, Republic of",66.0,2024,July,40
Tunisia,995.0,2024,July,865
Turkey,665.0,2024,July,190
Turkmenistan,7.0,2024,July,0
Turks and Caicos Islands,0.0,2024,July,0
Uganda,195.0,2024,July,75
Ukraine,1902.0,2024,July,675
United Arab Emirates,7.0,2024,July,5
United Kingdom and Overseas Territories,500.0,2024,July,435
United States of America,1041.0,2024,July,905
Uruguay,0.0,2024,July,0
Uzbekistan,17.0,2024,July,15
Vanuatu,0.0,2024,July,0
Venezuela,529.0,2024,July,460
Western Sahara,0.0,2024,July,0
Yemen,86.0,2024,July,75
Zambia,12.0,2024,July,5
Zimbabwe,111.0,2024,July,45
Afghanistan,706.0,2024,August,665
Albania,40.0,2024,August,40
Algeria,927.0,2024,August,665
Andorra,0.0,2024,August,0
Angola,30.0,2024,August,20
Antigua and Barbuda,8.0,2024,August,5
Argentina,57.0,2024,August,50
Armenia,17.0,2024,August,15
Australia,109.0,2024,August,95
Austria,5.0,2024,August,5
Azerbaijan,24.0,2024,August,20
"Bahama Islands, The",43.0,2024,August,30
Bahrain,3.0,2024,August,0
Bangladesh,392.0,2024,August,380
Barbados,43.0,2024,August,20
Belarus,29.0,2024,August,25
Belgium,80.0,2024,August,70
Belize,11.0,2024,August,0
Bermuda,0.0,2024,August,0
Bhutan,10.0,2024,August,0
Bolivia,29.0,2024,August,15
"Botswana, Republic of",3.0,2024,August,0
Brazil,641.0,2024,August,535
Brunei,0.0,2024,August,0
Bulgaria,12.0,2024,August,10
Burkina-Faso,139.0,2024,August,65
Burundi,140.0,2024,August,55
Cambodia,12.0,2024,August,5
Cape Verde Islands,0.0,2024,August,0
Central African Republic,25.0,2024,August,10
"Chad, Republic of",44.0,2024,August,20
Chile,116.0,2024,August,110
Colombia,1236.0,2024,August,1075
Comoros,1.0,2024,August,0
"Congo, Democratic Republic of the",381.0,2024,August,280
"Congo, People's Republic of the",45.0,2024,August,20
Costa Rica,22.0,2024,August,15
Croatia,12.0,2024,August,10
Cuba,130.0,2024,August,70
Cyprus,2.0,2024,August,0
Czech Republic,16.0,2024,August,10
Denmark,3.0,2024,August,0
Dominica,8.0,2024,August,0
Dominican Republic,104.0,2024,August,55
"East Timor, Democratic Republic of",0.0,2024,August,0
Ecuador,82.0,2024,August,75
Egypt,193.0,2024,August,180
El Salvador,48.0,2024,August,40
Eritrea,2070.0,2024,August,1800
Estonia,6.0,2024,August,0
Ethiopia,529.0,2024,August,230
Fiji,5.0,2024,August,0
Finland,7.0,2024,August,0
France,1454.0,2024,August,1190
French Polynesia,0.0,2024,August,0
Gabon Republic,19.0,2024,August,15
Gambia,15.0,2024,August,10
Georgia,49.0,2024,August,10
Ghana,307.0,2024,August,120
Greece,19.0,2024,August,15
Grenada,15.0,2024,August,0
Guatemala,73.0,2024,August,20
Guinea-Bissau,0.0,2024,August,0
"Guinea, Republic of",122.0,2024,August,60
Guyana,52.0,2024,August,45
Haiti,557.0,2024,August,375
Holy See,0.0,2024,August,0
Honduras,63.0,2024,August,55
Hungary,25.0,2024,August,15
Iceland,1.0,2024,August,0
India,13370.0,2024,August,10075
Iran,1115.0,2024,August,760
Iraq,222.0,2024,August,95
Israel,92.0,2024,August,80
Italy,72.0,2024,August,65
Jamaica,397.0,2024,August,325
Japan,98.0,2024,August,85
Jordan,155.0,2024,August,75
Kazakhstan,33.0,2024,August,25
Kenya,305.0,2024,August,55
Kiribati,0.0,2024,August,0
"Korea, People's Democratic Republic of",0.0,2024,August,0
"Korea, Republic of",448.0,2024,August,390
"Kosovo, Republic of",13.0,2024,August,10
Kuwait,3.0,2024,August,0
Kyrgyzstan,12.0,2024,August,10
Laos,1.0,2024,August,0
Latvia,11.0,2024,August,0
Lebanon,448.0,2024,August,390
Lesotho,0.0,2024,August,0
Liberia,14.0,2024,August,5
Libya,46.0,2024,August,40
Liechtenstein,0.0,2024,August,0
Lithuania,6.0,2024,August,0
Luxembourg,0.0,2024,August,0
Macedonia,17.0,2024,August,15
Madagascar,96.0,2024,August,70
Malawi,12.0,2024,August,10
Malaysia,34.0,2024,August,30
"Maldives, Republic of",0.0,2024,August,0
"Mali, Republic of",63.0,2024,August,25
Malta,0.0,2024,August,0
Mauritania,28.0,2024,August,15
Mauritius,177.0,2024,August,160
Mexico,1058.0,2024,August,655
Moldova,29.0,2024,August,25
Monaco,0.0,2024,August,0
"Mongolia, People's Republic of",23.0,2024,August,20
"Montenegro, Republic of",1.0,2024,August,0
Morocco,783.0,2024,August,635
Mozambique,0.0,2024,August,0
Myanmar (Burma),32.0,2024,August,10
Namibia,9.0,2024,August,5
Nepal,315.0,2024,August,145
New Caledonia,0.0,2024,August,0
New Zealand,52.0,2024,August,45
Nicaragua,40.0,2024,August,20
Nigeria,2474.0,2024,August,1450
Norway,12.0,2024,August,10
Oman,2.0,2024,August,0
Pakistan,1331.0,2024,August,840
Palestinian Authority (Gaza/West Bank),149.0,2024,August,80
"Panama, Republic of",11.0,2024,August,0
Papua New Guinea,1.0,2024,August,0
Paraguay,15.0,2024,August,0
Peru,107.0,2024,August,85
Philippines,3122.0,2024,August,2715
Poland,40.0,2024,August,35
Portugal,48.0,2024,August,30
Qatar,0.0,2024,August,0
Reunion,0.0,2024,August,0
Romania,40.0,2024,August,35
Russia,186.0,2024,August,145
Rwanda,193.0,2024,August,90
San Marino,0.0,2024,August,0
Sao Tome and Principe,0.0,2024,August,0
Saudi Arabia,23.0,2024,August,20
Senegal,178.0,2024,August,105
"Serbia, Republic of",34.0,2024,August,30
Seychelles,4.0,2024,August,0
Sierra Leone,26.0,2024,August,10
Singapore,23.0,2024,August,20
Sint-Maarten,0.0,2024,August,0
Slovak Republic,23.0,2024,August,20
Slovenia,0.0,2024,August,0
"Somalia, Democratic Republic of",489.0,2024,August,425
Spain,63.0,2024,August,55
Sri Lanka,363.0,2024,August,285
St. Kitts-Nevis,6.0,2024,August,0
St. Lucia,18.0,2024,August,10
St. Vincent and the Grenadines,22.0,2024,August,10
Stateless,237.0,2024,August,75
Surinam,0.0,2024,August,0
Swaziland,4.0,2024,August,0
Sweden,34.0,2024,August,30
Switzerland,22.0,2024,August,15
Syria,656.0,2024,August,570
Taiwan,126.0,2024,August,105
Thailand,55.0,2024,August,35
"Togo, Republic of",138.0,2024,August,65
Tonga,0.0,2024,August,0
"Trinidad and Tobago, Republic of",58.0,2024,August,45
Tunisia,707.0,2024,August,615
Turkey,525.0,2024,August,215
Turkmenistan,2.0,2024,August,0
Turks and Caicos Islands,0.0,2024,August,0
Uganda,167.0,2024,August,55
Ukraine,1675.0,2024,August,620
United Arab Emirates,3.0,2024,August,0
United Kingdom and Overseas Territories,419.0,2024,August,345
United States of America,995.0,2024,August,865
Uruguay,12.0,2024,August,10
Uzbekistan,24.0,2024,August,5
Vanuatu,0.0,2024,August,0
Venezuela,368.0,2024,August,320
Western Sahara,0.0,2024,August,0
Yemen,92.0,2024,August,80
Zambia,9.0,2024,August,5
Zimbabwe,102.0,2024,August,45
Afghanistan,732.0,2024,September,730
Albania,46.0,2024,September,40
Algeria,1236.0,2024,September,1075
Andorra,1.0,2024,September,0
Angola,36.0,2024,September,15
Antigua and Barbuda,13.0,2024,September,10
Argentina,37.0,2024,September,15
Armenia,34.0,2024,September,30
Australia,105.0,2024,September,55
Austria,6.0,2024,September,0
Azerbaijan,27.0,2024,September,10
"Bahama Islands, The",34.0,2024,September,25
Bahrain,2.0,2024,September,0
Bangladesh,358.0,2024,September,315
Barbados,33.0,2024,September,15
Belarus,23.0,2024,September,20
Belgium,49.0,2024,September,40
Belize,1.0,2024,September,0
Bermuda,0.0,2024,September,0
Bhutan,5.0,2024,September,0
Bolivia,18.0,2024,September,5
"Botswana, Republic of",1.0,2024,September,0
Brazil,650.0,2024,September,305
Brunei,0.0,2024,September,0
Bulgaria,3.0,2024,September,0
Burkina-Faso,78.0,2024,September,25
Burundi,138.0,2024,September,110
Cambodia,17.0,2024,September,15
Cape Verde Islands,0.0,2024,September,0
Central African Republic,27.0,2024,September,15
"Chad, Republic of",43.0,2024,September,15
Chile,113.0,2024,September,40
Colombia,1058.0,2024,September,920
Comoros,2.0,2024,September,0
"Congo, Democratic Republic of the",586.0,2024,September,510
"Congo, People's Republic of the",42.0,2024,September,30
Costa Rica,30.0,2024,September,15
Croatia,5.0,2024,September,0
Cuba,86.0,2024,September,55
Cyprus,6.0,2024,September,0
Czech Republic,14.0,2024,September,10
Denmark,3.0,2024,September,0
Dominica,1.0,2024,September,0
Dominican Republic,103.0,2024,September,70
"East Timor, Democratic Republic of",1.0,2024,September,0
Ecuador,64.0,2024,September,35
Egypt,203.0,2024,September,190
El Salvador,56.0,2024,September,30
Eritrea,1771.0,2024,September,1540
Estonia,3.0,2024,September,0
Ethiopia,492.0,2024,September,400
Fiji,12.0,2024,September,10
Finland,19.0,2024,September,10
France,1319.0,2024,September,495
French Polynesia,0.0,2024,September,0
Gabon Republic,17.0,2024,September,15
Gambia,15.0,2024,September,10
Georgia,42.0,2024,September,15
Ghana,299.0,2024,September,155
Greece,19.0,2024,September,15
Grenada,8.0,2024,September,5
Guatemala,29.0,2024,September,5
Guinea-Bissau,0.0,2024,September,0
"Guinea, Republic of",113.0,2024,September,50
Guyana,40.0,2024,September,35
Haiti,1000.0,2024,September,870
Holy See,0.0,2024,September,0
Honduras,38.0,2024,September,25
Hungary,22.0,2024,September,15
Iceland,5.0,2024,September,0
India,11526.0,2024,September,7830
Iran,767.0,2024,September,720
Iraq,274.0,2024,September,75
Israel,88.0,2024,September,55
Italy,75.0,2024,September,65
Jamaica,433.0,2024,September,270
Japan,80.0,2024,September,30
Jordan,137.0,2024,September,100
Kazakhstan,34.0,2024,September,30
Kenya,323.0,2024,September,60
Kiribati,0.0,2024,September,0
"Korea, People's Democratic Republic of",0.0,2024,September,0
"Korea, Republic of",293.0,2024,September,255
"Kosovo, Republic of",17.0,2024,September,15
Kuwait,4.0,2024,September,0
Kyrgyzstan,4.0,2024,September,0
Laos,6.0,2024,September,0
Latvia,3.0,2024,September,0
Lebanon,408.0,2024,September,355
Lesotho,0.0,2024,September,0
Liberia,23.0,2024,September,20
Libya,45.0,2024,September,45
Liechtenstein,0.0,2024,September,0
Lithuania,5.0,2024,September,0
Luxembourg,1.0,2024,September,0
Macedonia,0.0,2024,September,0
Madagascar,104.0,2024,September,50
Malawi,1.0,2024,September,0
Malaysia,40.0,2024,September,35
"Maldives, Republic of",0.0,2024,September,0
"Mali, Republic of",41.0,2024,September,30
Malta,6.0,2024,September,5
Mauritania,17.0,2024,September,15
Mauritius,214.0,2024,September,140
Mexico,1130.0,2024,September,330
Moldova,7.0,2024,September,5
Monaco,0.0,2024,September,0
"Mongolia, People's Republic of",23.0,2024,September,20
"Montenegro, Republic of",0.0,2024,September,0
Morocco,736.0,2024,September,705
Mozambique,0.0,2024,September,0
Myanmar (Burma),41.0,2024,September,40
Namibia,12.0,2024,September,10
Nepal,257.0,2024,September,120
New Caledonia,0.0,2024,September,0
New Zealand,26.0,2024,September,25
Nicaragua,53.0,2024,September,15
Nigeria,2260.0,2024,September,1965
Norway,11.0,2024,September,0
Oman,0.0,2024,September,0
Pakistan,1265.0,2024,September,1100
Palestinian Authority (Gaza/West Bank),135.0,2024,September,85
"Panama, Republic of",13.0,2024,September,0
Papua New Guinea,0.0,2024,September,0
Paraguay,6.0,2024,September,5
Peru,112.0,2024,September,50
Philippines,2967.0,2024,September,2580
Poland,34.0,2024,September,30
Portugal,77.0,2024,September,35
Qatar,2.0,2024,September,0
Reunion,0.0,2024,September,0
Romania,34.0,2024,September,30
Russia,182.0,2024,September,110
Rwanda,108.0,2024,September,95
San Marino,0.0,2024,September,0
Sao Tome and Principe,0.0,2024,September,0
Saudi Arabia,12.0,2024,September,10
Senegal,172.0,2024,September,85
"Serbia, Republic of",18.0,2024,September,10
Seychelles,2.0,2024,September,0
Sierra Leone,19.0,2024,September,10
Singapore,23.0,2024,September,20
Sint-Maarten,0.0,2024,September,0
Slovak Republic,8.0,2024,September,5
Slovenia,2.0,2024,September,0
"Somalia, Democratic Republic of",690.0,2024,September,600
Spain,49.0,2024,September,40
Sri Lanka,425.0,2024,September,370
St. Kitts-Nevis,4.0,2024,September,0
St. Lucia,16.0,2024,September,15
St. Vincent and the Grenadines,23.0,2024,September,20
Stateless,315.0,2024,September,140
Surinam,2.0,2024,September,0
Swaziland,0.0,2024,September,0
Sweden,41.0,2024,September,5
Switzerland,17.0,2024,September,10
Syria,569.0,2024,September,495
Taiwan,82.0,2024,September,55
Thailand,65.0,2024,September,30
"Togo, Republic of",169.0,2024,September,70
Tonga,1.0,2024,September,0
"Trinidad and Tobago, Republic of",69.0,2024,September,35
Tunisia,618.0,2024,September,465
Turkey,512.0,2024,September,185
Turkmenistan,0.0,2024,September,0
Turks and Caicos Islands,0.0,2024,September,0
Uganda,181.0,2024,September,85
Ukraine,1134.0,2024,September,385
United Arab Emirates,4.0,2024,September,0
United Kingdom and Overseas Territories,374.0,2024,September,225
United States of America,809.0,2024,September,570
Uruguay,5.0,2024,September,0
Uzbekistan,17.0,2024,September,15
Vanuatu,0.0,2024,September,0
Venezuela,316.0,2024,September,275
Western Sahara,0.0,2024,September,0
Yemen,69.0,2024,September,60
Zambia,8.0,2024,September,5
Zimbabwe,103.0,2024,September,45
Afghanistan,825.0,2024,October,670
Albania,40.0,2024,October,35
Algeria,624.0,2024,October,555
Andorra,0.0,2024,October,0
Angola,29.0,2024,October,0
Antigua and Barbuda,15.0,2024,October,5
Argentina,37.0,2024,October,15
Armenia,8.0,2024,October,5
Australia,82.0,2024,October,45
Austria,7.0,2024,October,5
Azerbaijan,29.0,2024,October,25
"Bahama Islands, The",34.0,2024,October,30
Bahrain,1.0,2024,October,0
Bangladesh,431.0,2024,October,375
Barbados,20.0,2024,October,15
Belarus,29.0,2024,October,25
Belgium,45.0,2024,October,25
Belize,8.0,2024,October,0
Bermuda,0.0,2024,October,0
Bhutan,6.0,2024,October,5
Bolivia,12.0,2024,October,5
"Botswana, Republic of",1.0,2024,October,0
Brazil,479.0,2024,October,285
Brunei,0.0,2024,October,0
Bulgaria,5.0,2024,October,5
Burkina-Faso,83.0,2024,October,35
Burundi,126.0,2024,October,125
Cambodia,30.0,2024,October,15
Cape Verde Islands,0.0,2024,October,0
Central African Republic,52.0,2024,October,40
"Chad, Republic of",24.0,2024,October,5
Chile,82.0,2024,October,35
Colombia,805.0,2024,October,700
Comoros,0.0,2024,October,0
"Congo, Democratic Republic of the",518.0,2024,October,450
"Congo, People's Republic of the",37.0,2024,October,20
Costa Rica,18.0,2024,October,10
Croatia,12.0,2024,October,10
Cuba,93.0,2024,October,80
Cyprus,1.0,2024,October,0
Czech Republic,15.0,2024,October,5
Denmark,4.0,2024,October,0
Dominica,6.0,2024,October,5
Dominican Republic,96.0,2024,October,50
"East Timor, Democratic Republic of",0.0,2024,October,0
Ecuador,52.0,2024,October,45
Egypt,213.0,2024,October,185
El Salvador,49.0,2024,October,35
Eritrea,2116.0,2024,October,1840
Estonia,1.0,2024,October,0
Ethiopia,590.0,2024,October,550
Fiji,8.0,2024,October,0
Finland,6.0,2024,October,0
France,1163.0,2024,October,495
French Polynesia,0.0,2024,October,0
Gabon Republic,14.0,2024,October,10
Gambia,15.0,2024,October,0
Georgia,23.0,2024,October,20
Ghana,193.0,2024,October,125
Greece,25.0,2024,October,15
Grenada,12.0,2024,October,10
Guatemala,35.0,2024,October,15
Guinea-Bissau,0.0,2024,October,0
"Guinea, Republic of",87.0,2024,October,30
Guyana,33.0,2024,October,15
Haiti,1075.0,2024,October,935
Holy See,0.0,2024,October,0
Honduras,47.0,2024,October,35
Hungary,21.0,2024,October,15
Iceland,2.0,2024,October,0
India,8326.0,2024,October,7935
Iran,690.0,2024,October,600
Iraq,156.0,2024,October,65
Israel,69.0,2024,October,60
Italy,58.0,2024,October,25
Jamaica,464.0,2024,October,240
Japan,67.0,2024,October,45
Jordan,132.0,2024,October,115
Kazakhstan,29.0,2024,October,25
Kenya,96.0,2024,October,85
Kiribati,0.0,2024,October,0
"Korea, People's Democratic Republic of",0.0,2024,October,0
"Korea, Republic of",247.0,2024,October,215
"Kosovo, Republic of",12.0,2024,October,10
Kuwait,0.0,2024,October,0
Kyrgyzstan,7.0,2024,October,5
Laos,5.0,2024,October,0
Latvia,8.0,2024,October,0
Lebanon,523.0,2024,October,455
Lesotho,1.0,2024,October,0
Liberia,12.0,2024,October,0
Libya,29.0,2024,October,25
Liechtenstein,0.0,2024,October,0
Lithuania,12.0,2024,October,10
Luxembourg,2.0,2024,October,0
Macedonia,12.0,2024,October,10
Madagascar,84.0,2024,October,40
Malawi,1.0,2024,October,0
Malaysia,27.0,2024,October,20
"Maldives, Republic of",0.0,2024,October,0
"Mali, Republic of",46.0,2024,October,40
Malta,0.0,2024,October,0
Mauritania,6.0,2024,October,5
Mauritius,164.0,2024,October,125
Mexico,679.0,2024,October,320
Moldova,12.0,2024,October,10
Monaco,1.0,2024,October,0
"Mongolia, People's Republic of",9.0,2024,October,5
"Montenegro, Republic of",1.0,2024,October,0
Morocco,688.0,2024,October,580
Mozambique,2.0,2024,October,0
Myanmar (Burma),32.0,2024,October,25
Namibia,7.0,2024,October,0
Nepal,144.0,2024,October,125
New Caledonia,0.0,2024,October,0
New Zealand,34.0,2024,October,30
Nicaragua,29.0,2024,October,25
Nigeria,1926.0,2024,October,1675
Norway,6.0,2024,October,5
Oman,0.0,2024,October,0
Pakistan,1334.0,2024,October,1160
Palestinian Authority (Gaza/West Bank),139.0,2024,October,45
"Panama, Republic of",12.0,2024,October,10
Papua New Guinea,0.0,2024,October,0
Paraguay,4.0,2024,October,0
Peru,96.0,2024,October,40
Philippines,2570.0,2024,October,2235
Poland,40.0,2024,October,35
Portugal,48.0,2024,October,40
Qatar,1.0,2024,October,0
Reunion,0.0,2024,October,0
Romania,40.0,2024,October,35
Russia,133.0,2024,October,115
Rwanda,132.0,2024,October,115
San Marino,0.0,2024,October,0
Sao Tome and Principe,0.0,2024,October,0
Saudi Arabia,17.0,2024,October,15
Senegal,164.0,2024,October,60
"Serbia, Republic of",12.0,2024,October,10
Seychelles,1.0,2024,October,0
Sierra Leone,24.0,2024,October,10
Singapore,17.0,2024,October,15
Sint-Maarten,0.0,2024,October,0
Slovak Republic,5.0,2024,October,0
Slovenia,2.0,2024,October,0
"Somalia, Democratic Republic of",575.0,2024,October,500
Spain,55.0,2024,October,25
Sri Lanka,420.0,2024,October,365
St. Kitts-Nevis,8.0,2024,October,0
St. Lucia,12.0,2024,October,10
St. Vincent and the Grenadines,12.0,2024,October,10
Stateless,308.0,2024,October,275
Surinam,1.0,2024,October,0
Swaziland,6.0,2024,October,5
Sweden,18.0,2024,October,5
Switzerland,17.0,2024,October,10
Syria,776.0,2024,October,370
Taiwan,115.0,2024,October,100
Thailand,53.0,2024,October,30
"Togo, Republic of",155.0,2024,October,135
Tonga,0.0,2024,October,0
"Trinidad and Tobago, Republic of",46.0,2024,October,40
Tunisia,555.0,2024,October,360
Turkey,224.0,2024,October,195
Turkmenistan,4.0,2024,October,0
Turks and Caicos Islands,0.0,2024,October,0
Uganda,57.0,2024,October,50
Ukraine,1203.0,2024,October,425
United Arab Emirates,0.0,2024,October,0
United Kingdom and Overseas Territories,331.0,2024,October,245
United States of America,701.0,2024,October,545
Uruguay,6.0,2024,October,5
Uzbekistan,17.0,2024,October,15
Vanuatu,3.0,2024,October,0
Venezuela,230.0,2024,October,200
Western Sahara,0.0,2024,October,0
Yemen,46.0,2024,October,35
Zambia,5.0,2024,October,0
Zimbabwe,40.0,2024,October,35
Afghanistan,926.0,2024,November,670
Albania,52.0,2024,November,45
Algeria,644.0,2024,November,560
Andorra,0.0,2024,November,0
Angola,15.0,2024,November,10
Antigua and Barbuda,12.0,2024,November,10
Argentina,31.0,2024,November,30
Armenia,23.0,2024,November,20
Australia,103.0,2024,November,90
Austria,12.0,2024,November,10
Azerbaijan,17.0,2024,November,15
"Bahama Islands, The",25.0,2024,November,15
Bahrain,2.0,2024,November,0
Bangladesh,334.0,2024,November,290
Barbados,23.0,2024,November,20
Belarus,23.0,2024,November,15
Belgium,69.0,2024,November,60
Belize,6.0,2024,November,5
Bermuda,0.0,2024,November,0
Bhutan,3.0,2024,November,0
Bolivia,40.0,2024,November,35
"Botswana, Republic of",1.0,2024,November,0
Brazil,512.0,2024,November,445
Brunei,0.0,2024,November,0
Bulgaria,12.0,2024,November,10
Burkina-Faso,62.0,2024,November,60
Burundi,144.0,2024,November,125
Cambodia,20.0,2024,November,5
Cape Verde Islands,0.0,2024,November,0
Central African Republic,54.0,2024,November,20
"Chad, Republic of",25.0,2024,November,25
Chile,86.0,2024,November,75
Colombia,943.0,2024,November,820
Comoros,1.0,2024,November,0
"Congo, Democratic Republic of the",443.0,2024,November,385
"Congo, People's Republic of the",28.0,2024,November,20
Costa Rica,24.0,2024,November,15
Croatia,12.0,2024,November,10
Cuba,109.0,2024,November,95
Cyprus,2.0,2024,November,0
Czech Republic,5.0,2024,November,5
Denmark,5.0,2024,November,0
Dominica,6.0,2024,November,5
Dominican Republic,89.0,2024,November,70
"East Timor, Democratic Republic of",0.0,2024,November,0
Ecuador,69.0,2024,November,60
Egypt,161.0,2024,November,140
El Salvador,52.0,2024,November,45
Eritrea,1834.0,2024,November,1595
Estonia,2.0,2024,November,0
Ethiopia,885.0,2024,November,445
Fiji,17.0,2024,November,15
Finland,2.0,2024,November,0
France,1081.0,2024,November,995
French Polynesia,0.0,2024,November,0
Gabon Republic,10.0,2024,November,10
Gambia,17.0,2024,November,15
Georgia,34.0,2024,November,30
Ghana,233.0,2024,November,130
Greece,17.0,2024,November,15
Grenada,6.0,2024,November,5
Guatemala,52.0,2024,November,45
Guinea-Bissau,0.0,2024,November,0
"Guinea, Republic of",78.0,2024,November,70
Guyana,21.0,2024,November,20
Haiti,546.0,2024,November,475
Holy See,0.0,2024,November,0
Honduras,69.0,2024,November,60
Hungary,40.0,2024,November,35
Iceland,1.0,2024,November,0
India,9344.0,2024,November,8125
Iran,834.0,2024,November,725
Iraq,153.0,2024,November,75
Israel,63.0,2024,November,55
Italy,86.0,2024,November,75
Jamaica,413.0,2024,November,325
Japan,75.0,2024,November,65
Jordan,150.0,2024,November,130
Kazakhstan,19.0,2024,November,15
Kenya,115.0,2024,November,100
Kiribati,0.0,2024,November,0
"Korea, People's Democratic Republic of",0.0,2024,November,0
"Korea, Republic of",305.0,2024,November,265
"Kosovo, Republic of",12.0,2024,November,10
Kuwait,6.0,2024,November,0
Kyrgyzstan,17.0,2024,November,15
Laos,6.0,2024,November,5
Latvia,1.0,2024,November,0
Lebanon,351.0,2024,November,305
Lesotho,0.0,2024,November,0
Liberia,15.0,2024,November,10
Libya,40.0,2024,November,35
Liechtenstein,0.0,2024,November,0
Lithuania,12.0,2024,November,10
Luxembourg,5.0,2024,November,0
Macedonia,2.0,2024,November,0
Madagascar,80.0,2024,November,70
Malawi,0.0,2024,November,0
Malaysia,17.0,2024,November,15
"Maldives, Republic of",0.0,2024,November,0
"Mali, Republic of",95.0,2024,November,45
Malta,0.0,2024,November,0
Mauritania,4.0,2024,November,0
Mauritius,121.0,2024,November,95
Mexico,770.0,2024,November,670
Moldova,23.0,2024,November,20
Monaco,0.0,2024,November,0
"Mongolia, People's Republic of",5.0,2024,November,5
"Montenegro, Republic of",1.0,2024,November,0
Morocco,656.0,2024,November,570
Mozambique,12.0,2024,November,0
Myanmar (Burma),29.0,2024,November,25
Namibia,13.0,2024,November,0
Nepal,161.0,2024,November,140
New Caledonia,0.0,2024,November,0
New Zealand,29.0,2024,November,25
Nicaragua,40.0,2024,November,35
Nigeria,1754.0,2024,November,1525
Norway,4.0,2024,November,0
Oman,1.0,2024,November,0
Pakistan,1265.0,2024,November,1100
Palestinian Authority (Gaza/West Bank),92.0,2024,November,65
"Panama, Republic of",7.0,2024,November,5
Papua New Guinea,0.0,2024,November,0
Paraguay,6.0,2024,November,5
Peru,92.0,2024,November,80
Philippines,2812.0,2024,November,2445
Poland,40.0,2024,November,35
Portugal,75.0,2024,November,65
Qatar,1.0,2024,November,0
Reunion,0.0,2024,November,0
Romania,46.0,2024,November,40
Russia,118.0,2024,November,80
Rwanda,82.0,2024,November,75
San Marino,1.0,2024,November,0
Sao Tome and Principe,0.0,2024,November,0
Saudi Arabia,17.0,2024,November,15
Senegal,135.0,2024,November,65
"Serbia, Republic of",23.0,2024,November,20
Seychelles,0.0,2024,November,0
Sierra Leone,12.0,2024,November,5
Singapore,23.0,2024,November,20
Sint-Maarten,0.0,2024,November,0
Slovak Republic,12.0,2024,November,10
Slovenia,1.0,2024,November,0
"Somalia, Democratic Republic of",707.0,2024,November,615
Spain,40.0,2024,November,40
Sri Lanka,483.0,2024,November,420
St. Kitts-Nevis,1.0,2024,November,0
St. Lucia,17.0,2024,November,15
St. Vincent and the Grenadines,20.0,2024,November,20
Stateless,115.0,2024,November,105
Surinam,2.0,2024,November,0
Swaziland,2.0,2024,November,0
Sweden,25.0,2024,November,10
Switzerland,23.0,2024,November,20
Syria,752.0,2024,November,675
Taiwan,132.0,2024,November,115
Thailand,53.0,2024,November,25
"Togo, Republic of",109.0,2024,November,100
Tonga,0.0,2024,November,0
"Trinidad and Tobago, Republic of",46.0,2024,November,40
Tunisia,531.0,2024,November,445
Turkey,213.0,2024,November,185
Turkmenistan,2.0,2024,November,0
Turks and Caicos Islands,0.0,2024,November,0
Uganda,86.0,2024,November,75
Ukraine,1247.0,2024,November,590
United Arab Emirates,0.0,2024,November,0
United Kingdom and Overseas Territories,374.0,2024,November,325
United States of America,822.0,2024,November,715
Uruguay,2.0,2024,November,0
Uzbekistan,12.0,2024,November,5
Vanuatu,1.0,2024,November,0
Venezuela,282.0,2024,November,245
Western Sahara,0.0,2024,November,0
Yemen,103.0,2024,November,90
Zambia,11.0,2024,November,5
Zimbabwe,57.0,2024,November,50
Afghanistan,1246.0,2024,December,645
Albania,30.0,2024,December,30
Algeria,540.0,2024,December,470
Andorra,0.0,2024,December,0
Angola,18.0,2024,December,15
Antigua and Barbuda,5.0,2024,December,5
Argentina,34.0,2024,December,30
Armenia,23.0,2024,December,20
Australia,86.0,2024,December,75
Austria,1.0,2024,December,0
Azerbaijan,12.0,2024,December,10
"Bahama Islands, The",28.0,2024,December,20
Bahrain,1.0,2024,December,0
Bangladesh,241.0,2024,December,210
Barbados,17.0,2024,December,15
Belarus,17.0,2024,December,15
Belgium,54.0,2024,December,40
Belize,12.0,2024,December,10
Bermuda,0.0,2024,December,0
Bhutan,0.0,2024,December,0
Bolivia,29.0,2024,December,25
"Botswana, Republic of",1.0,2024,December,0
Brazil,351.0,2024,December,305
Brunei,0.0,2024,December,0
Bulgaria,6.0,2024,December,5
Burkina-Faso,75.0,2024,December,65
Burundi,68.0,2024,December,65
Cambodia,29.0,2024,December,25
Cape Verde Islands,0.0,2024,December,0
Central African Republic,43.0,2024,December,40
"Chad, Republic of",23.0,2024,December,20
Chile,60.0,2024,December,40
Colombia,989.0,2024,December,860
Comoros,1.0,2024,December,0
"Congo, Democratic Republic of the",610.0,2024,December,530
"Congo, People's Republic of the",34.0,2024,December,30
Costa Rica,20.0,2024,December,15
Croatia,6.0,2024,December,5
Cuba,104.0,2024,December,85
Cyprus,4.0,2024,December,0
Czech Republic,10.0,2024,December,10
Denmark,12.0,2024,December,10
Dominica,4.0,2024,December,0
Dominican Republic,73.0,2024,December,65
"East Timor, Democratic Republic of",0.0,2024,December,0
Ecuador,46.0,2024,December,40
Egypt,158.0,2024,December,120
El Salvador,80.0,2024,December,70
Eritrea,2271.0,2024,December,1975
Estonia,4.0,2024,December,0
Ethiopia,949.0,2024,December,635
Fiji,12.0,2024,December,10
Finland,6.0,2024,December,5
France,762.0,2024,December,675
French Polynesia,0.0,2024,December,0
Gabon Republic,12.0,2024,December,10
Gambia,17.0,2024,December,10
Georgia,23.0,2024,December,20
Ghana,208.0,2024,December,130
Greece,17.0,2024,December,15
Grenada,6.0,2024,December,5
Guatemala,34.0,2024,December,20
Guinea-Bissau,1.0,2024,December,0
"Guinea, Republic of",52.0,2024,December,40
Guyana,40.0,2024,December,35
Haiti,558.0,2024,December,485
Holy See,0.0,2024,December,0
Honduras,37.0,2024,December,30
Hungary,18.0,2024,December,10
Iceland,0.0,2024,December,0
India,7463.0,2024,December,6490
Iran,598.0,2024,December,520
Iraq,390.0,2024,December,80
Israel,51.0,2024,December,50
Italy,52.0,2024,December,45
Jamaica,391.0,2024,December,340
Japan,86.0,2024,December,75
Jordan,109.0,2024,December,95
Kazakhstan,23.0,2024,December,20
Kenya,110.0,2024,December,80
Kiribati,0.0,2024,December,0
"Korea, People's Democratic Republic of",0.0,2024,December,0
"Korea, Republic of",224.0,2024,December,195
"Kosovo, Republic of",7.0,2024,December,0
Kuwait,2.0,2024,December,0
Kyrgyzstan,6.0,2024,December,5
Laos,4.0,2024,December,0
Latvia,0.0,2024,December,0
Lebanon,288.0,2024,December,250
Lesotho,0.0,2024,December,0
Liberia,15.0,2024,December,5
Libya,17.0,2024,December,15
Liechtenstein,0.0,2024,December,0
Lithuania,1.0,2024,December,0
Luxembourg,2.0,2024,December,0
Macedonia,6.0,2024,December,5
Madagascar,44.0,2024,December,40
Malawi,16.0,2024,December,10
Malaysia,23.0,2024,December,20
"Maldives, Republic of",0.0,2024,December,0
"Mali, Republic of",120.0,2024,December,35
Malta,1.0,2024,December,0
Mauritania,12.0,2024,December,10
Mauritius,150.0,2024,December,130
Mexico,507.0,2024,December,400
Moldova,2.0,2024,December,0
Monaco,0.0,2024,December,0
"Mongolia, People's Republic of",12.0,2024,December,10
"Montenegro, Republic of",2.0,2024,December,0
Morocco,518.0,2024,December,450
Mozambique,4.0,2024,December,0
Myanmar (Burma),34.0,2024,December,15
Namibia,7.0,2024,December,0
Nepal,144.0,2024,December,125
New Caledonia,0.0,2024,December,0
New Zealand,30.0,2024,December,30
Nicaragua,29.0,2024,December,25
Nigeria,1738.0,2024,December,1485
Norway,7.0,2024,December,5
Oman,0.0,2024,December,0
Pakistan,1167.0,2024,December,1015
Palestinian Authority (Gaza/West Bank),108.0,2024,December,40
"Panama, Republic of",6.0,2024,December,5
Papua New Guinea,0.0,2024,December,0
Paraguay,17.0,2024,December,15
Peru,75.0,2024,December,65
Philippines,1943.0,2024,December,1690
Poland,29.0,2024,December,25
Portugal,46.0,2024,December,40
Qatar,0.0,2024,December,0
Reunion,0.0,2024,December,0
Romania,24.0,2024,December,20
Russia,144.0,2024,December,125
Rwanda,115.0,2024,December,100
San Marino,0.0,2024,December,0
Sao Tome and Principe,0.0,2024,December,0
Saudi Arabia,21.0,2024,December,10
Senegal,111.0,2024,December,75
"Serbia, Republic of",17.0,2024,December,15
Seychelles,3.0,2024,December,0
Sierra Leone,12.0,2024,December,10
Singapore,11.0,2024,December,5
Sint-Maarten,0.0,2024,December,0
Slovak Republic,12.0,2024,December,10
Slovenia,0.0,2024,December,0
"Somalia, Democratic Republic of",845.0,2024,December,735
Spain,45.0,2024,December,40
Sri Lanka,282.0,2024,December,245
St. Kitts-Nevis,9.0,2024,December,0
St. Lucia,12.0,2024,December,10
St. Vincent and the Grenadines,19.0,2024,December,10
Stateless,604.0,2024,December,525
Surinam,0.0,2024,December,0
Swaziland,2.0,2024,December,0
Sweden,25.0,2024,December,15
Switzerland,22.0,2024,December,20
Syria,674.0,2024,December,580
Taiwan,80.0,2024,December,70
Thailand,57.0,2024,December,50
"Togo, Republic of",109.0,2024,December,95
Tonga,0.0,2024,December,0
"Trinidad and Tobago, Republic of",36.0,2024,December,30
Tunisia,391.0,2024,December,340
Turkey,155.0,2024,December,135
Turkmenistan,0.0,2024,December,0
Turks and Caicos Islands,0.0,2024,December,0
Uganda,80.0,2024,December,70
Ukraine,1268.0,2024,December,150
United Arab Emirates,0.0,2024,December,0
United Kingdom and Overseas Territories,312.0,2024,December,280
United States of America,857.0,2024,December,745
Uruguay,0.0,2024,December,0
Uzbekistan,29.0,2024,December,25
Vanuatu,0.0,2024,December,0
Venezuela,299.0,2024,December,260
Western Sahara,0.0,2024,December,0
Yemen,75.0,2024,December,65
Zambia,12.0,2024,December,10
Zimbabwe,52.0,2024,December,45
