North American Industry Classification System (NAICS),Release,Jan-14,Feb-14,Mar-14,Apr-14,May-14,Jun-14,Jul-14,Aug-14,Sep-14,Oct-14,Nov-14,Dec-14,Jan-15,Feb-15,Mar-15,Apr-15,May-15,Jun-15,Jul-15,Aug-15,Sep-15,Oct-15,Nov-15,Dec-15,Jan-16,Feb-16,Mar-16,Apr-16,May-16,Jun-16,Jul-16,Aug-16,Sep-16,Oct-16,Nov-16,Dec-16,Jan-17,Feb-17,Mar-17,Apr-17,May-17,Jun-17,Jul-17,Aug-17,Sep-17,Oct-17,Nov-17,Dec-17,Jan-18,Feb-18,Mar-18,Apr-18,May-18,Jun-18,Jul-18,Aug-18,Sep-18,Oct-18,Nov-18,Dec-18,Jan-19,Feb-19,Mar-19,Apr-19,May-19,Jun-19,Jul-19,Aug-19,Sep-19,Oct-19,Nov-19,Dec-19,Jan-20,Feb-20,Mar-20,Apr-20,May-20,Jun-20,Jul-20,Aug-20,Sep-20,Oct-20,Nov-20,Dec-20,Jan-21,Feb-21,Mar-21,Apr-21,May-21,Jun-21,Jul-21,Aug-21,Sep-21,Oct-21,Nov-21,Dec-21,Jan-22,Feb-22,Mar-22,Apr-22,May-22,Jun-22,Jul-22,Aug-22,Sep-22,Oct-22,Nov-22,Dec-22,Jan-23,Feb-23,Mar-23,Apr-23,May-23,Jun-23,Jul-23,Aug-23,Sep-23,Oct-23,Nov-23,Dec-23,Jan-24,Feb-24,Mar-24,Apr-24,May-24,Jun-24,Jul-24,Aug-24,Sep-24,Oct-24,Nov-24,Dec-24
All industries  [T001] 6,2025-02-28,"18,63,035","18,72,372","18,77,319","18,81,089","18,92,936","19,01,582","19,04,250","19,00,262","19,07,872","19,13,355","19,14,614","19,17,559","19,09,603","19,07,049","19,05,988","19,05,441","19,04,409","19,09,593","19,14,406","19,18,458","19,10,530","19,12,301","19,16,787","19,18,886","19,30,434","19,24,854","19,17,766","19,22,103","19,11,266","19,20,490","19,31,887","19,36,423","19,41,422","19,40,404","19,47,701","19,53,152","19,62,254","19,69,304","19,78,060","19,87,668","19,92,055","19,96,878","19,96,019","19,94,122","19,99,220","19,99,518","20,08,970","20,14,340","20,20,721","20,31,403","20,39,914","20,40,275","20,47,718","20,50,188","20,54,500","20,56,138","20,59,567","20,63,118","20,59,427","20,62,691","20,67,478","20,61,962","20,73,732","20,86,598","20,92,359","20,96,319","20,97,225","20,97,381","20,98,372","20,99,541","20,99,164","21,09,773","21,11,889","21,16,239","19,56,667","17,47,909","18,27,719","19,35,937","19,86,260","20,06,168","20,24,936","20,37,235","20,50,923","20,56,578","20,69,959","20,74,161","20,95,037","20,74,294","20,68,403","20,86,880","21,01,011","21,18,070","21,27,260","21,44,935","21,56,435","21,65,059","21,57,548","21,73,306","21,88,890","21,87,675","21,93,450","21,98,676","22,01,010","22,06,930","22,10,482","22,06,747","22,05,410","21,98,020","22,19,088","22,23,989","22,30,182","22,29,312","22,31,269","22,28,073","22,28,857","22,31,565","22,30,741","22,34,639","22,38,191","22,34,502","22,43,050","22,52,129","22,52,172","22,61,040","22,63,162","22,63,910","22,66,598","22,69,814","22,76,020","22,83,430","22,77,856","22,83,094"
Accommodation and food services  [72],2025-01-31,"18,63,035","18,72,372","18,77,319","18,81,089","18,92,936","19,01,582","19,04,250","19,00,262","19,07,872","19,13,355","19,14,614","19,17,559","19,09,603","19,07,049","19,05,988","19,05,441","19,04,409","19,09,593","19,14,406","19,18,458","19,10,530","19,12,301","19,16,787","19,18,886","19,30,434","19,24,854","19,17,766","19,22,103","19,11,266","19,20,490","19,31,887","19,36,423","19,41,422","19,40,404","19,47,701","19,53,152","19,62,254","19,69,304","19,78,060","19,87,668","19,92,055","19,96,878","19,96,019","19,94,122","19,99,220","19,99,518","20,08,970","20,14,340","20,20,721","20,31,403","20,39,914","20,40,275","20,47,718","20,50,188","20,54,500","20,56,138","20,59,567","20,63,118","20,59,427","20,62,691","20,67,478","20,61,962","20,73,732","20,86,598","20,92,359","20,96,319","20,97,225","20,97,381","20,98,372","20,99,541","20,99,164","21,09,773","21,11,889","21,16,239","19,56,667","17,47,909","18,27,719","19,35,937","19,86,260","20,06,168","20,24,936","20,37,235","20,50,923","20,56,578","20,69,959","20,74,161","20,95,037","20,74,294","20,68,403","20,86,880","21,01,011","21,18,070","21,27,260","21,44,935","21,56,435","21,65,059","21,57,548","21,73,306","21,88,890","21,87,675","21,93,450","21,98,676","22,01,010","22,06,930","22,10,482","22,06,747","22,05,410","21,98,020","22,19,088","22,23,989","22,30,182","22,29,312","22,31,269","22,28,073","22,28,857","22,31,565","22,30,741","22,34,639","22,38,191","22,34,502","22,42,589","22,50,321","22,49,393","22,58,158","22,60,117","22,61,007","22,62,831","22,64,690","22,70,072","22,77,936","22,72,361",..
Accommodation and food services  [72],2024-12-23,"18,63,035","18,72,372","18,77,319","18,81,089","18,92,936","19,01,582","19,04,250","19,00,262","19,07,872","19,13,355","19,14,614","19,17,559","19,09,603","19,07,049","19,05,988","19,05,441","19,04,409","19,09,593","19,14,406","19,18,458","19,10,530","19,12,301","19,16,787","19,18,886","19,30,434","19,24,854","19,17,766","19,22,103","19,11,266","19,20,490","19,31,887","19,36,423","19,41,422","19,40,404","19,47,701","19,53,152","19,62,254","19,69,304","19,78,060","19,87,668","19,92,055","19,96,878","19,96,019","19,94,122","19,99,220","19,99,518","20,08,970","20,14,340","20,20,721","20,31,403","20,39,914","20,40,275","20,47,718","20,50,188","20,54,500","20,56,138","20,59,567","20,63,118","20,59,427","20,62,691","20,67,478","20,61,962","20,73,732","20,86,598","20,92,359","20,96,319","20,97,225","20,97,381","20,98,372","20,99,541","20,99,164","21,09,773","21,11,889","21,16,239","19,56,667","17,47,909","18,27,719","19,35,937","19,86,260","20,06,168","20,24,936","20,37,235","20,50,923","20,56,578","20,69,959","20,74,161","20,95,037","20,74,294","20,68,403","20,86,880","21,01,011","21,18,070","21,27,260","21,44,935","21,56,435","21,65,059","21,57,548","21,73,306","21,88,890","21,87,675","21,93,450","21,98,676","22,01,010","22,06,930","22,10,482","22,06,747","22,05,410","21,98,020","22,19,088","22,23,989","22,30,182","22,29,312","22,31,269","22,28,073","22,28,857","22,31,565","22,30,741","22,34,639","22,38,191","22,34,502","22,42,265","22,49,888","22,48,842","22,57,127","22,59,508","22,60,473","22,62,854","22,64,354","22,69,777","22,76,983",..,..
Accommodation and food services  [72],2024-11-29,"18,63,035","18,72,372","18,77,319","18,81,089","18,92,936","19,01,582","19,04,250","19,00,262","19,07,872","19,13,355","19,14,614","19,17,559","19,09,603","19,07,049","19,05,988","19,05,441","19,04,409","19,09,593","19,14,406","19,18,458","19,10,530","19,12,301","19,16,787","19,18,886","19,30,434","19,24,854","19,17,766","19,22,103","19,11,266","19,20,490","19,31,887","19,36,423","19,41,422","19,40,404","19,47,701","19,53,152","19,62,254","19,69,304","19,78,060","19,87,668","19,92,055","19,96,878","19,96,019","19,94,122","19,99,220","19,99,518","20,08,970","20,14,340","20,20,721","20,31,403","20,39,914","20,40,275","20,47,718","20,50,188","20,54,500","20,56,138","20,59,567","20,63,118","20,59,427","20,62,691","20,67,478","20,61,962","20,73,732","20,86,598","20,92,359","20,96,319","20,97,225","20,97,381","20,98,372","20,99,541","20,99,164","21,09,773","21,11,889","21,16,239","19,56,667","17,47,909","18,27,719","19,35,937","19,86,260","20,06,168","20,24,936","20,37,235","20,50,923","20,56,578","20,69,959","20,74,161","20,95,037","20,74,294","20,68,403","20,86,880","21,01,011","21,18,070","21,27,260","21,44,935","21,56,435","21,65,059","21,57,548","21,73,306","21,88,890","21,87,675","21,93,450","21,98,676","22,01,010","22,06,930","22,10,482","22,06,747","22,05,410","21,98,020","22,19,088","22,23,989","22,30,182","22,29,312","22,31,269","22,28,073","22,28,857","22,31,565","22,30,741","22,34,639","22,38,191","22,34,502","22,42,255","22,49,884","22,48,974","22,57,254","22,59,892","22,60,912","22,63,549","22,64,036","22,65,762",..,..,..
Accommodation and food services  [72],2024-10-31,"18,63,035","18,72,372","18,77,319","18,81,089","18,92,936","19,01,582","19,04,250","19,00,262","19,07,872","19,13,355","19,14,614","19,17,559","19,09,603","19,07,049","19,05,988","19,05,441","19,04,409","19,09,593","19,14,406","19,18,458","19,10,530","19,12,301","19,16,787","19,18,886","19,30,434","19,24,854","19,17,766","19,22,103","19,11,266","19,20,490","19,31,887","19,36,423","19,41,422","19,40,404","19,47,701","19,53,152","19,62,254","19,69,304","19,78,060","19,87,668","19,92,055","19,96,878","19,96,019","19,94,122","19,99,220","19,99,518","20,08,970","20,14,340","20,20,721","20,31,403","20,39,914","20,40,275","20,47,718","20,50,188","20,54,500","20,56,138","20,59,567","20,63,118","20,59,427","20,62,691","20,67,478","20,61,962","20,73,732","20,86,598","20,92,359","20,96,319","20,97,225","20,97,381","20,98,372","20,99,541","20,99,164","21,09,773","21,14,210","21,18,330","19,59,569","17,49,376","18,29,021","19,35,578","19,85,603","20,04,911","20,23,883","20,35,550","20,49,508","20,52,921","20,61,870","20,65,797","20,88,503","20,67,190","20,58,230","20,76,121","20,89,072","21,05,441","21,11,870","21,27,417","21,37,002","21,40,435","21,38,449","21,54,659","21,69,435","21,67,945","21,73,925","21,79,345","21,80,920","21,87,444","21,91,747","21,87,842","21,87,964","21,81,765","21,98,069","21,99,464","22,02,871","21,99,577","22,04,299","22,00,637","22,01,229","22,03,079","22,01,939","22,03,134","22,07,156","22,04,271","22,14,112","22,18,825","22,18,436","22,26,675","22,30,058","22,29,720","22,32,308","22,31,880",..,..,..,..
Goods-producing industries  [T002] 6,2025-02-28,"5,24,256","5,30,386","5,31,705","5,34,836","5,39,687","5,43,859","5,42,469","5,35,966","5,42,208","5,46,127","5,46,021","5,46,868","5,42,604","5,38,444","5,35,146","5,32,254","5,32,706","5,33,050","5,35,165","5,40,272","5,32,098","5,31,775","5,32,357","5,32,036","5,35,618","5,30,212","5,24,772","5,26,789","5,14,234","5,21,424","5,28,131","5,29,972","5,31,708","5,30,060","5,34,229","5,37,681","5,41,243","5,41,117","5,43,571","5,47,314","5,49,602","5,51,174","5,52,649","5,46,788","5,49,159","5,48,010","5,52,832","5,53,561","5,55,891","5,61,587","5,68,051","5,67,485","5,66,040","5,67,748","5,68,844","5,66,429","5,65,498","5,65,148","5,61,699","5,58,824","5,58,703","5,57,700","5,63,088","5,69,995","5,73,348","5,72,246","5,68,252","5,66,933","5,67,269","5,66,814","5,65,109","5,66,539","5,63,763","5,69,167","5,40,118","4,59,642","5,00,095","5,27,771","5,37,457","5,38,984","5,42,336","5,45,901","5,51,391","5,56,875","5,61,925","5,58,614","5,62,678","5,58,097","5,54,883","5,58,590","5,56,410","5,56,498","5,54,135","5,62,525","5,60,557","5,65,800","5,71,962","5,76,730","5,80,504","5,81,748","5,81,473","5,84,583","5,84,429","5,85,656","5,86,695","5,81,375","5,79,773","5,72,824","5,77,810","5,79,585","5,81,292","5,81,353","5,75,474","5,76,001","5,76,317","5,76,148","5,73,910","5,75,070","5,78,424","5,77,428","5,72,882","5,76,342","5,76,305","5,78,544","5,79,840","5,78,464","5,77,321","5,77,596","5,77,447","5,81,676","5,77,644","5,79,526"
Accommodation and food services  [72],2025-01-31,"5,24,256","5,30,386","5,31,705","5,34,836","5,39,687","5,43,859","5,42,469","5,35,966","5,42,208","5,46,127","5,46,021","5,46,868","5,42,604","5,38,444","5,35,146","5,32,254","5,32,706","5,33,050","5,35,165","5,40,272","5,32,098","5,31,775","5,32,357","5,32,036","5,35,618","5,30,212","5,24,772","5,26,789","5,14,234","5,21,424","5,28,131","5,29,972","5,31,708","5,30,060","5,34,229","5,37,681","5,41,243","5,41,117","5,43,571","5,47,314","5,49,602","5,51,174","5,52,649","5,46,788","5,49,159","5,48,010","5,52,832","5,53,561","5,55,891","5,61,587","5,68,051","5,67,485","5,66,040","5,67,748","5,68,844","5,66,429","5,65,498","5,65,148","5,61,699","5,58,824","5,58,703","5,57,700","5,63,088","5,69,995","5,73,348","5,72,246","5,68,252","5,66,933","5,67,269","5,66,814","5,65,109","5,66,539","5,63,763","5,69,167","5,40,118","4,59,642","5,00,095","5,27,771","5,37,457","5,38,984","5,42,336","5,45,901","5,51,391","5,56,875","5,61,925","5,58,614","5,62,678","5,58,097","5,54,883","5,58,590","5,56,410","5,56,498","5,54,135","5,62,525","5,60,557","5,65,800","5,71,962","5,76,730","5,80,504","5,81,748","5,81,473","5,84,583","5,84,429","5,85,656","5,86,695","5,81,375","5,79,773","5,72,824","5,77,810","5,79,585","5,81,292","5,81,353","5,75,474","5,76,001","5,76,317","5,76,148","5,73,910","5,75,070","5,78,424","5,77,428","5,72,599","5,75,617","5,75,260","5,77,725","5,79,216","5,77,765","5,76,464","5,76,221","5,75,915","5,80,876","5,77,328",..
Accommodation and food services  [72],2024-12-23,"5,24,256","5,30,386","5,31,705","5,34,836","5,39,687","5,43,859","5,42,469","5,35,966","5,42,208","5,46,127","5,46,021","5,46,868","5,42,604","5,38,444","5,35,146","5,32,254","5,32,706","5,33,050","5,35,165","5,40,272","5,32,098","5,31,775","5,32,357","5,32,036","5,35,618","5,30,212","5,24,772","5,26,789","5,14,234","5,21,424","5,28,131","5,29,972","5,31,708","5,30,060","5,34,229","5,37,681","5,41,243","5,41,117","5,43,571","5,47,314","5,49,602","5,51,174","5,52,649","5,46,788","5,49,159","5,48,010","5,52,832","5,53,561","5,55,891","5,61,587","5,68,051","5,67,485","5,66,040","5,67,748","5,68,844","5,66,429","5,65,498","5,65,148","5,61,699","5,58,824","5,58,703","5,57,700","5,63,088","5,69,995","5,73,348","5,72,246","5,68,252","5,66,933","5,67,269","5,66,814","5,65,109","5,66,539","5,63,763","5,69,167","5,40,118","4,59,642","5,00,095","5,27,771","5,37,457","5,38,984","5,42,336","5,45,901","5,51,391","5,56,875","5,61,925","5,58,614","5,62,678","5,58,097","5,54,883","5,58,590","5,56,410","5,56,498","5,54,135","5,62,525","5,60,557","5,65,800","5,71,962","5,76,730","5,80,504","5,81,748","5,81,473","5,84,583","5,84,429","5,85,656","5,86,695","5,81,375","5,79,773","5,72,824","5,77,810","5,79,585","5,81,292","5,81,353","5,75,474","5,76,001","5,76,317","5,76,148","5,73,910","5,75,070","5,78,424","5,77,428","5,72,666","5,75,594","5,75,264","5,77,664","5,79,198","5,77,842","5,76,904","5,76,241","5,75,766","5,80,810",..,..
Accommodation and food services  [72],2024-11-29,"5,24,256","5,30,386","5,31,705","5,34,836","5,39,687","5,43,859","5,42,469","5,35,966","5,42,208","5,46,127","5,46,021","5,46,868","5,42,604","5,38,444","5,35,146","5,32,254","5,32,706","5,33,050","5,35,165","5,40,272","5,32,098","5,31,775","5,32,357","5,32,036","5,35,618","5,30,212","5,24,772","5,26,789","5,14,234","5,21,424","5,28,131","5,29,972","5,31,708","5,30,060","5,34,229","5,37,681","5,41,243","5,41,117","5,43,571","5,47,314","5,49,602","5,51,174","5,52,649","5,46,788","5,49,159","5,48,010","5,52,832","5,53,561","5,55,891","5,61,587","5,68,051","5,67,485","5,66,040","5,67,748","5,68,844","5,66,429","5,65,498","5,65,148","5,61,699","5,58,824","5,58,703","5,57,700","5,63,088","5,69,995","5,73,348","5,72,246","5,68,252","5,66,933","5,67,269","5,66,814","5,65,109","5,66,539","5,63,763","5,69,167","5,40,118","4,59,642","5,00,095","5,27,771","5,37,457","5,38,984","5,42,336","5,45,901","5,51,391","5,56,875","5,61,925","5,58,614","5,62,678","5,58,097","5,54,883","5,58,590","5,56,410","5,56,498","5,54,135","5,62,525","5,60,557","5,65,800","5,71,962","5,76,730","5,80,504","5,81,748","5,81,473","5,84,583","5,84,429","5,85,656","5,86,695","5,81,375","5,79,773","5,72,824","5,77,810","5,79,585","5,81,292","5,81,353","5,75,474","5,76,001","5,76,317","5,76,148","5,73,910","5,75,070","5,78,424","5,77,428","5,72,833","5,75,835","5,75,539","5,77,923","5,79,607","5,78,297","5,78,044","5,76,643","5,74,697",..,..,..
Accommodation and food services  [72],2024-10-31,"5,24,256","5,30,386","5,31,705","5,34,836","5,39,687","5,43,859","5,42,469","5,35,966","5,42,208","5,46,127","5,46,021","5,46,868","5,42,604","5,38,444","5,35,146","5,32,254","5,32,706","5,33,050","5,35,165","5,40,272","5,32,098","5,31,775","5,32,357","5,32,036","5,35,618","5,30,212","5,24,772","5,26,789","5,14,234","5,21,424","5,28,131","5,29,972","5,31,708","5,30,060","5,34,229","5,37,681","5,41,243","5,41,117","5,43,571","5,47,314","5,49,602","5,51,174","5,52,649","5,46,788","5,49,159","5,48,010","5,52,832","5,53,561","5,55,891","5,61,587","5,68,051","5,67,485","5,66,040","5,67,748","5,68,844","5,66,429","5,65,498","5,65,148","5,61,699","5,58,824","5,58,703","5,57,700","5,63,088","5,69,995","5,73,348","5,72,246","5,68,252","5,66,933","5,67,269","5,66,814","5,65,109","5,66,539","5,64,416","5,69,394","5,41,362","4,59,461","4,99,378","5,26,681","5,36,761","5,38,830","5,42,701","5,46,101","5,52,321","5,56,094","5,61,315","5,58,849","5,65,374","5,61,939","5,56,921","5,60,464","5,56,448","5,57,143","5,53,581","5,63,630","5,64,170","5,67,810","5,74,718","5,77,927","5,82,189","5,83,030","5,81,533","5,85,385","5,83,804","5,86,304","5,86,466","5,82,069","5,81,719","5,75,568","5,78,968","5,79,511","5,80,284","5,78,599","5,75,128","5,74,138","5,73,534","5,72,204","5,70,146","5,70,051","5,74,129","5,71,027","5,69,803","5,70,644","5,70,320","5,71,250","5,74,004","5,71,289","5,71,399","5,69,157",..,..,..,..
Service-producing industries  [T003] 6,2025-02-28,"13,38,723","13,41,741","13,45,494","13,46,015","13,52,953","13,57,318","13,61,641","13,64,661","13,65,617","13,66,946","13,68,312","13,70,318","13,67,403","13,68,960","13,71,174","13,73,473","13,71,947","13,76,746","13,79,433","13,78,341","13,78,523","13,80,602","13,84,457","13,86,853","13,95,008","13,94,697","13,92,951","13,95,321","13,96,728","13,98,921","14,03,709","14,06,416","14,09,687","14,10,245","14,13,405","14,15,439","14,21,952","14,29,160","14,35,347","14,40,962","14,42,645","14,45,604","14,42,975","14,46,767","14,49,388","14,50,822","14,55,497","14,60,269","14,64,592","14,69,585","14,71,644","14,72,653","14,81,669","14,82,461","14,85,692","14,89,801","14,94,208","14,98,103","14,97,864","15,04,036","15,08,902","15,04,365","15,10,723","15,16,636","15,19,029","15,24,125","15,29,043","15,30,541","15,31,214","15,32,876","15,34,245","15,43,433","15,47,993","15,47,231","14,17,639","12,87,600","13,28,268","14,08,669","14,48,998","14,67,064","14,82,305","14,91,005","14,99,244","14,99,640","15,05,746","15,14,038","15,31,307","15,15,319","15,13,037","15,28,133","15,45,212","15,62,743","15,74,845","15,83,759","15,97,753","16,00,712","15,86,088","15,96,905","16,08,697","16,06,048","16,12,240","16,14,118","16,16,661","16,21,365","16,23,874","16,25,885","16,26,281","16,26,358","16,42,524","16,45,564","16,50,094","16,49,166","16,57,712","16,53,860","16,54,328","16,57,324","16,58,948","16,61,665","16,61,613","16,58,898","16,72,699","16,78,217","16,78,276","16,84,918","16,85,650","16,87,937","16,91,961","16,94,962","17,01,497","17,04,443","17,03,186","17,06,483"
Accommodation and food services  [72],2025-01-31,"13,38,723","13,41,741","13,45,494","13,46,015","13,52,953","13,57,318","13,61,641","13,64,661","13,65,617","13,66,946","13,68,312","13,70,318","13,67,403","13,68,960","13,71,174","13,73,473","13,71,947","13,76,746","13,79,433","13,78,341","13,78,523","13,80,602","13,84,457","13,86,853","13,95,008","13,94,697","13,92,951","13,95,321","13,96,728","13,98,921","14,03,709","14,06,416","14,09,687","14,10,245","14,13,405","14,15,439","14,21,952","14,29,160","14,35,347","14,40,962","14,42,645","14,45,604","14,42,975","14,46,767","14,49,388","14,50,822","14,55,497","14,60,269","14,64,592","14,69,585","14,71,644","14,72,653","14,81,669","14,82,461","14,85,692","14,89,801","14,94,208","14,98,103","14,97,864","15,04,036","15,08,902","15,04,365","15,10,723","15,16,636","15,19,029","15,24,125","15,29,043","15,30,541","15,31,214","15,32,876","15,34,245","15,43,433","15,47,993","15,47,231","14,17,639","12,87,600","13,28,268","14,08,669","14,48,998","14,67,064","14,82,305","14,91,005","14,99,244","14,99,640","15,05,746","15,14,038","15,31,307","15,15,319","15,13,037","15,28,133","15,45,212","15,62,743","15,74,845","15,83,759","15,97,753","16,00,712","15,86,088","15,96,905","16,08,697","16,06,048","16,12,240","16,14,118","16,16,661","16,21,365","16,23,874","16,25,885","16,26,281","16,26,358","16,42,524","16,45,564","16,50,094","16,49,166","16,57,712","16,53,860","16,54,328","16,57,324","16,58,948","16,61,665","16,61,613","16,58,898","16,72,538","16,77,160","16,76,574","16,82,860","16,83,209","16,85,726","16,89,036","16,91,215","16,97,077","16,99,681","16,97,888",..
Accommodation and food services  [72],2024-12-23,"13,38,723","13,41,741","13,45,494","13,46,015","13,52,953","13,57,318","13,61,641","13,64,661","13,65,617","13,66,946","13,68,312","13,70,318","13,67,403","13,68,960","13,71,174","13,73,473","13,71,947","13,76,746","13,79,433","13,78,341","13,78,523","13,80,602","13,84,457","13,86,853","13,95,008","13,94,697","13,92,951","13,95,321","13,96,728","13,98,921","14,03,709","14,06,416","14,09,687","14,10,245","14,13,405","14,15,439","14,21,952","14,29,160","14,35,347","14,40,962","14,42,645","14,45,604","14,42,975","14,46,767","14,49,388","14,50,822","14,55,497","14,60,269","14,64,592","14,69,585","14,71,644","14,72,653","14,81,669","14,82,461","14,85,692","14,89,801","14,94,208","14,98,103","14,97,864","15,04,036","15,08,902","15,04,365","15,10,723","15,16,636","15,19,029","15,24,125","15,29,043","15,30,541","15,31,214","15,32,876","15,34,245","15,43,433","15,47,993","15,47,231","14,17,639","12,87,600","13,28,268","14,08,669","14,48,998","14,67,064","14,82,305","14,91,005","14,99,244","14,99,640","15,05,746","15,14,038","15,31,307","15,15,319","15,13,037","15,28,133","15,45,212","15,62,743","15,74,845","15,83,759","15,97,753","16,00,712","15,86,088","15,96,905","16,08,697","16,06,048","16,12,240","16,14,118","16,16,661","16,21,365","16,23,874","16,25,885","16,26,281","16,26,358","16,42,524","16,45,564","16,50,094","16,49,166","16,57,712","16,53,860","16,54,328","16,57,324","16,58,948","16,61,665","16,61,613","16,58,898","16,72,131","16,76,740","16,76,003","16,81,868","16,82,602","16,85,092","16,88,574","16,90,849","16,96,938","16,98,774",..,..
Accommodation and food services  [72],2024-11-29,"13,38,723","13,41,741","13,45,494","13,46,015","13,52,953","13,57,318","13,61,641","13,64,661","13,65,617","13,66,946","13,68,312","13,70,318","13,67,403","13,68,960","13,71,174","13,73,473","13,71,947","13,76,746","13,79,433","13,78,341","13,78,523","13,80,602","13,84,457","13,86,853","13,95,008","13,94,697","13,92,951","13,95,321","13,96,728","13,98,921","14,03,709","14,06,416","14,09,687","14,10,245","14,13,405","14,15,439","14,21,952","14,29,160","14,35,347","14,40,962","14,42,645","14,45,604","14,42,975","14,46,767","14,49,388","14,50,822","14,55,497","14,60,269","14,64,592","14,69,585","14,71,644","14,72,653","14,81,669","14,82,461","14,85,692","14,89,801","14,94,208","14,98,103","14,97,864","15,04,036","15,08,902","15,04,365","15,10,723","15,16,636","15,19,029","15,24,125","15,29,043","15,30,541","15,31,214","15,32,876","15,34,245","15,43,433","15,47,993","15,47,231","14,17,639","12,87,600","13,28,268","14,08,669","14,48,998","14,67,064","14,82,305","14,91,005","14,99,244","14,99,640","15,05,746","15,14,038","15,31,307","15,15,319","15,13,037","15,28,133","15,45,212","15,62,743","15,74,845","15,83,759","15,97,753","16,00,712","15,86,088","15,96,905","16,08,697","16,06,048","16,12,240","16,14,118","16,16,661","16,21,365","16,23,874","16,25,885","16,26,281","16,26,358","16,42,524","16,45,564","16,50,094","16,49,166","16,57,712","16,53,860","16,54,328","16,57,324","16,58,948","16,61,665","16,61,613","16,58,898","16,71,936","16,76,470","16,75,836","16,81,713","16,82,546","16,85,041","16,88,030","16,90,077","16,93,992",..,..,..
Accommodation and food services  [72],2024-10-31,"13,38,723","13,41,741","13,45,494","13,46,015","13,52,953","13,57,318","13,61,641","13,64,661","13,65,617","13,66,946","13,68,312","13,70,318","13,67,403","13,68,960","13,71,174","13,73,473","13,71,947","13,76,746","13,79,433","13,78,341","13,78,523","13,80,602","13,84,457","13,86,853","13,95,008","13,94,697","13,92,951","13,95,321","13,96,728","13,98,921","14,03,709","14,06,416","14,09,687","14,10,245","14,13,405","14,15,439","14,21,952","14,29,160","14,35,347","14,40,962","14,42,645","14,45,604","14,42,975","14,46,767","14,49,388","14,50,822","14,55,497","14,60,269","14,64,592","14,69,585","14,71,644","14,72,653","14,81,669","14,82,461","14,85,692","14,89,801","14,94,208","14,98,103","14,97,864","15,04,036","15,08,902","15,04,365","15,10,723","15,16,636","15,19,029","15,24,125","15,29,043","15,30,541","15,31,214","15,32,876","15,34,245","15,43,433","15,49,655","15,49,060","14,19,280","12,89,139","13,30,132","14,09,246","14,48,916","14,65,909","14,80,918","14,89,213","14,97,148","14,97,040","15,00,996","15,07,168","15,23,400","15,05,704","15,01,558","15,15,820","15,32,252","15,47,625","15,57,206","15,63,080","15,71,930","15,71,865","15,63,427","15,76,370","15,86,970","15,84,798","15,92,106","15,93,882","15,96,927","16,01,040","16,05,145","16,05,422","16,05,871","16,05,494","16,18,324","16,19,166","16,21,744","16,20,051","16,27,880","16,25,163","16,26,300","16,29,327","16,30,138","16,31,376","16,31,555","16,31,625","16,42,438","16,46,348","16,46,251","16,53,450","16,54,210","16,56,383","16,58,819","16,60,465",..,..,..,..
Business sector industries  [T004],2025-02-28,"15,07,510","15,16,317","15,21,103","15,24,794","15,36,627","15,46,993","15,48,073","15,43,834","15,52,459","15,55,932","15,56,982","15,60,148","15,51,199","15,47,864","15,46,580","15,45,303","15,45,225","15,49,959","15,54,696","15,60,185","15,51,346","15,52,977","15,57,507","15,58,965","15,69,499","15,62,950","15,55,223","15,59,151","15,47,057","15,56,003","15,67,694","15,71,803","15,76,121","15,75,204","15,82,154","15,87,568","15,97,765","16,04,354","16,12,686","16,21,746","16,25,421","16,28,701","16,26,367","16,23,030","16,26,677","16,26,692","16,35,271","16,39,442","16,44,431","16,53,903","16,61,368","16,60,439","16,66,490","16,68,077","16,71,789","16,72,970","16,76,250","16,79,473","16,75,651","16,79,003","16,83,129","16,77,327","16,88,321","17,00,896","17,06,183","17,09,859","17,09,609","17,09,532","17,10,516","17,10,467","17,09,535","17,18,742","17,19,331","17,23,032","15,85,356","13,93,618","14,63,879","15,66,157","16,06,804","16,21,321","16,36,767","16,47,108","16,60,040","16,63,671","16,76,465","16,79,303","16,96,463","16,79,729","16,70,779","16,86,559","16,98,680","17,15,658","17,23,041","17,41,560","17,52,117","17,60,178","17,54,462","17,67,849","17,83,274","17,81,211","17,85,088","17,88,554","17,90,015","17,95,093","17,97,770","17,91,309","17,88,188","17,79,619","17,98,734","18,02,298","18,07,571","18,08,793","18,07,879","18,03,742","18,03,766","18,05,344","18,03,850","18,07,548","18,14,742","18,15,521","18,14,106","18,20,915","18,19,121","18,26,820","18,26,774","18,26,506","18,27,264","18,28,920","18,34,860","18,42,411","18,37,136","18,41,868"
Accommodation and food services  [72],2025-01-31,"15,07,510","15,16,317","15,21,103","15,24,794","15,36,627","15,46,993","15,48,073","15,43,834","15,52,459","15,55,932","15,56,982","15,60,148","15,51,199","15,47,864","15,46,580","15,45,303","15,45,225","15,49,959","15,54,696","15,60,185","15,51,346","15,52,977","15,57,507","15,58,965","15,69,499","15,62,950","15,55,223","15,59,151","15,47,057","15,56,003","15,67,694","15,71,803","15,76,121","15,75,204","15,82,154","15,87,568","15,97,765","16,04,354","16,12,686","16,21,746","16,25,421","16,28,701","16,26,367","16,23,030","16,26,677","16,26,692","16,35,271","16,39,442","16,44,431","16,53,903","16,61,368","16,60,439","16,66,490","16,68,077","16,71,789","16,72,970","16,76,250","16,79,473","16,75,651","16,79,003","16,83,129","16,77,327","16,88,321","17,00,896","17,06,183","17,09,859","17,09,609","17,09,532","17,10,516","17,10,467","17,09,535","17,18,742","17,19,331","17,23,032","15,85,356","13,93,618","14,63,879","15,66,157","16,06,804","16,21,321","16,36,767","16,47,108","16,60,040","16,63,671","16,76,465","16,79,303","16,96,463","16,79,729","16,70,779","16,86,559","16,98,680","17,15,658","17,23,041","17,41,560","17,52,117","17,60,178","17,54,462","17,67,849","17,83,274","17,81,211","17,85,088","17,88,554","17,90,015","17,95,093","17,97,770","17,91,309","17,88,188","17,79,619","17,98,734","18,02,298","18,07,571","18,08,793","18,07,879","18,03,742","18,03,766","18,05,344","18,03,850","18,07,548","18,14,742","18,15,521","18,14,082","18,20,249","18,18,006","18,26,012","18,25,915","18,25,693","18,26,034","18,26,884","18,32,043","18,39,738","18,34,382",..
Accommodation and food services  [72],2024-12-23,"15,07,510","15,16,317","15,21,103","15,24,794","15,36,627","15,46,993","15,48,073","15,43,834","15,52,459","15,55,932","15,56,982","15,60,148","15,51,199","15,47,864","15,46,580","15,45,303","15,45,225","15,49,959","15,54,696","15,60,185","15,51,346","15,52,977","15,57,507","15,58,965","15,69,499","15,62,950","15,55,223","15,59,151","15,47,057","15,56,003","15,67,694","15,71,803","15,76,121","15,75,204","15,82,154","15,87,568","15,97,765","16,04,354","16,12,686","16,21,746","16,25,421","16,28,701","16,26,367","16,23,030","16,26,677","16,26,692","16,35,271","16,39,442","16,44,431","16,53,903","16,61,368","16,60,439","16,66,490","16,68,077","16,71,789","16,72,970","16,76,250","16,79,473","16,75,651","16,79,003","16,83,129","16,77,327","16,88,321","17,00,896","17,06,183","17,09,859","17,09,609","17,09,532","17,10,516","17,10,467","17,09,535","17,18,742","17,19,331","17,23,032","15,85,356","13,93,618","14,63,879","15,66,157","16,06,804","16,21,321","16,36,767","16,47,108","16,60,040","16,63,671","16,76,465","16,79,303","16,96,463","16,79,729","16,70,779","16,86,559","16,98,680","17,15,658","17,23,041","17,41,560","17,52,117","17,60,178","17,54,462","17,67,849","17,83,274","17,81,211","17,85,088","17,88,554","17,90,015","17,95,093","17,97,770","17,91,309","17,88,188","17,79,619","17,98,734","18,02,298","18,07,571","18,08,793","18,07,879","18,03,742","18,03,766","18,05,344","18,03,850","18,07,548","18,14,742","18,15,521","18,13,725","18,19,823","18,17,482","18,25,017","18,25,320","18,25,166","18,26,092","18,26,657","18,31,724","18,38,773",..,..
Accommodation and food services  [72],2024-11-29,"15,07,510","15,16,317","15,21,103","15,24,794","15,36,627","15,46,993","15,48,073","15,43,834","15,52,459","15,55,932","15,56,982","15,60,148","15,51,199","15,47,864","15,46,580","15,45,303","15,45,225","15,49,959","15,54,696","15,60,185","15,51,346","15,52,977","15,57,507","15,58,965","15,69,499","15,62,950","15,55,223","15,59,151","15,47,057","15,56,003","15,67,694","15,71,803","15,76,121","15,75,204","15,82,154","15,87,568","15,97,765","16,04,354","16,12,686","16,21,746","16,25,421","16,28,701","16,26,367","16,23,030","16,26,677","16,26,692","16,35,271","16,39,442","16,44,431","16,53,903","16,61,368","16,60,439","16,66,490","16,68,077","16,71,789","16,72,970","16,76,250","16,79,473","16,75,651","16,79,003","16,83,129","16,77,327","16,88,321","17,00,896","17,06,183","17,09,859","17,09,609","17,09,532","17,10,516","17,10,467","17,09,535","17,18,742","17,19,331","17,23,032","15,85,356","13,93,618","14,63,879","15,66,157","16,06,804","16,21,321","16,36,767","16,47,108","16,60,040","16,63,671","16,76,465","16,79,303","16,96,463","16,79,729","16,70,779","16,86,559","16,98,680","17,15,658","17,23,041","17,41,560","17,52,117","17,60,178","17,54,462","17,67,849","17,83,274","17,81,211","17,85,088","17,88,554","17,90,015","17,95,093","17,97,770","17,91,309","17,88,188","17,79,619","17,98,734","18,02,298","18,07,571","18,08,793","18,07,879","18,03,742","18,03,766","18,05,344","18,03,850","18,07,548","18,14,742","18,15,521","18,13,718","18,19,816","18,17,611","18,25,134","18,25,691","18,25,584","18,26,757","18,26,298","18,27,795",..,..,..
Accommodation and food services  [72],2024-10-31,"15,07,510","15,16,317","15,21,103","15,24,794","15,36,627","15,46,993","15,48,073","15,43,834","15,52,459","15,55,932","15,56,982","15,60,148","15,51,199","15,47,864","15,46,580","15,45,303","15,45,225","15,49,959","15,54,696","15,60,185","15,51,346","15,52,977","15,57,507","15,58,965","15,69,499","15,62,950","15,55,223","15,59,151","15,47,057","15,56,003","15,67,694","15,71,803","15,76,121","15,75,204","15,82,154","15,87,568","15,97,765","16,04,354","16,12,686","16,21,746","16,25,421","16,28,701","16,26,367","16,23,030","16,26,677","16,26,692","16,35,271","16,39,442","16,44,431","16,53,903","16,61,368","16,60,439","16,66,490","16,68,077","16,71,789","16,72,970","16,76,250","16,79,473","16,75,651","16,79,003","16,83,129","16,77,327","16,88,321","17,00,896","17,06,183","17,09,859","17,09,609","17,09,532","17,10,516","17,10,467","17,09,535","17,18,742","17,21,698","17,25,137","15,88,427","13,95,030","14,65,126","15,65,803","16,06,125","16,20,117","16,35,735","16,45,428","16,58,584","16,59,874","16,67,973","16,70,048","16,88,589","16,71,161","16,58,313","16,73,332","16,84,119","17,00,448","17,05,042","17,21,591","17,30,268","17,33,248","17,33,014","17,47,118","17,62,295","17,60,095","17,64,173","17,68,161","17,69,043","17,74,982","17,78,604","17,72,313","17,70,695","17,63,427","17,78,200","17,78,434","17,81,140","17,80,156","17,81,722","17,77,289","17,77,188","17,77,795","17,75,963","17,76,804","17,84,330","17,86,141","17,86,312","17,89,725","17,88,164","17,95,208","17,96,485","17,94,935","17,96,342","17,94,850",..,..,..,..
Non-business sector industries  [T007],2025-02-28,"3,55,230","3,55,839","3,56,131","3,56,295","3,56,325","3,54,536","3,56,267","3,56,601","3,55,477","3,57,502","3,57,685","3,57,373","3,58,474","3,59,216","3,59,438","3,60,161","3,59,160","3,59,612","3,59,699","3,58,202","3,59,130","3,59,289","3,59,212","3,59,864","3,60,962","3,61,881","3,62,548","3,62,978","3,64,230","3,64,513","3,64,208","3,64,618","3,65,283","3,65,167","3,65,448","3,65,432","3,65,432","3,66,008","3,66,357","3,66,679","3,66,951","3,68,123","3,69,244","3,70,476","3,71,760","3,72,011","3,72,936","3,74,279","3,75,940","3,77,204","3,78,358","3,79,757","3,81,238","3,82,181","3,82,831","3,83,317","3,83,480","3,83,823","3,83,939","3,83,808","3,84,414","3,84,691","3,85,476","3,85,743","3,86,218","3,86,496","3,87,611","3,87,828","3,87,818","3,89,033","3,89,554","3,90,918","3,93,074","3,93,776","3,71,481","3,53,496","3,63,219","3,69,701","3,79,285","3,84,513","3,87,741","3,89,562","3,90,229","3,92,047","3,92,502","3,94,075","3,97,977","3,94,150","3,97,458","4,00,268","4,02,365","4,02,441","4,04,288","4,03,363","4,04,275","4,04,738","4,02,889","4,05,104","4,05,172","4,06,034","4,07,918","4,09,651","4,10,530","4,11,343","4,12,226","4,15,016","4,16,827","4,18,070","4,19,953","4,21,249","4,22,186","4,20,073","4,23,019","4,24,031","4,24,848","4,26,040","4,26,791","4,26,994","4,23,310","4,18,802","4,29,058","4,31,241","4,33,039","4,34,131","4,36,279","4,37,274","4,39,196","4,40,758","4,40,974","4,40,794","4,40,516","4,41,029"
Accommodation and food services  [72],2025-01-31,"3,55,230","3,55,839","3,56,131","3,56,295","3,56,325","3,54,536","3,56,267","3,56,601","3,55,477","3,57,502","3,57,685","3,57,373","3,58,474","3,59,216","3,59,438","3,60,161","3,59,160","3,59,612","3,59,699","3,58,202","3,59,130","3,59,289","3,59,212","3,59,864","3,60,962","3,61,881","3,62,548","3,62,978","3,64,230","3,64,513","3,64,208","3,64,618","3,65,283","3,65,167","3,65,448","3,65,432","3,65,432","3,66,008","3,66,357","3,66,679","3,66,951","3,68,123","3,69,244","3,70,476","3,71,760","3,72,011","3,72,936","3,74,279","3,75,940","3,77,204","3,78,358","3,79,757","3,81,238","3,82,181","3,82,831","3,83,317","3,83,480","3,83,823","3,83,939","3,83,808","3,84,414","3,84,691","3,85,476","3,85,743","3,86,218","3,86,496","3,87,611","3,87,828","3,87,818","3,89,033","3,89,554","3,90,918","3,93,074","3,93,776","3,71,481","3,53,496","3,63,219","3,69,701","3,79,285","3,84,513","3,87,741","3,89,562","3,90,229","3,92,047","3,92,502","3,94,075","3,97,977","3,94,150","3,97,458","4,00,268","4,02,365","4,02,441","4,04,288","4,03,363","4,04,275","4,04,738","4,02,889","4,05,104","4,05,172","4,06,034","4,07,918","4,09,651","4,10,530","4,11,343","4,12,226","4,15,016","4,16,827","4,18,070","4,19,953","4,21,249","4,22,186","4,20,073","4,23,019","4,24,031","4,24,848","4,26,040","4,26,791","4,26,994","4,23,310","4,18,802","4,28,612","4,30,080","4,31,347","4,32,020","4,34,054","4,35,146","4,36,615","4,37,619","4,37,795","4,37,931","4,37,734",..
Accommodation and food services  [72],2024-12-23,"3,55,230","3,55,839","3,56,131","3,56,295","3,56,325","3,54,536","3,56,267","3,56,601","3,55,477","3,57,502","3,57,685","3,57,373","3,58,474","3,59,216","3,59,438","3,60,161","3,59,160","3,59,612","3,59,699","3,58,202","3,59,130","3,59,289","3,59,212","3,59,864","3,60,962","3,61,881","3,62,548","3,62,978","3,64,230","3,64,513","3,64,208","3,64,618","3,65,283","3,65,167","3,65,448","3,65,432","3,65,432","3,66,008","3,66,357","3,66,679","3,66,951","3,68,123","3,69,244","3,70,476","3,71,760","3,72,011","3,72,936","3,74,279","3,75,940","3,77,204","3,78,358","3,79,757","3,81,238","3,82,181","3,82,831","3,83,317","3,83,480","3,83,823","3,83,939","3,83,808","3,84,414","3,84,691","3,85,476","3,85,743","3,86,218","3,86,496","3,87,611","3,87,828","3,87,818","3,89,033","3,89,554","3,90,918","3,93,074","3,93,776","3,71,481","3,53,496","3,63,219","3,69,701","3,79,285","3,84,513","3,87,741","3,89,562","3,90,229","3,92,047","3,92,502","3,94,075","3,97,977","3,94,150","3,97,458","4,00,268","4,02,365","4,02,441","4,04,288","4,03,363","4,04,275","4,04,738","4,02,889","4,05,104","4,05,172","4,06,034","4,07,918","4,09,651","4,10,530","4,11,343","4,12,226","4,15,016","4,16,827","4,18,070","4,19,953","4,21,249","4,22,186","4,20,073","4,23,019","4,24,031","4,24,848","4,26,040","4,26,791","4,26,994","4,23,310","4,18,802","4,28,648","4,30,074","4,31,322","4,31,987","4,34,042","4,35,142","4,36,580","4,37,509","4,37,821","4,37,947",..,..
Accommodation and food services  [72],2024-11-29,"3,55,230","3,55,839","3,56,131","3,56,295","3,56,325","3,54,536","3,56,267","3,56,601","3,55,477","3,57,502","3,57,685","3,57,373","3,58,474","3,59,216","3,59,438","3,60,161","3,59,160","3,59,612","3,59,699","3,58,202","3,59,130","3,59,289","3,59,212","3,59,864","3,60,962","3,61,881","3,62,548","3,62,978","3,64,230","3,64,513","3,64,208","3,64,618","3,65,283","3,65,167","3,65,448","3,65,432","3,65,432","3,66,008","3,66,357","3,66,679","3,66,951","3,68,123","3,69,244","3,70,476","3,71,760","3,72,011","3,72,936","3,74,279","3,75,940","3,77,204","3,78,358","3,79,757","3,81,238","3,82,181","3,82,831","3,83,317","3,83,480","3,83,823","3,83,939","3,83,808","3,84,414","3,84,691","3,85,476","3,85,743","3,86,218","3,86,496","3,87,611","3,87,828","3,87,818","3,89,033","3,89,554","3,90,918","3,93,074","3,93,776","3,71,481","3,53,496","3,63,219","3,69,701","3,79,285","3,84,513","3,87,741","3,89,562","3,90,229","3,92,047","3,92,502","3,94,075","3,97,977","3,94,150","3,97,458","4,00,268","4,02,365","4,02,441","4,04,288","4,03,363","4,04,275","4,04,738","4,02,889","4,05,104","4,05,172","4,06,034","4,07,918","4,09,651","4,10,530","4,11,343","4,12,226","4,15,016","4,16,827","4,18,070","4,19,953","4,21,249","4,22,186","4,20,073","4,23,019","4,24,031","4,24,848","4,26,040","4,26,791","4,26,994","4,23,310","4,18,802","4,28,644","4,30,078","4,31,325","4,31,998","4,34,054","4,35,162","4,36,606","4,37,553","4,37,753",..,..,..
Accommodation and food services  [72],2024-10-31,"3,55,230","3,55,839","3,56,131","3,56,295","3,56,325","3,54,536","3,56,267","3,56,601","3,55,477","3,57,502","3,57,685","3,57,373","3,58,474","3,59,216","3,59,438","3,60,161","3,59,160","3,59,612","3,59,699","3,58,202","3,59,130","3,59,289","3,59,212","3,59,864","3,60,962","3,61,881","3,62,548","3,62,978","3,64,230","3,64,513","3,64,208","3,64,618","3,65,283","3,65,167","3,65,448","3,65,432","3,65,432","3,66,008","3,66,357","3,66,679","3,66,951","3,68,123","3,69,244","3,70,476","3,71,760","3,72,011","3,72,936","3,74,279","3,75,940","3,77,204","3,78,358","3,79,757","3,81,238","3,82,181","3,82,831","3,83,317","3,83,480","3,83,823","3,83,939","3,83,808","3,84,414","3,84,691","3,85,476","3,85,743","3,86,218","3,86,496","3,87,611","3,87,828","3,87,818","3,89,033","3,89,554","3,90,918","3,92,858","3,93,529","3,71,110","3,53,338","3,63,095","3,69,515","3,79,178","3,84,420","3,87,795","3,89,795","3,90,697","3,92,794","3,93,744","3,95,539","3,99,720","3,95,822","3,99,453","4,02,317","4,04,489","4,04,626","4,06,410","4,05,541","4,06,452","4,06,875","4,05,153","4,07,316","4,07,082","4,07,800","4,09,702","4,11,173","4,11,876","4,12,509","4,13,206","4,15,482","4,17,174","4,18,147","4,19,757","4,20,859","4,21,509","4,19,241","4,22,278","4,22,968","4,23,614","4,24,799","4,25,473","4,25,781","4,22,471","4,17,926","4,27,301","4,28,634","4,29,757","4,30,966","4,33,030","4,34,190","4,35,339","4,36,355",..,..,..,..
Industrial production  [T010] 6,2025-02-28,"3,39,613","3,45,078","3,46,932","3,50,457","3,53,459","3,56,835","3,54,563","3,49,182","3,54,571","3,56,351","3,55,960","3,57,007","3,54,299","3,51,385","3,49,912","3,47,182","3,46,567","3,47,877","3,50,211","3,55,074","3,48,146","3,48,141","3,48,906","3,49,193","3,53,006","3,49,099","3,45,546","3,46,825","3,36,722","3,45,252","3,51,103","3,53,528","3,53,909","3,51,653","3,55,079","3,58,327","3,60,661","3,59,808","3,61,961","3,63,438","3,67,372","3,66,300","3,66,577","3,61,327","3,62,092","3,59,441","3,63,364","3,64,655","3,66,530","3,70,894","3,77,099","3,76,336","3,74,604","3,77,494","3,79,505","3,78,372","3,78,246","3,78,787","3,76,293","3,73,400","3,72,179","3,71,757","3,76,323","3,82,786","3,83,893","3,80,538","3,74,887","3,74,923","3,74,872","3,74,248","3,72,038","3,72,860","3,70,281","3,75,173","3,50,192","2,96,702","3,16,291","3,34,960","3,47,326","3,49,535","3,52,727","3,55,071","3,60,955","3,64,795","3,68,936","3,64,068","3,65,861","3,58,602","3,58,953","3,65,196","3,66,408","3,68,206","3,67,106","3,73,374","3,69,956","3,72,882","3,76,508","3,78,578","3,80,753","3,82,065","3,81,383","3,84,079","3,83,651","3,83,513","3,85,632","3,79,837","3,79,181","3,73,592","3,78,547","3,81,469","3,82,656","3,82,299","3,78,594","3,78,975","3,79,316","3,79,958","3,78,762","3,79,682","3,83,185","3,82,569","3,78,024","3,80,610","3,79,379","3,82,541","3,83,535","3,82,725","3,81,485","3,80,611","3,78,890","3,83,036","3,78,800","3,80,349"
Accommodation and food services  [72],2025-01-31,"3,39,613","3,45,078","3,46,932","3,50,457","3,53,459","3,56,835","3,54,563","3,49,182","3,54,571","3,56,351","3,55,960","3,57,007","3,54,299","3,51,385","3,49,912","3,47,182","3,46,567","3,47,877","3,50,211","3,55,074","3,48,146","3,48,141","3,48,906","3,49,193","3,53,006","3,49,099","3,45,546","3,46,825","3,36,722","3,45,252","3,51,103","3,53,528","3,53,909","3,51,653","3,55,079","3,58,327","3,60,661","3,59,808","3,61,961","3,63,438","3,67,372","3,66,300","3,66,577","3,61,327","3,62,092","3,59,441","3,63,364","3,64,655","3,66,530","3,70,894","3,77,099","3,76,336","3,74,604","3,77,494","3,79,505","3,78,372","3,78,246","3,78,787","3,76,293","3,73,400","3,72,179","3,71,757","3,76,323","3,82,786","3,83,893","3,80,538","3,74,887","3,74,923","3,74,872","3,74,248","3,72,038","3,72,860","3,70,281","3,75,173","3,50,192","2,96,702","3,16,291","3,34,960","3,47,326","3,49,535","3,52,727","3,55,071","3,60,955","3,64,795","3,68,936","3,64,068","3,65,861","3,58,602","3,58,953","3,65,196","3,66,408","3,68,206","3,67,106","3,73,374","3,69,956","3,72,882","3,76,508","3,78,578","3,80,753","3,82,065","3,81,383","3,84,079","3,83,651","3,83,513","3,85,632","3,79,837","3,79,181","3,73,592","3,78,547","3,81,469","3,82,656","3,82,299","3,78,594","3,78,975","3,79,316","3,79,958","3,78,762","3,79,682","3,83,185","3,82,569","3,78,129","3,80,555","3,79,197","3,82,307","3,83,391","3,82,470","3,81,430","3,80,247","3,78,690","3,83,144","3,78,777",..
Accommodation and food services  [72],2024-12-23,"3,39,613","3,45,078","3,46,932","3,50,457","3,53,459","3,56,835","3,54,563","3,49,182","3,54,571","3,56,351","3,55,960","3,57,007","3,54,299","3,51,385","3,49,912","3,47,182","3,46,567","3,47,877","3,50,211","3,55,074","3,48,146","3,48,141","3,48,906","3,49,193","3,53,006","3,49,099","3,45,546","3,46,825","3,36,722","3,45,252","3,51,103","3,53,528","3,53,909","3,51,653","3,55,079","3,58,327","3,60,661","3,59,808","3,61,961","3,63,438","3,67,372","3,66,300","3,66,577","3,61,327","3,62,092","3,59,441","3,63,364","3,64,655","3,66,530","3,70,894","3,77,099","3,76,336","3,74,604","3,77,494","3,79,505","3,78,372","3,78,246","3,78,787","3,76,293","3,73,400","3,72,179","3,71,757","3,76,323","3,82,786","3,83,893","3,80,538","3,74,887","3,74,923","3,74,872","3,74,248","3,72,038","3,72,860","3,70,281","3,75,173","3,50,192","2,96,702","3,16,291","3,34,960","3,47,326","3,49,535","3,52,727","3,55,071","3,60,955","3,64,795","3,68,936","3,64,068","3,65,861","3,58,602","3,58,953","3,65,196","3,66,408","3,68,206","3,67,106","3,73,374","3,69,956","3,72,882","3,76,508","3,78,578","3,80,753","3,82,065","3,81,383","3,84,079","3,83,651","3,83,513","3,85,632","3,79,837","3,79,181","3,73,592","3,78,547","3,81,469","3,82,656","3,82,299","3,78,594","3,78,975","3,79,316","3,79,958","3,78,762","3,79,682","3,83,185","3,82,569","3,78,251","3,80,500","3,79,183","3,82,229","3,83,333","3,82,668","3,81,735","3,80,288","3,78,801","3,82,994",..,..
Accommodation and food services  [72],2024-11-29,"3,39,613","3,45,078","3,46,932","3,50,457","3,53,459","3,56,835","3,54,563","3,49,182","3,54,571","3,56,351","3,55,960","3,57,007","3,54,299","3,51,385","3,49,912","3,47,182","3,46,567","3,47,877","3,50,211","3,55,074","3,48,146","3,48,141","3,48,906","3,49,193","3,53,006","3,49,099","3,45,546","3,46,825","3,36,722","3,45,252","3,51,103","3,53,528","3,53,909","3,51,653","3,55,079","3,58,327","3,60,661","3,59,808","3,61,961","3,63,438","3,67,372","3,66,300","3,66,577","3,61,327","3,62,092","3,59,441","3,63,364","3,64,655","3,66,530","3,70,894","3,77,099","3,76,336","3,74,604","3,77,494","3,79,505","3,78,372","3,78,246","3,78,787","3,76,293","3,73,400","3,72,179","3,71,757","3,76,323","3,82,786","3,83,893","3,80,538","3,74,887","3,74,923","3,74,872","3,74,248","3,72,038","3,72,860","3,70,281","3,75,173","3,50,192","2,96,702","3,16,291","3,34,960","3,47,326","3,49,535","3,52,727","3,55,071","3,60,955","3,64,795","3,68,936","3,64,068","3,65,861","3,58,602","3,58,953","3,65,196","3,66,408","3,68,206","3,67,106","3,73,374","3,69,956","3,72,882","3,76,508","3,78,578","3,80,753","3,82,065","3,81,383","3,84,079","3,83,651","3,83,513","3,85,632","3,79,837","3,79,181","3,73,592","3,78,547","3,81,469","3,82,656","3,82,299","3,78,594","3,78,975","3,79,316","3,79,958","3,78,762","3,79,682","3,83,185","3,82,569","3,78,184","3,80,497","3,79,155","3,82,113","3,83,240","3,82,565","3,82,160","3,79,952","3,77,423",..,..,..
Accommodation and food services  [72],2024-10-31,"3,39,613","3,45,078","3,46,932","3,50,457","3,53,459","3,56,835","3,54,563","3,49,182","3,54,571","3,56,351","3,55,960","3,57,007","3,54,299","3,51,385","3,49,912","3,47,182","3,46,567","3,47,877","3,50,211","3,55,074","3,48,146","3,48,141","3,48,906","3,49,193","3,53,006","3,49,099","3,45,546","3,46,825","3,36,722","3,45,252","3,51,103","3,53,528","3,53,909","3,51,653","3,55,079","3,58,327","3,60,661","3,59,808","3,61,961","3,63,438","3,67,372","3,66,300","3,66,577","3,61,327","3,62,092","3,59,441","3,63,364","3,64,655","3,66,530","3,70,894","3,77,099","3,76,336","3,74,604","3,77,494","3,79,505","3,78,372","3,78,246","3,78,787","3,76,293","3,73,400","3,72,179","3,71,757","3,76,323","3,82,786","3,83,893","3,80,538","3,74,887","3,74,923","3,74,872","3,74,248","3,72,038","3,72,860","3,70,828","3,75,615","3,51,923","2,96,808","3,16,098","3,34,459","3,47,016","3,49,416","3,52,859","3,54,538","3,60,815","3,63,633","3,67,013","3,62,228","3,65,770","3,58,720","3,58,337","3,64,588","3,64,103","3,66,327","3,63,658","3,71,165","3,69,570","3,72,061","3,75,661","3,76,938","3,79,771","3,81,085","3,80,012","3,83,096","3,80,927","3,82,126","3,83,262","3,77,885","3,78,293","3,74,332","3,76,894","3,78,745","3,79,725","3,78,167","3,76,912","3,76,305","3,76,032","3,75,906","3,74,773","3,74,584","3,78,868","3,76,314","3,75,034","3,74,852","3,73,528","3,75,284","3,77,708","3,75,994","3,76,705","3,73,766",..,..,..,..
Non-durable manufacturing industries  [T011] 6,2025-02-28,"86,847","87,738","86,733","87,310","88,685","91,209","90,675","89,870","88,963","90,113","89,668","91,811","91,263","91,131","92,021","92,009","91,968","91,475","91,236","93,521","92,498","91,268","91,436","91,558","92,509","91,884","92,586","92,717","91,160","91,850","93,339","93,374","93,108","92,055","93,244","93,497","93,233","93,769","94,321","94,593","94,968","95,388","94,606","92,747","93,349","93,767","94,497","94,646","95,985","95,789","96,019","95,080","94,251","97,375","97,859","96,996","98,054","96,374","96,544","95,514","95,724","94,758","95,029","95,460","96,094","94,932","94,505","94,639","95,117","95,755","96,030","96,025","94,017","94,626","92,144","79,818","84,374","89,488","92,973","93,057","94,137","96,009","97,169","96,488","97,226","95,378","96,506","95,428","94,768","95,996","96,161","97,338","96,117","97,717","97,715","98,994","99,562","1,00,794","1,01,307","99,610","98,029","98,486","98,595","98,679","98,827","97,994","96,425","95,696","96,282","95,886","97,241","96,928","97,537","95,764","95,070","94,764","95,106","94,106","96,186","95,222","95,983","95,723","94,086","94,759","96,154","95,703","95,051","94,952","94,119","95,105","93,910","93,652"
Accommodation and food services  [72],2025-01-31,"86,847","87,738","86,733","87,310","88,685","91,209","90,675","89,870","88,963","90,113","89,668","91,811","91,263","91,131","92,021","92,009","91,968","91,475","91,236","93,521","92,498","91,268","91,436","91,558","92,509","91,884","92,586","92,717","91,160","91,850","93,339","93,374","93,108","92,055","93,244","93,497","93,233","93,769","94,321","94,593","94,968","95,388","94,606","92,747","93,349","93,767","94,497","94,646","95,985","95,789","96,019","95,080","94,251","97,375","97,859","96,996","98,054","96,374","96,544","95,514","95,724","94,758","95,029","95,460","96,094","94,932","94,505","94,639","95,117","95,755","96,030","96,025","94,017","94,626","92,144","79,818","84,374","89,488","92,973","93,057","94,137","96,009","97,169","96,488","97,226","95,378","96,506","95,428","94,768","95,996","96,161","97,338","96,117","97,717","97,715","98,994","99,562","1,00,794","1,01,307","99,610","98,029","98,486","98,595","98,679","98,827","97,994","96,425","95,696","96,282","95,886","97,241","96,928","97,537","95,764","95,070","94,764","95,106","94,106","96,186","95,222","95,983","95,690","93,986","94,524","96,035","95,505","94,931","94,867","94,206","95,189","94,564",..
Accommodation and food services  [72],2024-12-23,"86,847","87,738","86,733","87,310","88,685","91,209","90,675","89,870","88,963","90,113","89,668","91,811","91,263","91,131","92,021","92,009","91,968","91,475","91,236","93,521","92,498","91,268","91,436","91,558","92,509","91,884","92,586","92,717","91,160","91,850","93,339","93,374","93,108","92,055","93,244","93,497","93,233","93,769","94,321","94,593","94,968","95,388","94,606","92,747","93,349","93,767","94,497","94,646","95,985","95,789","96,019","95,080","94,251","97,375","97,859","96,996","98,054","96,374","96,544","95,514","95,724","94,758","95,029","95,460","96,094","94,932","94,505","94,639","95,117","95,755","96,030","96,025","94,017","94,626","92,144","79,818","84,374","89,488","92,973","93,057","94,137","96,009","97,169","96,488","97,226","95,378","96,506","95,428","94,768","95,996","96,161","97,338","96,117","97,717","97,715","98,994","99,562","1,00,794","1,01,307","99,610","98,029","98,486","98,595","98,679","98,827","97,994","96,425","95,696","96,282","95,886","97,241","96,928","97,537","95,764","95,070","94,764","95,106","94,106","96,186","95,222","95,955","95,690","93,910","94,348","95,930","95,453","94,882","94,551","94,197","95,340",..,..
Accommodation and food services  [72],2024-11-29,"86,847","87,738","86,733","87,310","88,685","91,209","90,675","89,870","88,963","90,113","89,668","91,811","91,263","91,131","92,021","92,009","91,968","91,475","91,236","93,521","92,498","91,268","91,436","91,558","92,509","91,884","92,586","92,717","91,160","91,850","93,339","93,374","93,108","92,055","93,244","93,497","93,233","93,769","94,321","94,593","94,968","95,388","94,606","92,747","93,349","93,767","94,497","94,646","95,985","95,789","96,019","95,080","94,251","97,375","97,859","96,996","98,054","96,374","96,544","95,514","95,724","94,758","95,029","95,460","96,094","94,932","94,505","94,639","95,117","95,755","96,030","96,025","94,017","94,626","92,144","79,818","84,374","89,488","92,973","93,057","94,137","96,009","97,169","96,488","97,226","95,378","96,506","95,428","94,768","95,996","96,161","97,338","96,117","97,717","97,715","98,994","99,562","1,00,794","1,01,307","99,610","98,029","98,486","98,595","98,679","98,827","97,994","96,425","95,696","96,282","95,886","97,241","96,928","97,537","95,764","95,070","94,764","95,106","94,106","96,186","95,222","95,916","95,679","93,853","94,283","95,863","95,558","95,300","94,395","93,618",..,..,..
Accommodation and food services  [72],2024-10-31,"86,847","87,738","86,733","87,310","88,685","91,209","90,675","89,870","88,963","90,113","89,668","91,811","91,263","91,131","92,021","92,009","91,968","91,475","91,236","93,521","92,498","91,268","91,436","91,558","92,509","91,884","92,586","92,717","91,160","91,850","93,339","93,374","93,108","92,055","93,244","93,497","93,233","93,769","94,321","94,593","94,968","95,388","94,606","92,747","93,349","93,767","94,497","94,646","95,985","95,789","96,019","95,080","94,251","97,375","97,859","96,996","98,054","96,374","96,544","95,514","95,724","94,758","95,029","95,460","96,094","94,932","94,505","94,639","95,117","95,755","96,030","96,025","94,412","95,026","92,535","80,034","84,234","89,605","93,021","92,892","94,161","95,577","97,124","95,679","97,371","95,433","96,816","96,039","95,150","96,970","97,236","98,019","96,879","98,956","99,158","99,177","99,998","1,00,940","1,01,522","99,851","98,293","98,608","98,674","98,757","98,926","97,766","96,230","95,495","96,335","95,287","96,671","96,025","96,450","94,744","94,860","94,904","95,379","94,438","96,309","95,285","96,380","95,943","94,546","95,161","96,536","96,155","96,843","95,477",..,..,..,..
Durable manufacturing industries  [T012] 6,2025-02-28,"1,09,776","1,11,911","1,11,388","1,11,583","1,13,515","1,12,707","1,14,909","1,13,208","1,15,489","1,14,609","1,13,349","1,15,153","1,13,312","1,11,184","1,12,300","1,11,873","1,11,622","1,10,035","1,10,722","1,12,226","1,10,782","1,11,551","1,11,606","1,11,941","1,13,427","1,11,972","1,10,185","1,10,942","1,09,512","1,11,228","1,10,061","1,10,062","1,10,573","1,09,153","1,10,525","1,11,320","1,12,626","1,11,569","1,12,659","1,13,267","1,14,036","1,13,767","1,12,907","1,11,984","1,11,951","1,13,338","1,15,323","1,14,445","1,15,350","1,16,149","1,17,903","1,19,882","1,17,557","1,18,043","1,16,901","1,16,434","1,16,851","1,18,628","1,17,284","1,17,266","1,18,304","1,18,208","1,19,227","1,17,396","1,21,003","1,19,856","1,19,247","1,18,896","1,18,368","1,16,614","1,17,067","1,15,918","1,11,092","1,13,966","98,797","73,957","84,951","1,00,735","1,06,153","1,09,801","1,10,167","1,08,959","1,10,588","1,11,478","1,13,489","1,11,759","1,12,840","1,09,747","1,09,370","1,11,034","1,10,055","1,10,517","1,08,285","1,11,568","1,13,401","1,13,871","1,16,207","1,15,900","1,17,338","1,16,976","1,16,821","1,18,960","1,16,764","1,16,670","1,16,926","1,15,065","1,16,143","1,15,154","1,17,366","1,19,763","1,18,465","1,17,656","1,18,423","1,18,583","1,17,280","1,18,397","1,17,642","1,17,159","1,16,267","1,15,207","1,14,048","1,13,683","1,12,928","1,13,211","1,14,169","1,11,906","1,10,697","1,10,573","1,10,747","1,11,037","1,11,000","1,09,494"
Accommodation and food services  [72],2025-01-31,"1,09,776","1,11,911","1,11,388","1,11,583","1,13,515","1,12,707","1,14,909","1,13,208","1,15,489","1,14,609","1,13,349","1,15,153","1,13,312","1,11,184","1,12,300","1,11,873","1,11,622","1,10,035","1,10,722","1,12,226","1,10,782","1,11,551","1,11,606","1,11,941","1,13,427","1,11,972","1,10,185","1,10,942","1,09,512","1,11,228","1,10,061","1,10,062","1,10,573","1,09,153","1,10,525","1,11,320","1,12,626","1,11,569","1,12,659","1,13,267","1,14,036","1,13,767","1,12,907","1,11,984","1,11,951","1,13,338","1,15,323","1,14,445","1,15,350","1,16,149","1,17,903","1,19,882","1,17,557","1,18,043","1,16,901","1,16,434","1,16,851","1,18,628","1,17,284","1,17,266","1,18,304","1,18,208","1,19,227","1,17,396","1,21,003","1,19,856","1,19,247","1,18,896","1,18,368","1,16,614","1,17,067","1,15,918","1,11,092","1,13,966","98,797","73,957","84,951","1,00,735","1,06,153","1,09,801","1,10,167","1,08,959","1,10,588","1,11,478","1,13,489","1,11,759","1,12,840","1,09,747","1,09,370","1,11,034","1,10,055","1,10,517","1,08,285","1,11,568","1,13,401","1,13,871","1,16,207","1,15,900","1,17,338","1,16,976","1,16,821","1,18,960","1,16,764","1,16,670","1,16,926","1,15,065","1,16,143","1,15,154","1,17,366","1,19,763","1,18,465","1,17,656","1,18,423","1,18,583","1,17,280","1,18,397","1,17,642","1,17,159","1,16,267","1,15,207","1,13,945","1,13,588","1,12,859","1,13,142","1,14,043","1,11,879","1,10,674","1,10,580","1,10,970","1,11,334","1,11,410",..
Accommodation and food services  [72],2024-12-23,"1,09,776","1,11,911","1,11,388","1,11,583","1,13,515","1,12,707","1,14,909","1,13,208","1,15,489","1,14,609","1,13,349","1,15,153","1,13,312","1,11,184","1,12,300","1,11,873","1,11,622","1,10,035","1,10,722","1,12,226","1,10,782","1,11,551","1,11,606","1,11,941","1,13,427","1,11,972","1,10,185","1,10,942","1,09,512","1,11,228","1,10,061","1,10,062","1,10,573","1,09,153","1,10,525","1,11,320","1,12,626","1,11,569","1,12,659","1,13,267","1,14,036","1,13,767","1,12,907","1,11,984","1,11,951","1,13,338","1,15,323","1,14,445","1,15,350","1,16,149","1,17,903","1,19,882","1,17,557","1,18,043","1,16,901","1,16,434","1,16,851","1,18,628","1,17,284","1,17,266","1,18,304","1,18,208","1,19,227","1,17,396","1,21,003","1,19,856","1,19,247","1,18,896","1,18,368","1,16,614","1,17,067","1,15,918","1,11,092","1,13,966","98,797","73,957","84,951","1,00,735","1,06,153","1,09,801","1,10,167","1,08,959","1,10,588","1,11,478","1,13,489","1,11,759","1,12,840","1,09,747","1,09,370","1,11,034","1,10,055","1,10,517","1,08,285","1,11,568","1,13,401","1,13,871","1,16,207","1,15,900","1,17,338","1,16,976","1,16,821","1,18,960","1,16,764","1,16,670","1,16,926","1,15,065","1,16,143","1,15,154","1,17,366","1,19,763","1,18,465","1,17,656","1,18,423","1,18,583","1,17,280","1,18,397","1,17,642","1,17,159","1,16,267","1,15,207","1,13,909","1,13,596","1,12,822","1,13,118","1,13,936","1,11,826","1,10,544","1,10,365","1,10,730","1,10,318",..,..
Accommodation and food services  [72],2024-11-29,"1,09,776","1,11,911","1,11,388","1,11,583","1,13,515","1,12,707","1,14,909","1,13,208","1,15,489","1,14,609","1,13,349","1,15,153","1,13,312","1,11,184","1,12,300","1,11,873","1,11,622","1,10,035","1,10,722","1,12,226","1,10,782","1,11,551","1,11,606","1,11,941","1,13,427","1,11,972","1,10,185","1,10,942","1,09,512","1,11,228","1,10,061","1,10,062","1,10,573","1,09,153","1,10,525","1,11,320","1,12,626","1,11,569","1,12,659","1,13,267","1,14,036","1,13,767","1,12,907","1,11,984","1,11,951","1,13,338","1,15,323","1,14,445","1,15,350","1,16,149","1,17,903","1,19,882","1,17,557","1,18,043","1,16,901","1,16,434","1,16,851","1,18,628","1,17,284","1,17,266","1,18,304","1,18,208","1,19,227","1,17,396","1,21,003","1,19,856","1,19,247","1,18,896","1,18,368","1,16,614","1,17,067","1,15,918","1,11,092","1,13,966","98,797","73,957","84,951","1,00,735","1,06,153","1,09,801","1,10,167","1,08,959","1,10,588","1,11,478","1,13,489","1,11,759","1,12,840","1,09,747","1,09,370","1,11,034","1,10,055","1,10,517","1,08,285","1,11,568","1,13,401","1,13,871","1,16,207","1,15,900","1,17,338","1,16,976","1,16,821","1,18,960","1,16,764","1,16,670","1,16,926","1,15,065","1,16,143","1,15,154","1,17,366","1,19,763","1,18,465","1,17,656","1,18,423","1,18,583","1,17,280","1,18,397","1,17,642","1,17,159","1,16,267","1,15,207","1,14,128","1,13,765","1,12,961","1,13,252","1,14,169","1,11,914","1,10,925","1,10,616","1,10,789",..,..,..
Accommodation and food services  [72],2024-10-31,"1,09,776","1,11,911","1,11,388","1,11,583","1,13,515","1,12,707","1,14,909","1,13,208","1,15,489","1,14,609","1,13,349","1,15,153","1,13,312","1,11,184","1,12,300","1,11,873","1,11,622","1,10,035","1,10,722","1,12,226","1,10,782","1,11,551","1,11,606","1,11,941","1,13,427","1,11,972","1,10,185","1,10,942","1,09,512","1,11,228","1,10,061","1,10,062","1,10,573","1,09,153","1,10,525","1,11,320","1,12,626","1,11,569","1,12,659","1,13,267","1,14,036","1,13,767","1,12,907","1,11,984","1,11,951","1,13,338","1,15,323","1,14,445","1,15,350","1,16,149","1,17,903","1,19,882","1,17,557","1,18,043","1,16,901","1,16,434","1,16,851","1,18,628","1,17,284","1,17,266","1,18,304","1,18,208","1,19,227","1,17,396","1,21,003","1,19,856","1,19,247","1,18,896","1,18,368","1,16,614","1,17,067","1,15,918","1,11,343","1,13,449","99,456","74,095","85,184","1,01,124","1,06,112","1,09,583","1,10,029","1,08,824","1,10,531","1,10,914","1,12,226","1,10,037","1,11,727","1,07,919","1,07,785","1,09,599","1,07,989","1,08,723","1,07,104","1,10,053","1,11,296","1,11,822","1,13,471","1,14,198","1,16,495","1,16,725","1,16,566","1,18,515","1,15,774","1,15,590","1,16,266","1,14,679","1,15,949","1,14,976","1,16,850","1,19,557","1,18,549","1,17,436","1,18,818","1,19,479","1,17,773","1,18,031","1,17,413","1,16,374","1,16,424","1,15,074","1,14,186","1,13,282","1,12,371","1,12,529","1,13,283","1,10,657","1,10,073","1,09,002",..,..,..,..
Information and communication technology sector  [T013] 6,2025-02-28,"78,345","78,375","78,652","78,883","78,737","79,759","80,654","81,462","81,587","81,565","81,673","82,025","81,296","81,848","82,215","82,318","82,472","83,023","83,100","82,550","82,967","83,057","83,142","83,395","83,559","84,191","84,420","84,042","85,287","85,228","85,972","86,967","86,948","87,413","87,218","87,658","87,469","87,816","88,446","89,116","89,367","90,444","89,800","89,463","90,445","90,391","91,745","92,462","93,899","94,917","95,597","95,722","96,061","96,434","96,717","97,396","97,731","98,097","98,501","98,836","99,893","1,00,655","1,01,002","1,01,515","1,01,878","1,03,221","1,03,150","1,04,049","1,04,585","1,04,996","1,06,286","1,07,122","1,05,316","1,05,572","1,01,956","1,02,787","1,02,919","1,04,458","1,06,148","1,07,242","1,07,679","1,09,421","1,10,809","1,10,621","1,13,903","1,12,820","1,13,622","1,13,635","1,14,399","1,14,564","1,15,828","1,17,011","1,18,593","1,19,883","1,21,340","1,22,594","1,23,534","1,24,397","1,24,715","1,24,871","1,26,053","1,26,420","1,28,405","1,28,757","1,29,812","1,30,097","1,29,873","1,30,102","1,30,706","1,32,202","1,31,706","1,31,698","1,32,117","1,32,577","1,31,487","1,32,080","1,32,273","1,32,402","1,32,100","1,31,200","1,32,214","1,32,410","1,32,463","1,32,954","1,32,519","1,33,379","1,32,258","1,32,187","1,32,904","1,32,796","1,32,446","1,31,794"
Accommodation and food services  [72],2025-01-31,"78,345","78,375","78,652","78,883","78,737","79,759","80,654","81,462","81,587","81,565","81,673","82,025","81,296","81,848","82,215","82,318","82,472","83,023","83,100","82,550","82,967","83,057","83,142","83,395","83,559","84,191","84,420","84,042","85,287","85,228","85,972","86,967","86,948","87,413","87,218","87,658","87,469","87,816","88,446","89,116","89,367","90,444","89,800","89,463","90,445","90,391","91,745","92,462","93,899","94,917","95,597","95,722","96,061","96,434","96,717","97,396","97,731","98,097","98,501","98,836","99,893","1,00,655","1,01,002","1,01,515","1,01,878","1,03,221","1,03,150","1,04,049","1,04,585","1,04,996","1,06,286","1,07,122","1,05,316","1,05,572","1,01,956","1,02,787","1,02,919","1,04,458","1,06,148","1,07,242","1,07,679","1,09,421","1,10,809","1,10,621","1,13,903","1,12,820","1,13,622","1,13,635","1,14,399","1,14,564","1,15,828","1,17,011","1,18,593","1,19,883","1,21,340","1,22,594","1,23,534","1,24,397","1,24,715","1,24,871","1,26,053","1,26,420","1,28,405","1,28,757","1,29,812","1,30,097","1,29,873","1,30,102","1,30,706","1,32,202","1,31,706","1,31,698","1,32,117","1,32,577","1,31,487","1,32,080","1,32,273","1,32,402","1,32,100","1,31,200","1,32,172","1,32,322","1,32,391","1,32,871","1,32,447","1,33,287","1,32,190","1,32,095","1,32,817","1,32,591","1,31,986",..
Accommodation and food services  [72],2024-12-23,"78,345","78,375","78,652","78,883","78,737","79,759","80,654","81,462","81,587","81,565","81,673","82,025","81,296","81,848","82,215","82,318","82,472","83,023","83,100","82,550","82,967","83,057","83,142","83,395","83,559","84,191","84,420","84,042","85,287","85,228","85,972","86,967","86,948","87,413","87,218","87,658","87,469","87,816","88,446","89,116","89,367","90,444","89,800","89,463","90,445","90,391","91,745","92,462","93,899","94,917","95,597","95,722","96,061","96,434","96,717","97,396","97,731","98,097","98,501","98,836","99,893","1,00,655","1,01,002","1,01,515","1,01,878","1,03,221","1,03,150","1,04,049","1,04,585","1,04,996","1,06,286","1,07,122","1,05,316","1,05,572","1,01,956","1,02,787","1,02,919","1,04,458","1,06,148","1,07,242","1,07,679","1,09,421","1,10,809","1,10,621","1,13,903","1,12,820","1,13,622","1,13,635","1,14,399","1,14,564","1,15,828","1,17,011","1,18,593","1,19,883","1,21,340","1,22,594","1,23,534","1,24,397","1,24,715","1,24,871","1,26,053","1,26,420","1,28,405","1,28,757","1,29,812","1,30,097","1,29,873","1,30,102","1,30,706","1,32,202","1,31,706","1,31,698","1,32,117","1,32,577","1,31,487","1,32,080","1,32,273","1,32,402","1,32,100","1,31,200","1,32,191","1,32,307","1,32,370","1,32,842","1,32,442","1,33,273","1,32,196","1,32,125","1,32,799","1,32,689",..,..
Accommodation and food services  [72],2024-11-29,"78,345","78,375","78,652","78,883","78,737","79,759","80,654","81,462","81,587","81,565","81,673","82,025","81,296","81,848","82,215","82,318","82,472","83,023","83,100","82,550","82,967","83,057","83,142","83,395","83,559","84,191","84,420","84,042","85,287","85,228","85,972","86,967","86,948","87,413","87,218","87,658","87,469","87,816","88,446","89,116","89,367","90,444","89,800","89,463","90,445","90,391","91,745","92,462","93,899","94,917","95,597","95,722","96,061","96,434","96,717","97,396","97,731","98,097","98,501","98,836","99,893","1,00,655","1,01,002","1,01,515","1,01,878","1,03,221","1,03,150","1,04,049","1,04,585","1,04,996","1,06,286","1,07,122","1,05,316","1,05,572","1,01,956","1,02,787","1,02,919","1,04,458","1,06,148","1,07,242","1,07,679","1,09,421","1,10,809","1,10,621","1,13,903","1,12,820","1,13,622","1,13,635","1,14,399","1,14,564","1,15,828","1,17,011","1,18,593","1,19,883","1,21,340","1,22,594","1,23,534","1,24,397","1,24,715","1,24,871","1,26,053","1,26,420","1,28,405","1,28,757","1,29,812","1,30,097","1,29,873","1,30,102","1,30,706","1,32,202","1,31,706","1,31,698","1,32,117","1,32,577","1,31,487","1,32,080","1,32,273","1,32,402","1,32,100","1,31,200","1,32,156","1,32,318","1,32,381","1,32,937","1,32,543","1,33,406","1,32,371","1,32,402","1,32,474",..,..,..
Accommodation and food services  [72],2024-10-31,"78,345","78,375","78,652","78,883","78,737","79,759","80,654","81,462","81,587","81,565","81,673","82,025","81,296","81,848","82,215","82,318","82,472","83,023","83,100","82,550","82,967","83,057","83,142","83,395","83,559","84,191","84,420","84,042","85,287","85,228","85,972","86,967","86,948","87,413","87,218","87,658","87,469","87,816","88,446","89,116","89,367","90,444","89,800","89,463","90,445","90,391","91,745","92,462","93,899","94,917","95,597","95,722","96,061","96,434","96,717","97,396","97,731","98,097","98,501","98,836","99,893","1,00,655","1,01,002","1,01,515","1,01,878","1,03,221","1,03,150","1,04,049","1,04,585","1,04,996","1,06,286","1,07,122","1,05,826","1,06,189","1,02,406","1,03,472","1,03,478","1,04,930","1,06,183","1,07,032","1,07,259","1,08,894","1,09,856","1,09,403","1,12,318","1,11,027","1,10,997","1,11,250","1,11,568","1,11,664","1,12,762","1,13,820","1,15,142","1,16,390","1,17,637","1,18,877","1,20,158","1,21,294","1,21,632","1,21,905","1,22,765","1,23,211","1,25,131","1,25,334","1,26,195","1,26,365","1,25,604","1,25,430","1,25,219","1,26,051","1,25,287","1,25,167","1,25,345","1,25,795","1,24,872","1,25,294","1,25,208","1,25,060","1,24,867","1,24,448","1,25,329","1,25,661","1,25,746","1,26,467","1,26,213","1,26,924","1,26,061","1,26,205",..,..,..,..
Energy sector  [T016] 6,2025-02-28,"1,29,530","1,31,718","1,33,391","1,34,678","1,35,985","1,37,526","1,35,563","1,32,457","1,34,333","1,35,821","1,37,108","1,35,783","1,35,560","1,35,283","1,32,147","1,30,607","1,30,271","1,31,979","1,33,387","1,35,735","1,30,061","1,29,786","1,29,988","1,30,264","1,32,422","1,30,342","1,28,513","1,28,007","1,19,190","1,26,677","1,32,880","1,35,551","1,36,396","1,35,071","1,36,423","1,38,425","1,38,967","1,38,180","1,38,855","1,39,301","1,42,621","1,41,036","1,41,817","1,39,793","1,40,956","1,37,077","1,38,036","1,41,549","1,42,280","1,44,239","1,48,399","1,44,901","1,45,295","1,46,730","1,49,022","1,49,749","1,47,651","1,49,418","1,47,829","1,44,599","1,43,128","1,43,335","1,45,125","1,51,370","1,50,670","1,50,338","1,46,601","1,46,897","1,47,236","1,48,093","1,46,720","1,49,395","1,49,223","1,51,372","1,47,733","1,37,640","1,35,677","1,30,290","1,31,071","1,28,127","1,30,217","1,34,506","1,36,878","1,38,754","1,41,277","1,41,220","1,40,379","1,37,065","1,39,870","1,43,051","1,43,049","1,44,826","1,46,737","1,47,610","1,44,168","1,44,492","1,46,544","1,47,593","1,47,643","1,49,981","1,49,442","1,49,197","1,51,023","1,51,862","1,53,590","1,50,720","1,49,611","1,46,602","1,48,935","1,50,787","1,52,082","1,52,248","1,48,490","1,50,200","1,51,456","1,50,561","1,49,534","1,51,115","1,53,807","1,54,609","1,50,048","1,52,267","1,53,703","1,55,273","1,54,883","1,56,906","1,56,881","1,56,470","1,54,791","1,57,990","1,55,393","1,58,310"
Accommodation and food services  [72],2025-01-31,"1,29,530","1,31,718","1,33,391","1,34,678","1,35,985","1,37,526","1,35,563","1,32,457","1,34,333","1,35,821","1,37,108","1,35,783","1,35,560","1,35,283","1,32,147","1,30,607","1,30,271","1,31,979","1,33,387","1,35,735","1,30,061","1,29,786","1,29,988","1,30,264","1,32,422","1,30,342","1,28,513","1,28,007","1,19,190","1,26,677","1,32,880","1,35,551","1,36,396","1,35,071","1,36,423","1,38,425","1,38,967","1,38,180","1,38,855","1,39,301","1,42,621","1,41,036","1,41,817","1,39,793","1,40,956","1,37,077","1,38,036","1,41,549","1,42,280","1,44,239","1,48,399","1,44,901","1,45,295","1,46,730","1,49,022","1,49,749","1,47,651","1,49,418","1,47,829","1,44,599","1,43,128","1,43,335","1,45,125","1,51,370","1,50,670","1,50,338","1,46,601","1,46,897","1,47,236","1,48,093","1,46,720","1,49,395","1,49,223","1,51,372","1,47,733","1,37,640","1,35,677","1,30,290","1,31,071","1,28,127","1,30,217","1,34,506","1,36,878","1,38,754","1,41,277","1,41,220","1,40,379","1,37,065","1,39,870","1,43,051","1,43,049","1,44,826","1,46,737","1,47,610","1,44,168","1,44,492","1,46,544","1,47,593","1,47,643","1,49,981","1,49,442","1,49,197","1,51,023","1,51,862","1,53,590","1,50,720","1,49,611","1,46,602","1,48,935","1,50,787","1,52,082","1,52,248","1,48,490","1,50,200","1,51,456","1,50,561","1,49,534","1,51,115","1,53,807","1,54,609","1,50,289","1,52,431","1,53,711","1,55,315","1,54,992","1,56,846","1,56,895","1,56,214","1,54,392","1,58,035","1,54,635",..
Accommodation and food services  [72],2024-12-23,"1,29,530","1,31,718","1,33,391","1,34,678","1,35,985","1,37,526","1,35,563","1,32,457","1,34,333","1,35,821","1,37,108","1,35,783","1,35,560","1,35,283","1,32,147","1,30,607","1,30,271","1,31,979","1,33,387","1,35,735","1,30,061","1,29,786","1,29,988","1,30,264","1,32,422","1,30,342","1,28,513","1,28,007","1,19,190","1,26,677","1,32,880","1,35,551","1,36,396","1,35,071","1,36,423","1,38,425","1,38,967","1,38,180","1,38,855","1,39,301","1,42,621","1,41,036","1,41,817","1,39,793","1,40,956","1,37,077","1,38,036","1,41,549","1,42,280","1,44,239","1,48,399","1,44,901","1,45,295","1,46,730","1,49,022","1,49,749","1,47,651","1,49,418","1,47,829","1,44,599","1,43,128","1,43,335","1,45,125","1,51,370","1,50,670","1,50,338","1,46,601","1,46,897","1,47,236","1,48,093","1,46,720","1,49,395","1,49,223","1,51,372","1,47,733","1,37,640","1,35,677","1,30,290","1,31,071","1,28,127","1,30,217","1,34,506","1,36,878","1,38,754","1,41,277","1,41,220","1,40,379","1,37,065","1,39,870","1,43,051","1,43,049","1,44,826","1,46,737","1,47,610","1,44,168","1,44,492","1,46,544","1,47,593","1,47,643","1,49,981","1,49,442","1,49,197","1,51,023","1,51,862","1,53,590","1,50,720","1,49,611","1,46,602","1,48,935","1,50,787","1,52,082","1,52,248","1,48,490","1,50,200","1,51,456","1,50,561","1,49,534","1,51,115","1,53,807","1,54,609","1,50,457","1,52,411","1,53,717","1,55,349","1,55,050","1,56,980","1,57,092","1,56,486","1,54,400","1,58,296",..,..
Accommodation and food services  [72],2024-11-29,"1,29,530","1,31,718","1,33,391","1,34,678","1,35,985","1,37,526","1,35,563","1,32,457","1,34,333","1,35,821","1,37,108","1,35,783","1,35,560","1,35,283","1,32,147","1,30,607","1,30,271","1,31,979","1,33,387","1,35,735","1,30,061","1,29,786","1,29,988","1,30,264","1,32,422","1,30,342","1,28,513","1,28,007","1,19,190","1,26,677","1,32,880","1,35,551","1,36,396","1,35,071","1,36,423","1,38,425","1,38,967","1,38,180","1,38,855","1,39,301","1,42,621","1,41,036","1,41,817","1,39,793","1,40,956","1,37,077","1,38,036","1,41,549","1,42,280","1,44,239","1,48,399","1,44,901","1,45,295","1,46,730","1,49,022","1,49,749","1,47,651","1,49,418","1,47,829","1,44,599","1,43,128","1,43,335","1,45,125","1,51,370","1,50,670","1,50,338","1,46,601","1,46,897","1,47,236","1,48,093","1,46,720","1,49,395","1,49,223","1,51,372","1,47,733","1,37,640","1,35,677","1,30,290","1,31,071","1,28,127","1,30,217","1,34,506","1,36,878","1,38,754","1,41,277","1,41,220","1,40,379","1,37,065","1,39,870","1,43,051","1,43,049","1,44,826","1,46,737","1,47,610","1,44,168","1,44,492","1,46,544","1,47,593","1,47,643","1,49,981","1,49,442","1,49,197","1,51,023","1,51,862","1,53,590","1,50,720","1,49,611","1,46,602","1,48,935","1,50,787","1,52,082","1,52,248","1,48,490","1,50,200","1,51,456","1,50,561","1,49,534","1,51,115","1,53,807","1,54,609","1,50,249","1,52,277","1,53,664","1,55,250","1,54,880","1,56,865","1,56,980","1,56,217","1,54,457",..,..,..
Accommodation and food services  [72],2024-10-31,"1,29,530","1,31,718","1,33,391","1,34,678","1,35,985","1,37,526","1,35,563","1,32,457","1,34,333","1,35,821","1,37,108","1,35,783","1,35,560","1,35,283","1,32,147","1,30,607","1,30,271","1,31,979","1,33,387","1,35,735","1,30,061","1,29,786","1,29,988","1,30,264","1,32,422","1,30,342","1,28,513","1,28,007","1,19,190","1,26,677","1,32,880","1,35,551","1,36,396","1,35,071","1,36,423","1,38,425","1,38,967","1,38,180","1,38,855","1,39,301","1,42,621","1,41,036","1,41,817","1,39,793","1,40,956","1,37,077","1,38,036","1,41,549","1,42,280","1,44,239","1,48,399","1,44,901","1,45,295","1,46,730","1,49,022","1,49,749","1,47,651","1,49,418","1,47,829","1,44,599","1,43,128","1,43,335","1,45,125","1,51,370","1,50,670","1,50,338","1,46,601","1,46,897","1,47,236","1,48,093","1,46,720","1,49,395","1,49,447","1,51,571","1,47,733","1,38,128","1,35,799","1,30,365","1,30,873","1,27,866","1,30,083","1,34,185","1,36,713","1,38,725","1,39,753","1,40,385","1,39,757","1,37,182","1,39,370","1,43,156","1,42,367","1,44,447","1,44,699","1,46,024","1,43,838","1,45,194","1,47,728","1,47,630","1,47,381","1,49,538","1,48,540","1,48,715","1,49,948","1,52,119","1,52,750","1,49,789","1,49,489","1,47,457","1,48,007","1,49,440","1,50,068","1,50,772","1,47,518","1,48,306","1,49,274","1,47,920","1,46,190","1,47,833","1,50,879","1,50,602","1,48,243","1,48,850","1,50,883","1,51,807","1,52,602","1,54,970","1,55,187","1,54,275",..,..,..,..
Industrial production (1950 definition)  [T017] 6,2025-02-28,"3,33,355","3,38,760","3,40,571","3,44,062","3,47,014","3,50,337","3,48,053","3,42,690","3,48,101","3,49,884","3,49,544","3,50,664","3,48,107","3,45,259","3,43,784","3,41,034","3,40,416","3,41,694","3,43,978","3,48,809","3,41,821","3,41,704","3,42,446","3,42,652","3,46,464","3,42,550","3,39,003","3,40,278","3,30,124","3,38,592","3,44,378","3,46,753","3,47,102","3,44,911","3,48,324","3,51,608","3,53,896","3,53,044","3,55,152","3,56,690","3,60,608","3,59,559","3,59,810","3,54,554","3,55,361","3,52,779","3,56,812","3,58,055","3,59,725","3,63,970","3,70,054","3,69,251","3,67,438","3,70,224","3,72,181","3,71,018","3,70,817","3,71,276","3,68,672","3,65,742","3,64,352","3,63,929","3,68,533","3,74,948","3,76,167","3,72,870","3,67,326","3,67,345","3,67,276","3,66,533","3,64,299","3,65,050","3,62,378","3,67,198","3,44,259","2,91,138","3,10,639","3,28,846","3,41,097","3,43,171","3,46,226","3,48,355","3,54,035","3,57,658","3,61,617","3,56,697","3,58,367","3,51,067","3,51,358","3,57,536","3,58,613","3,60,276","3,59,097","3,65,301","3,61,893","3,64,774","3,68,403","3,70,467","3,72,656","3,74,066","3,73,359","3,76,002","3,75,548","3,75,434","3,77,577","3,71,784","3,71,075","3,65,549","3,70,435","3,73,283","3,74,451","3,74,019","3,70,293","3,70,666","3,71,024","3,71,628","3,70,419","3,71,325","3,74,775","3,74,154","3,69,550","3,72,124","3,70,860","3,73,993","3,75,012","3,74,214","3,72,952","3,72,072","3,70,302","3,74,409","3,70,209","3,71,678"
Accommodation and food services  [72],2025-01-31,"3,33,355","3,38,760","3,40,571","3,44,062","3,47,014","3,50,337","3,48,053","3,42,690","3,48,101","3,49,884","3,49,544","3,50,664","3,48,107","3,45,259","3,43,784","3,41,034","3,40,416","3,41,694","3,43,978","3,48,809","3,41,821","3,41,704","3,42,446","3,42,652","3,46,464","3,42,550","3,39,003","3,40,278","3,30,124","3,38,592","3,44,378","3,46,753","3,47,102","3,44,911","3,48,324","3,51,608","3,53,896","3,53,044","3,55,152","3,56,690","3,60,608","3,59,559","3,59,810","3,54,554","3,55,361","3,52,779","3,56,812","3,58,055","3,59,725","3,63,970","3,70,054","3,69,251","3,67,438","3,70,224","3,72,181","3,71,018","3,70,817","3,71,276","3,68,672","3,65,742","3,64,352","3,63,929","3,68,533","3,74,948","3,76,167","3,72,870","3,67,326","3,67,345","3,67,276","3,66,533","3,64,299","3,65,050","3,62,378","3,67,198","3,44,259","2,91,138","3,10,639","3,28,846","3,41,097","3,43,171","3,46,226","3,48,355","3,54,035","3,57,658","3,61,617","3,56,697","3,58,367","3,51,067","3,51,358","3,57,536","3,58,613","3,60,276","3,59,097","3,65,301","3,61,893","3,64,774","3,68,403","3,70,467","3,72,656","3,74,066","3,73,359","3,76,002","3,75,548","3,75,434","3,77,577","3,71,784","3,71,075","3,65,549","3,70,435","3,73,283","3,74,451","3,74,019","3,70,293","3,70,666","3,71,024","3,71,628","3,70,419","3,71,325","3,74,775","3,74,154","3,69,646","3,72,056","3,70,673","3,73,760","3,74,857","3,73,954","3,72,901","3,71,720","3,70,124","3,74,559","3,70,234",..
Accommodation and food services  [72],2024-12-23,"3,33,355","3,38,760","3,40,571","3,44,062","3,47,014","3,50,337","3,48,053","3,42,690","3,48,101","3,49,884","3,49,544","3,50,664","3,48,107","3,45,259","3,43,784","3,41,034","3,40,416","3,41,694","3,43,978","3,48,809","3,41,821","3,41,704","3,42,446","3,42,652","3,46,464","3,42,550","3,39,003","3,40,278","3,30,124","3,38,592","3,44,378","3,46,753","3,47,102","3,44,911","3,48,324","3,51,608","3,53,896","3,53,044","3,55,152","3,56,690","3,60,608","3,59,559","3,59,810","3,54,554","3,55,361","3,52,779","3,56,812","3,58,055","3,59,725","3,63,970","3,70,054","3,69,251","3,67,438","3,70,224","3,72,181","3,71,018","3,70,817","3,71,276","3,68,672","3,65,742","3,64,352","3,63,929","3,68,533","3,74,948","3,76,167","3,72,870","3,67,326","3,67,345","3,67,276","3,66,533","3,64,299","3,65,050","3,62,378","3,67,198","3,44,259","2,91,138","3,10,639","3,28,846","3,41,097","3,43,171","3,46,226","3,48,355","3,54,035","3,57,658","3,61,617","3,56,697","3,58,367","3,51,067","3,51,358","3,57,536","3,58,613","3,60,276","3,59,097","3,65,301","3,61,893","3,64,774","3,68,403","3,70,467","3,72,656","3,74,066","3,73,359","3,76,002","3,75,548","3,75,434","3,77,577","3,71,784","3,71,075","3,65,549","3,70,435","3,73,283","3,74,451","3,74,019","3,70,293","3,70,666","3,71,024","3,71,628","3,70,419","3,71,325","3,74,775","3,74,154","3,69,781","3,72,014","3,70,671","3,73,688","3,74,804","3,74,153","3,73,202","3,71,752","3,70,222","3,74,398",..,..
Accommodation and food services  [72],2024-11-29,"3,33,355","3,38,760","3,40,571","3,44,062","3,47,014","3,50,337","3,48,053","3,42,690","3,48,101","3,49,884","3,49,544","3,50,664","3,48,107","3,45,259","3,43,784","3,41,034","3,40,416","3,41,694","3,43,978","3,48,809","3,41,821","3,41,704","3,42,446","3,42,652","3,46,464","3,42,550","3,39,003","3,40,278","3,30,124","3,38,592","3,44,378","3,46,753","3,47,102","3,44,911","3,48,324","3,51,608","3,53,896","3,53,044","3,55,152","3,56,690","3,60,608","3,59,559","3,59,810","3,54,554","3,55,361","3,52,779","3,56,812","3,58,055","3,59,725","3,63,970","3,70,054","3,69,251","3,67,438","3,70,224","3,72,181","3,71,018","3,70,817","3,71,276","3,68,672","3,65,742","3,64,352","3,63,929","3,68,533","3,74,948","3,76,167","3,72,870","3,67,326","3,67,345","3,67,276","3,66,533","3,64,299","3,65,050","3,62,378","3,67,198","3,44,259","2,91,138","3,10,639","3,28,846","3,41,097","3,43,171","3,46,226","3,48,355","3,54,035","3,57,658","3,61,617","3,56,697","3,58,367","3,51,067","3,51,358","3,57,536","3,58,613","3,60,276","3,59,097","3,65,301","3,61,893","3,64,774","3,68,403","3,70,467","3,72,656","3,74,066","3,73,359","3,76,002","3,75,548","3,75,434","3,77,577","3,71,784","3,71,075","3,65,549","3,70,435","3,73,283","3,74,451","3,74,019","3,70,293","3,70,666","3,71,024","3,71,628","3,70,419","3,71,325","3,74,775","3,74,154","3,69,721","3,72,016","3,70,648","3,73,576","3,74,710","3,74,045","3,73,615","3,71,402","3,68,829",..,..,..
Accommodation and food services  [72],2024-10-31,"3,33,355","3,38,760","3,40,571","3,44,062","3,47,014","3,50,337","3,48,053","3,42,690","3,48,101","3,49,884","3,49,544","3,50,664","3,48,107","3,45,259","3,43,784","3,41,034","3,40,416","3,41,694","3,43,978","3,48,809","3,41,821","3,41,704","3,42,446","3,42,652","3,46,464","3,42,550","3,39,003","3,40,278","3,30,124","3,38,592","3,44,378","3,46,753","3,47,102","3,44,911","3,48,324","3,51,608","3,53,896","3,53,044","3,55,152","3,56,690","3,60,608","3,59,559","3,59,810","3,54,554","3,55,361","3,52,779","3,56,812","3,58,055","3,59,725","3,63,970","3,70,054","3,69,251","3,67,438","3,70,224","3,72,181","3,71,018","3,70,817","3,71,276","3,68,672","3,65,742","3,64,352","3,63,929","3,68,533","3,74,948","3,76,167","3,72,870","3,67,326","3,67,345","3,67,276","3,66,533","3,64,299","3,65,050","3,62,902","3,67,601","3,45,765","2,91,005","3,10,230","3,28,187","3,40,701","3,43,049","3,46,434","3,48,006","3,54,199","3,56,921","3,60,334","3,55,583","3,59,082","3,52,026","3,51,668","3,57,942","3,57,349","3,59,469","3,56,709","3,64,228","3,62,629","3,65,029","3,68,499","3,69,761","3,72,612","3,74,038","3,72,929","3,75,955","3,73,754","3,74,996","3,76,141","3,70,759","3,71,112","3,67,176","3,69,763","3,71,568","3,72,562","3,70,922","3,69,663","3,69,027","3,68,763","3,68,594","3,67,430","3,67,259","3,71,504","3,68,880","3,67,549","3,67,360","3,65,988","3,67,725","3,70,168","3,68,479","3,69,164","3,66,227",..,..,..,..
Public Sector  [T018] 6,2025-02-28,"3,82,936","3,83,237","3,83,545","3,83,548","3,83,575","3,81,970","3,83,870","3,84,188","3,82,757","3,84,691","3,85,182","3,84,926","3,86,070","3,87,009","3,87,333","3,88,198","3,87,388","3,88,124","3,88,397","3,87,207","3,88,149","3,88,630","3,88,734","3,89,601","3,90,737","3,91,774","3,92,674","3,93,135","3,94,486","3,94,918","3,94,766","3,95,217","3,95,928","3,95,865","3,96,117","3,96,101","3,96,412","3,97,134","3,97,723","3,97,854","3,98,185","3,99,492","4,00,334","4,01,775","4,03,165","4,03,208","4,04,202","4,05,664","4,07,681","4,08,961","4,10,345","4,11,896","4,13,415","4,14,471","4,15,353","4,15,830","4,16,232","4,16,767","4,17,221","4,17,656","4,18,482","4,18,729","4,19,473","4,19,782","4,20,068","4,20,636","4,22,133","4,22,839","4,22,968","4,24,208","4,24,986","4,26,840","4,27,623","4,28,807","4,01,652","3,75,160","3,87,558","4,00,435","4,12,414","4,17,725","4,21,216","4,23,921","4,25,083","4,26,834","4,28,188","4,29,718","4,33,626","4,29,780","4,33,084","4,36,089","4,38,432","4,38,544","4,40,675","4,39,770","4,40,660","4,41,322","4,39,814","4,41,926","4,42,197","4,42,971","4,44,708","4,46,441","4,47,548","4,48,319","4,49,341","4,51,680","4,53,185","4,54,334","4,56,344","4,58,017","4,59,247","4,56,996","4,60,078","4,61,048","4,61,767","4,63,081","4,63,972","4,64,437","4,60,793","4,56,380","4,66,579","4,68,981","4,70,835","4,71,950","4,74,226","4,75,297","4,77,385","4,78,963","4,79,371","4,79,410","4,79,097","4,79,994"
Accommodation and food services  [72],2025-01-31,"3,82,936","3,83,237","3,83,545","3,83,548","3,83,575","3,81,970","3,83,870","3,84,188","3,82,757","3,84,691","3,85,182","3,84,926","3,86,070","3,87,009","3,87,333","3,88,198","3,87,388","3,88,124","3,88,397","3,87,207","3,88,149","3,88,630","3,88,734","3,89,601","3,90,737","3,91,774","3,92,674","3,93,135","3,94,486","3,94,918","3,94,766","3,95,217","3,95,928","3,95,865","3,96,117","3,96,101","3,96,412","3,97,134","3,97,723","3,97,854","3,98,185","3,99,492","4,00,334","4,01,775","4,03,165","4,03,208","4,04,202","4,05,664","4,07,681","4,08,961","4,10,345","4,11,896","4,13,415","4,14,471","4,15,353","4,15,830","4,16,232","4,16,767","4,17,221","4,17,656","4,18,482","4,18,729","4,19,473","4,19,782","4,20,068","4,20,636","4,22,133","4,22,839","4,22,968","4,24,208","4,24,986","4,26,840","4,27,623","4,28,807","4,01,652","3,75,160","3,87,558","4,00,435","4,12,414","4,17,725","4,21,216","4,23,921","4,25,083","4,26,834","4,28,188","4,29,718","4,33,626","4,29,780","4,33,084","4,36,089","4,38,432","4,38,544","4,40,675","4,39,770","4,40,660","4,41,322","4,39,814","4,41,926","4,42,197","4,42,971","4,44,708","4,46,441","4,47,548","4,48,319","4,49,341","4,51,680","4,53,185","4,54,334","4,56,344","4,58,017","4,59,247","4,56,996","4,60,078","4,61,048","4,61,767","4,63,081","4,63,972","4,64,437","4,60,793","4,56,380","4,66,135","4,67,807","4,69,136","4,69,818","4,71,980","4,73,185","4,74,776","4,75,801","4,76,126","4,76,408","4,76,277",..
Accommodation and food services  [72],2024-12-23,"3,82,936","3,83,237","3,83,545","3,83,548","3,83,575","3,81,970","3,83,870","3,84,188","3,82,757","3,84,691","3,85,182","3,84,926","3,86,070","3,87,009","3,87,333","3,88,198","3,87,388","3,88,124","3,88,397","3,87,207","3,88,149","3,88,630","3,88,734","3,89,601","3,90,737","3,91,774","3,92,674","3,93,135","3,94,486","3,94,918","3,94,766","3,95,217","3,95,928","3,95,865","3,96,117","3,96,101","3,96,412","3,97,134","3,97,723","3,97,854","3,98,185","3,99,492","4,00,334","4,01,775","4,03,165","4,03,208","4,04,202","4,05,664","4,07,681","4,08,961","4,10,345","4,11,896","4,13,415","4,14,471","4,15,353","4,15,830","4,16,232","4,16,767","4,17,221","4,17,656","4,18,482","4,18,729","4,19,473","4,19,782","4,20,068","4,20,636","4,22,133","4,22,839","4,22,968","4,24,208","4,24,986","4,26,840","4,27,623","4,28,807","4,01,652","3,75,160","3,87,558","4,00,435","4,12,414","4,17,725","4,21,216","4,23,921","4,25,083","4,26,834","4,28,188","4,29,718","4,33,626","4,29,780","4,33,084","4,36,089","4,38,432","4,38,544","4,40,675","4,39,770","4,40,660","4,41,322","4,39,814","4,41,926","4,42,197","4,42,971","4,44,708","4,46,441","4,47,548","4,48,319","4,49,341","4,51,680","4,53,185","4,54,334","4,56,344","4,58,017","4,59,247","4,56,996","4,60,078","4,61,048","4,61,767","4,63,081","4,63,972","4,64,437","4,60,793","4,56,380","4,66,164","4,67,811","4,69,130","4,69,812","4,72,015","4,73,219","4,74,828","4,75,835","4,76,180","4,76,460",..,..
Accommodation and food services  [72],2024-11-29,"3,82,936","3,83,237","3,83,545","3,83,548","3,83,575","3,81,970","3,83,870","3,84,188","3,82,757","3,84,691","3,85,182","3,84,926","3,86,070","3,87,009","3,87,333","3,88,198","3,87,388","3,88,124","3,88,397","3,87,207","3,88,149","3,88,630","3,88,734","3,89,601","3,90,737","3,91,774","3,92,674","3,93,135","3,94,486","3,94,918","3,94,766","3,95,217","3,95,928","3,95,865","3,96,117","3,96,101","3,96,412","3,97,134","3,97,723","3,97,854","3,98,185","3,99,492","4,00,334","4,01,775","4,03,165","4,03,208","4,04,202","4,05,664","4,07,681","4,08,961","4,10,345","4,11,896","4,13,415","4,14,471","4,15,353","4,15,830","4,16,232","4,16,767","4,17,221","4,17,656","4,18,482","4,18,729","4,19,473","4,19,782","4,20,068","4,20,636","4,22,133","4,22,839","4,22,968","4,24,208","4,24,986","4,26,840","4,27,623","4,28,807","4,01,652","3,75,160","3,87,558","4,00,435","4,12,414","4,17,725","4,21,216","4,23,921","4,25,083","4,26,834","4,28,188","4,29,718","4,33,626","4,29,780","4,33,084","4,36,089","4,38,432","4,38,544","4,40,675","4,39,770","4,40,660","4,41,322","4,39,814","4,41,926","4,42,197","4,42,971","4,44,708","4,46,441","4,47,548","4,48,319","4,49,341","4,51,680","4,53,185","4,54,334","4,56,344","4,58,017","4,59,247","4,56,996","4,60,078","4,61,048","4,61,767","4,63,081","4,63,972","4,64,437","4,60,793","4,56,380","4,66,191","4,67,851","4,69,153","4,69,832","4,72,030","4,73,228","4,74,826","4,75,835","4,76,118",..,..,..
Accommodation and food services  [72],2024-10-31,"3,82,936","3,83,237","3,83,545","3,83,548","3,83,575","3,81,970","3,83,870","3,84,188","3,82,757","3,84,691","3,85,182","3,84,926","3,86,070","3,87,009","3,87,333","3,88,198","3,87,388","3,88,124","3,88,397","3,87,207","3,88,149","3,88,630","3,88,734","3,89,601","3,90,737","3,91,774","3,92,674","3,93,135","3,94,486","3,94,918","3,94,766","3,95,217","3,95,928","3,95,865","3,96,117","3,96,101","3,96,412","3,97,134","3,97,723","3,97,854","3,98,185","3,99,492","4,00,334","4,01,775","4,03,165","4,03,208","4,04,202","4,05,664","4,07,681","4,08,961","4,10,345","4,11,896","4,13,415","4,14,471","4,15,353","4,15,830","4,16,232","4,16,767","4,17,221","4,17,656","4,18,482","4,18,729","4,19,473","4,19,782","4,20,068","4,20,636","4,22,133","4,22,839","4,22,968","4,24,208","4,24,986","4,26,840","4,27,611","4,28,777","4,00,814","3,74,363","3,86,762","4,00,322","4,12,423","4,17,886","4,21,477","4,24,445","4,25,745","4,27,803","4,29,306","4,30,935","4,35,198","4,31,387","4,34,951","4,37,986","4,40,509","4,40,703","4,42,817","4,41,911","4,42,706","4,43,379","4,41,828","4,43,803","4,43,866","4,44,388","4,46,045","4,47,535","4,48,577","4,49,169","4,50,079","4,51,915","4,53,334","4,54,345","4,55,868","4,57,244","4,58,108","4,55,732","4,58,851","4,59,650","4,60,364","4,61,684","4,62,566","4,63,031","4,59,823","4,55,513","4,65,099","4,66,682","4,67,879","4,69,232","4,71,349","4,72,564","4,73,868","4,74,982",..,..,..,..
Content and media sector  [T019] 6,2025-02-28,"14,682","14,804","14,800","14,694","14,871","14,969","14,856","14,857","14,697","14,667","14,670","14,504","14,260","14,130","13,961","13,899","13,733","13,743","13,857","13,866","13,785","13,914","13,871","13,852","13,997","14,056","14,082","14,040","14,057","14,103","14,082","14,539","14,357","14,318","14,336","14,314","14,393","14,346","14,426","14,416","14,496","14,449","14,353","14,280","14,264","14,007","14,008","14,042","14,097","14,332","14,220","14,124","14,265","14,326","14,379","14,171","14,032","14,125","14,103","14,178","14,275","14,144","14,132","14,261","14,324","14,478","14,339","14,370","14,383","14,441","14,543","14,642","14,289","14,466","12,073","9,353","9,645","10,551","11,472","12,990","13,131","13,210","12,989","12,987","12,943","12,813","13,025","12,846","13,009","13,114","13,438","14,072","13,744","13,743","13,718","13,891","13,744","14,134","13,884","13,852","14,006","13,899","13,828","14,029","14,034","13,998","13,912","13,660","13,517","13,718","13,629","13,599","13,472","13,239","12,743","12,465","12,301","12,051","12,343","12,407","12,983","12,567","12,622","12,484","12,516","12,522","12,458","12,699","12,423","12,485","12,395","12,210"
Accommodation and food services  [72],2025-01-31,"14,682","14,804","14,800","14,694","14,871","14,969","14,856","14,857","14,697","14,667","14,670","14,504","14,260","14,130","13,961","13,899","13,733","13,743","13,857","13,866","13,785","13,914","13,871","13,852","13,997","14,056","14,082","14,040","14,057","14,103","14,082","14,539","14,357","14,318","14,336","14,314","14,393","14,346","14,426","14,416","14,496","14,449","14,353","14,280","14,264","14,007","14,008","14,042","14,097","14,332","14,220","14,124","14,265","14,326","14,379","14,171","14,032","14,125","14,103","14,178","14,275","14,144","14,132","14,261","14,324","14,478","14,339","14,370","14,383","14,441","14,543","14,642","14,289","14,466","12,073","9,353","9,645","10,551","11,472","12,990","13,131","13,210","12,989","12,987","12,943","12,813","13,025","12,846","13,009","13,114","13,438","14,072","13,744","13,743","13,718","13,891","13,744","14,134","13,884","13,852","14,006","13,899","13,828","14,029","14,034","13,998","13,912","13,660","13,517","13,718","13,629","13,599","13,472","13,239","12,743","12,465","12,301","12,051","12,343","12,407","12,990","12,585","12,613","12,496","12,506","12,529","12,439","12,691","12,426","12,470","12,375",..
Accommodation and food services  [72],2024-12-23,"14,682","14,804","14,800","14,694","14,871","14,969","14,856","14,857","14,697","14,667","14,670","14,504","14,260","14,130","13,961","13,899","13,733","13,743","13,857","13,866","13,785","13,914","13,871","13,852","13,997","14,056","14,082","14,040","14,057","14,103","14,082","14,539","14,357","14,318","14,336","14,314","14,393","14,346","14,426","14,416","14,496","14,449","14,353","14,280","14,264","14,007","14,008","14,042","14,097","14,332","14,220","14,124","14,265","14,326","14,379","14,171","14,032","14,125","14,103","14,178","14,275","14,144","14,132","14,261","14,324","14,478","14,339","14,370","14,383","14,441","14,543","14,642","14,289","14,466","12,073","9,353","9,645","10,551","11,472","12,990","13,131","13,210","12,989","12,987","12,943","12,813","13,025","12,846","13,009","13,114","13,438","14,072","13,744","13,743","13,718","13,891","13,744","14,134","13,884","13,852","14,006","13,899","13,828","14,029","14,034","13,998","13,912","13,660","13,517","13,718","13,629","13,599","13,472","13,239","12,743","12,465","12,301","12,051","12,343","12,407","12,983","12,576","12,609","12,493","12,499","12,520","12,364","12,435","12,414","12,448",..,..
Accommodation and food services  [72],2024-11-29,"14,682","14,804","14,800","14,694","14,871","14,969","14,856","14,857","14,697","14,667","14,670","14,504","14,260","14,130","13,961","13,899","13,733","13,743","13,857","13,866","13,785","13,914","13,871","13,852","13,997","14,056","14,082","14,040","14,057","14,103","14,082","14,539","14,357","14,318","14,336","14,314","14,393","14,346","14,426","14,416","14,496","14,449","14,353","14,280","14,264","14,007","14,008","14,042","14,097","14,332","14,220","14,124","14,265","14,326","14,379","14,171","14,032","14,125","14,103","14,178","14,275","14,144","14,132","14,261","14,324","14,478","14,339","14,370","14,383","14,441","14,543","14,642","14,289","14,466","12,073","9,353","9,645","10,551","11,472","12,990","13,131","13,210","12,989","12,987","12,943","12,813","13,025","12,846","13,009","13,114","13,438","14,072","13,744","13,743","13,718","13,891","13,744","14,134","13,884","13,852","14,006","13,899","13,828","14,029","14,034","13,998","13,912","13,660","13,517","13,718","13,629","13,599","13,472","13,239","12,743","12,465","12,301","12,051","12,343","12,407","12,983","12,581","12,611","12,495","12,501","12,522","12,369","12,452","12,289",..,..,..
Accommodation and food services  [72],2024-10-31,"14,682","14,804","14,800","14,694","14,871","14,969","14,856","14,857","14,697","14,667","14,670","14,504","14,260","14,130","13,961","13,899","13,733","13,743","13,857","13,866","13,785","13,914","13,871","13,852","13,997","14,056","14,082","14,040","14,057","14,103","14,082","14,539","14,357","14,318","14,336","14,314","14,393","14,346","14,426","14,416","14,496","14,449","14,353","14,280","14,264","14,007","14,008","14,042","14,097","14,332","14,220","14,124","14,265","14,326","14,379","14,171","14,032","14,125","14,103","14,178","14,275","14,144","14,132","14,261","14,324","14,478","14,339","14,370","14,383","14,441","14,543","14,642","14,318","14,471","12,022","9,373","9,680","10,547","11,469","12,957","13,082","13,164","13,017","13,056","13,033","12,973","13,209","13,057","13,280","13,341","13,640","14,308","13,909","13,868","13,764","14,014","13,833","14,292","13,964","13,950","14,112","13,974","13,858","14,007","14,107","14,025","13,999","13,783","13,573","13,764","13,617","13,619","13,500","13,230","12,796","12,539","12,262","12,048","12,357","12,403","12,987","12,581","12,568","12,478","12,506","12,538","12,362","12,436",..,..,..,..
All industries (except cannabis sector)  [T020] 6,2025-02-28,"18,59,020","18,68,432","18,73,482","18,77,337","18,89,236","18,97,923","19,00,643","18,96,662","19,04,257","19,09,710","19,10,926","19,13,807","19,06,024","19,03,355","19,02,151","19,01,508","19,00,361","19,05,503","19,10,261","19,14,244","19,06,310","19,08,087","19,12,552","19,14,674","19,26,367","19,20,762","19,13,682","19,18,032","19,07,192","19,16,406","19,27,788","19,32,302","19,37,324","19,36,265","19,43,538","19,48,980","19,59,058","19,66,242","19,74,917","19,84,320","19,88,300","19,92,673","19,91,435","19,89,314","19,94,255","19,94,552","20,03,965","20,09,289","20,15,642","20,26,354","20,34,997","20,35,482","20,43,034","20,45,539","20,49,845","20,51,479","20,54,978","20,58,596","20,54,970","20,58,296","20,62,364","20,56,988","20,68,549","20,81,060","20,86,564","20,90,460","20,91,147","20,91,244","20,92,241","20,92,593","20,92,628","21,03,554","21,05,556","21,09,990","19,50,565","17,42,022","18,21,786","19,29,843","19,80,088","19,99,959","20,18,709","20,30,746","20,44,182","20,49,474","20,62,762","20,67,202","20,88,193","20,67,673","20,61,891","20,80,431","20,94,571","21,11,685","21,20,859","21,38,454","21,49,927","21,58,416","21,50,816","21,66,458","21,81,932","21,80,660","21,86,364","21,91,546","21,93,879","21,99,757","22,03,359","21,99,628","21,98,358","21,91,039","22,12,122","22,17,019","22,23,196","22,22,269","22,24,262","22,20,977","22,21,646","22,24,301","22,23,477","22,27,270","22,30,853","22,27,144","22,35,762","22,44,912","22,44,920","22,53,747","22,55,848","22,56,542","22,59,200","22,62,365","22,68,547","22,75,959","22,70,400","22,75,559"
Accommodation and food services  [72],2025-01-31,"18,59,020","18,68,432","18,73,482","18,77,337","18,89,236","18,97,923","19,00,643","18,96,662","19,04,257","19,09,710","19,10,926","19,13,807","19,06,024","19,03,355","19,02,151","19,01,508","19,00,361","19,05,503","19,10,261","19,14,244","19,06,310","19,08,087","19,12,552","19,14,674","19,26,367","19,20,762","19,13,682","19,18,032","19,07,192","19,16,406","19,27,788","19,32,302","19,37,324","19,36,265","19,43,538","19,48,980","19,59,058","19,66,242","19,74,917","19,84,320","19,88,300","19,92,673","19,91,435","19,89,314","19,94,255","19,94,552","20,03,965","20,09,289","20,15,642","20,26,354","20,34,997","20,35,482","20,43,034","20,45,539","20,49,845","20,51,479","20,54,978","20,58,596","20,54,970","20,58,296","20,62,364","20,56,988","20,68,549","20,81,060","20,86,564","20,90,460","20,91,147","20,91,244","20,92,241","20,92,593","20,92,628","21,03,554","21,05,556","21,09,990","19,50,565","17,42,022","18,21,786","19,29,843","19,80,088","19,99,959","20,18,709","20,30,746","20,44,182","20,49,474","20,62,762","20,67,202","20,88,193","20,67,673","20,61,891","20,80,431","20,94,571","21,11,685","21,20,859","21,38,454","21,49,927","21,58,416","21,50,816","21,66,458","21,81,932","21,80,660","21,86,364","21,91,546","21,93,879","21,99,757","22,03,359","21,99,628","21,98,358","21,91,039","22,12,122","22,17,019","22,23,196","22,22,269","22,24,262","22,20,977","22,21,646","22,24,301","22,23,477","22,27,270","22,30,853","22,27,144","22,35,301","22,43,107","22,42,144","22,50,868","22,52,816","22,53,653","22,55,442","22,57,237","22,62,607","22,70,473","22,64,912",..
Accommodation and food services  [72],2024-12-23,"18,59,020","18,68,432","18,73,482","18,77,337","18,89,236","18,97,923","19,00,643","18,96,662","19,04,257","19,09,710","19,10,926","19,13,807","19,06,024","19,03,355","19,02,151","19,01,508","19,00,361","19,05,503","19,10,261","19,14,244","19,06,310","19,08,087","19,12,552","19,14,674","19,26,367","19,20,762","19,13,682","19,18,032","19,07,192","19,16,406","19,27,788","19,32,302","19,37,324","19,36,265","19,43,538","19,48,980","19,59,058","19,66,242","19,74,917","19,84,320","19,88,300","19,92,673","19,91,435","19,89,314","19,94,255","19,94,552","20,03,965","20,09,289","20,15,642","20,26,354","20,34,997","20,35,482","20,43,034","20,45,539","20,49,845","20,51,479","20,54,978","20,58,596","20,54,970","20,58,296","20,62,364","20,56,988","20,68,549","20,81,060","20,86,564","20,90,460","20,91,147","20,91,244","20,92,241","20,92,593","20,92,628","21,03,554","21,05,556","21,09,990","19,50,565","17,42,022","18,21,786","19,29,843","19,80,088","19,99,959","20,18,709","20,30,746","20,44,182","20,49,474","20,62,762","20,67,202","20,88,193","20,67,673","20,61,891","20,80,431","20,94,571","21,11,685","21,20,859","21,38,454","21,49,927","21,58,416","21,50,816","21,66,458","21,81,932","21,80,660","21,86,364","21,91,546","21,93,879","21,99,757","22,03,359","21,99,628","21,98,358","21,91,039","22,12,122","22,17,019","22,23,196","22,22,269","22,24,262","22,20,977","22,21,646","22,24,301","22,23,477","22,27,270","22,30,853","22,27,144","22,34,979","22,42,674","22,41,594","22,49,839","22,52,207","22,53,121","22,55,465","22,56,931","22,62,312","22,69,507",..,..
Accommodation and food services  [72],2024-11-29,"18,59,020","18,68,432","18,73,482","18,77,337","18,89,236","18,97,923","19,00,643","18,96,662","19,04,257","19,09,710","19,10,926","19,13,807","19,06,024","19,03,355","19,02,151","19,01,508","19,00,361","19,05,503","19,10,261","19,14,244","19,06,310","19,08,087","19,12,552","19,14,674","19,26,367","19,20,762","19,13,682","19,18,032","19,07,192","19,16,406","19,27,788","19,32,302","19,37,324","19,36,265","19,43,538","19,48,980","19,59,058","19,66,242","19,74,917","19,84,320","19,88,300","19,92,673","19,91,435","19,89,314","19,94,255","19,94,552","20,03,965","20,09,289","20,15,642","20,26,354","20,34,997","20,35,482","20,43,034","20,45,539","20,49,845","20,51,479","20,54,978","20,58,596","20,54,970","20,58,296","20,62,364","20,56,988","20,68,549","20,81,060","20,86,564","20,90,460","20,91,147","20,91,244","20,92,241","20,92,593","20,92,628","21,03,554","21,05,556","21,09,990","19,50,565","17,42,022","18,21,786","19,29,843","19,80,088","19,99,959","20,18,709","20,30,746","20,44,182","20,49,474","20,62,762","20,67,202","20,88,193","20,67,673","20,61,891","20,80,431","20,94,571","21,11,685","21,20,859","21,38,454","21,49,927","21,58,416","21,50,816","21,66,458","21,81,932","21,80,660","21,86,364","21,91,546","21,93,879","21,99,757","22,03,359","21,99,628","21,98,358","21,91,039","22,12,122","22,17,019","22,23,196","22,22,269","22,24,262","22,20,977","22,21,646","22,24,301","22,23,477","22,27,270","22,30,853","22,27,144","22,34,968","22,42,671","22,41,726","22,49,966","22,52,591","22,53,559","22,56,158","22,56,610","22,58,325",..,..,..
Accommodation and food services  [72],2024-10-31,"18,59,020","18,68,432","18,73,482","18,77,337","18,89,236","18,97,923","19,00,643","18,96,662","19,04,257","19,09,710","19,10,926","19,13,807","19,06,024","19,03,355","19,02,151","19,01,508","19,00,361","19,05,503","19,10,261","19,14,244","19,06,310","19,08,087","19,12,552","19,14,674","19,26,367","19,20,762","19,13,682","19,18,032","19,07,192","19,16,406","19,27,788","19,32,302","19,37,324","19,36,265","19,43,538","19,48,980","19,59,058","19,66,242","19,74,917","19,84,320","19,88,300","19,92,673","19,91,435","19,89,314","19,94,255","19,94,552","20,03,965","20,09,289","20,15,642","20,26,354","20,34,997","20,35,482","20,43,034","20,45,539","20,49,845","20,51,479","20,54,978","20,58,596","20,54,970","20,58,296","20,62,364","20,56,988","20,68,549","20,81,060","20,86,564","20,90,460","20,91,147","20,91,244","20,92,241","20,92,593","20,92,628","21,03,554","21,07,760","21,11,928","19,53,277","17,43,276","18,22,862","19,29,266","19,79,247","19,98,627","20,17,693","20,29,264","20,43,207","20,46,513","20,55,650","20,59,633","20,82,222","20,60,896","20,51,860","20,69,641","20,82,493","20,98,824","21,05,122","21,20,506","21,30,019","21,33,302","21,31,248","21,47,417","21,62,158","21,60,741","21,66,729","21,72,270","21,73,947","21,80,546","21,84,945","21,81,126","21,81,404","21,75,401","21,91,927","21,93,221","21,96,471","21,93,045","21,97,696","21,93,859","21,94,267","21,95,965","21,94,690","21,95,734","21,99,776","21,96,985","22,07,026","22,11,885","22,11,558","22,19,794","22,23,120","22,22,744","22,25,306","22,24,844",..,..,..,..
Cannabis sector  [T021] 6,2025-02-28,"3,669","3,689","3,701","3,726","3,747","3,761","3,786","3,810","3,833","3,861","3,888","3,915","3,918","3,958","3,997","4,013","4,031","4,052","4,067","4,078","4,083","4,080","4,082","4,097","4,084","4,086","4,082","4,088","4,085","4,094","4,101","4,105","4,107","4,120","4,124","4,134","4,147","4,163","4,172","4,180","4,188","4,204","4,210","4,195","4,153","4,091","4,124","4,249","4,469","4,585","4,640","4,658","4,691","4,763","4,866","4,903","4,867","4,800","4,696","4,594","5,112","4,950","5,210","5,621","5,914","6,002","6,241","6,278","6,273","7,238","6,711","6,270","6,490","6,534","6,561","6,470","6,478","6,593","6,602","6,546","6,436","6,613","6,727","6,970","6,837","6,726","6,812","6,778","6,809","6,867","6,966","6,923","6,955","7,061","7,043","7,131","7,130","7,168","7,280","7,345","7,443","7,463","7,501","7,560","7,571","7,597","7,570","7,544","7,563","7,478","7,407","7,421","7,334","7,451","7,560","7,687","7,631","7,754","7,716","7,754","7,682","7,628","7,688","7,739","7,771","7,860","7,906","7,986","7,971","7,995","8,025","8,105"
Accommodation and food services  [72],2025-01-31,"3,669","3,689","3,701","3,726","3,747","3,761","3,786","3,810","3,833","3,861","3,888","3,915","3,918","3,958","3,997","4,013","4,031","4,052","4,067","4,078","4,083","4,080","4,082","4,097","4,084","4,086","4,082","4,088","4,085","4,094","4,101","4,105","4,107","4,120","4,124","4,134","4,147","4,163","4,172","4,180","4,188","4,204","4,210","4,195","4,153","4,091","4,124","4,249","4,469","4,585","4,640","4,658","4,691","4,763","4,866","4,903","4,867","4,800","4,696","4,594","5,112","4,950","5,210","5,621","5,914","6,002","6,241","6,278","6,273","7,238","6,711","6,270","6,490","6,534","6,561","6,470","6,478","6,593","6,602","6,546","6,436","6,613","6,727","6,970","6,837","6,726","6,812","6,778","6,809","6,867","6,966","6,923","6,955","7,061","7,043","7,131","7,130","7,168","7,280","7,345","7,443","7,463","7,501","7,560","7,571","7,597","7,570","7,544","7,563","7,478","7,407","7,421","7,334","7,451","7,560","7,687","7,631","7,754","7,716","7,754","7,682","7,628","7,688","7,739","7,756","7,842","7,900","8,004","7,971","7,995","8,025",..
Accommodation and food services  [72],2024-12-23,"3,669","3,689","3,701","3,726","3,747","3,761","3,786","3,810","3,833","3,861","3,888","3,915","3,918","3,958","3,997","4,013","4,031","4,052","4,067","4,078","4,083","4,080","4,082","4,097","4,084","4,086","4,082","4,088","4,085","4,094","4,101","4,105","4,107","4,120","4,124","4,134","4,147","4,163","4,172","4,180","4,188","4,204","4,210","4,195","4,153","4,091","4,124","4,249","4,469","4,585","4,640","4,658","4,691","4,763","4,866","4,903","4,867","4,800","4,696","4,594","5,112","4,950","5,210","5,621","5,914","6,002","6,241","6,278","6,273","7,238","6,711","6,270","6,490","6,534","6,561","6,470","6,478","6,593","6,602","6,546","6,436","6,613","6,727","6,970","6,837","6,726","6,812","6,778","6,809","6,867","6,966","6,923","6,955","7,061","7,043","7,131","7,130","7,168","7,280","7,345","7,443","7,463","7,501","7,560","7,571","7,597","7,570","7,544","7,563","7,478","7,407","7,421","7,334","7,451","7,560","7,687","7,631","7,754","7,716","7,754","7,682","7,628","7,688","7,739","7,756","7,842","7,900","7,954","7,971","8,017",..,..
Accommodation and food services  [72],2024-11-29,"3,669","3,689","3,701","3,726","3,747","3,761","3,786","3,810","3,833","3,861","3,888","3,915","3,918","3,958","3,997","4,013","4,031","4,052","4,067","4,078","4,083","4,080","4,082","4,097","4,084","4,086","4,082","4,088","4,085","4,094","4,101","4,105","4,107","4,120","4,124","4,134","4,147","4,163","4,172","4,180","4,188","4,204","4,210","4,195","4,153","4,091","4,124","4,249","4,469","4,585","4,640","4,658","4,691","4,763","4,866","4,903","4,867","4,800","4,696","4,594","5,112","4,950","5,210","5,621","5,914","6,002","6,241","6,278","6,273","7,238","6,711","6,270","6,490","6,534","6,561","6,470","6,478","6,593","6,602","6,546","6,436","6,613","6,727","6,970","6,837","6,726","6,812","6,778","6,809","6,867","6,966","6,923","6,955","7,061","7,043","7,131","7,130","7,168","7,280","7,345","7,443","7,463","7,501","7,560","7,571","7,597","7,570","7,544","7,563","7,478","7,407","7,421","7,334","7,451","7,560","7,687","7,631","7,754","7,716","7,754","7,682","7,628","7,688","7,739","7,756","7,842","7,900","7,960","7,931",..,..,..
Accommodation and food services  [72],2024-10-31,"3,669","3,689","3,701","3,726","3,747","3,761","3,786","3,810","3,833","3,861","3,888","3,915","3,918","3,958","3,997","4,013","4,031","4,052","4,067","4,078","4,083","4,080","4,082","4,097","4,084","4,086","4,082","4,088","4,085","4,094","4,101","4,105","4,107","4,120","4,124","4,134","4,147","4,163","4,172","4,180","4,188","4,204","4,210","4,195","4,153","4,091","4,124","4,249","4,469","4,585","4,640","4,658","4,691","4,763","4,866","4,903","4,867","4,800","4,696","4,594","5,112","4,950","5,210","5,621","5,914","6,002","6,241","6,278","6,273","7,238","6,711","6,270","6,446","6,498","6,533","6,454","6,480","6,611","6,621","6,563","6,460","6,636","6,746","6,972","6,800","6,665","6,751","6,722","6,743","6,816","6,879","6,828","6,878","6,992","6,971","7,059","7,059","7,080","7,193","7,234","7,340","7,325","7,326","7,369","7,391","7,464","7,468","7,423","7,332","7,160","7,028","6,961","6,805","6,828","6,950","7,059","7,210","7,349","7,410","7,350","7,194","7,180","7,131","7,157","7,231","7,313","7,345","7,391",..,..,..,..
All industries (except unlicensed cannabis sector)  [T024] 6,2025-02-28,"18,62,625","18,74,284","18,75,495","18,79,837","18,88,667","18,92,691","18,94,854","18,93,867","19,03,580","19,10,373","19,10,790","19,14,699","19,05,791","19,03,178","19,02,035","19,01,431","19,00,342","19,05,506","19,10,325","19,14,351","19,06,456","19,08,284","19,12,810","19,14,988","19,26,720","19,21,142","19,14,026","19,18,323","19,07,428","19,16,605","19,27,913","19,32,346","19,37,255","19,36,133","19,43,275","19,48,630","19,58,430","19,65,555","19,74,275","19,83,803","19,88,026","19,92,720","19,91,857","19,89,990","19,95,120","19,95,499","20,05,025","20,10,456","20,16,937","20,27,539","20,36,018","20,36,332","20,43,695","20,46,041","20,50,178","20,51,731","20,55,230","20,58,933","20,55,368","20,58,722","20,63,482","20,58,022","20,69,892","20,82,857","20,88,740","20,92,828","20,93,825","20,94,089","20,95,204","20,96,484","20,96,200","21,06,881","21,09,074","21,13,471","19,53,872","17,45,102","18,24,864","19,33,025","19,83,298","20,03,120","20,21,767","20,33,928","20,47,437","20,52,950","20,66,196","20,70,553","20,91,597","20,71,061","20,65,336","20,83,991","20,98,309","21,15,525","21,24,860","21,42,684","21,54,359","21,63,121","21,55,778","21,71,185","21,86,554","21,85,112","21,90,713","21,95,767","21,98,013","22,03,842","22,07,355","22,03,613","22,02,295","21,94,953","22,16,104","22,21,039","22,27,268","22,26,437","22,28,431","22,25,245","22,26,040","22,28,795","22,28,005","22,31,875","22,35,434","22,31,727","22,40,316","22,49,348","22,49,343","22,58,185","22,60,309","22,61,025","22,63,730","22,66,961","22,73,155","22,80,569","22,75,050","22,80,285"
Accommodation and food services  [72],2025-01-31,"18,62,625","18,74,284","18,75,495","18,79,837","18,88,667","18,92,691","18,94,854","18,93,867","19,03,580","19,10,373","19,10,790","19,14,699","19,05,791","19,03,178","19,02,035","19,01,431","19,00,342","19,05,506","19,10,325","19,14,351","19,06,456","19,08,284","19,12,810","19,14,988","19,26,720","19,21,142","19,14,026","19,18,323","19,07,428","19,16,605","19,27,913","19,32,346","19,37,255","19,36,133","19,43,275","19,48,630","19,58,430","19,65,555","19,74,275","19,83,803","19,88,026","19,92,720","19,91,857","19,89,990","19,95,120","19,95,499","20,05,025","20,10,456","20,16,937","20,27,539","20,36,018","20,36,332","20,43,695","20,46,041","20,50,178","20,51,731","20,55,230","20,58,933","20,55,368","20,58,722","20,63,482","20,58,022","20,69,892","20,82,857","20,88,740","20,92,828","20,93,825","20,94,089","20,95,204","20,96,484","20,96,200","21,06,881","21,09,074","21,13,471","19,53,872","17,45,102","18,24,864","19,33,025","19,83,298","20,03,120","20,21,767","20,33,928","20,47,437","20,52,950","20,66,196","20,70,553","20,91,597","20,71,061","20,65,336","20,83,991","20,98,309","21,15,525","21,24,860","21,42,684","21,54,359","21,63,121","21,55,778","21,71,185","21,86,554","21,85,112","21,90,713","21,95,767","21,98,013","22,03,842","22,07,355","22,03,613","22,02,295","21,94,953","22,16,104","22,21,039","22,27,268","22,26,437","22,28,431","22,25,245","22,26,040","22,28,795","22,28,005","22,31,875","22,35,434","22,31,727","22,39,855","22,47,541","22,46,564","22,55,304","22,57,265","22,58,134","22,59,968","22,61,828","22,67,210","22,75,077","22,69,557",..
Accommodation and food services  [72],2024-12-23,"18,62,625","18,74,284","18,75,495","18,79,837","18,88,667","18,92,691","18,94,854","18,93,867","19,03,580","19,10,373","19,10,790","19,14,699","19,05,791","19,03,178","19,02,035","19,01,431","19,00,342","19,05,506","19,10,325","19,14,351","19,06,456","19,08,284","19,12,810","19,14,988","19,26,720","19,21,142","19,14,026","19,18,323","19,07,428","19,16,605","19,27,913","19,32,346","19,37,255","19,36,133","19,43,275","19,48,630","19,58,430","19,65,555","19,74,275","19,83,803","19,88,026","19,92,720","19,91,857","19,89,990","19,95,120","19,95,499","20,05,025","20,10,456","20,16,937","20,27,539","20,36,018","20,36,332","20,43,695","20,46,041","20,50,178","20,51,731","20,55,230","20,58,933","20,55,368","20,58,722","20,63,482","20,58,022","20,69,892","20,82,857","20,88,740","20,92,828","20,93,825","20,94,089","20,95,204","20,96,484","20,96,200","21,06,881","21,09,074","21,13,471","19,53,872","17,45,102","18,24,864","19,33,025","19,83,298","20,03,120","20,21,767","20,33,928","20,47,437","20,52,950","20,66,196","20,70,553","20,91,597","20,71,061","20,65,336","20,83,991","20,98,309","21,15,525","21,24,860","21,42,684","21,54,359","21,63,121","21,55,778","21,71,185","21,86,554","21,85,112","21,90,713","21,95,767","21,98,013","22,03,842","22,07,355","22,03,613","22,02,295","21,94,953","22,16,104","22,21,039","22,27,268","22,26,437","22,28,431","22,25,245","22,26,040","22,28,795","22,28,005","22,31,875","22,35,434","22,31,727","22,39,532","22,47,108","22,46,014","22,54,273","22,56,655","22,57,601","22,59,991","22,61,493","22,66,914","22,74,124",..,..
Accommodation and food services  [72],2024-11-29,"18,62,625","18,74,284","18,75,495","18,79,837","18,88,667","18,92,691","18,94,854","18,93,867","19,03,580","19,10,373","19,10,790","19,14,699","19,05,791","19,03,178","19,02,035","19,01,431","19,00,342","19,05,506","19,10,325","19,14,351","19,06,456","19,08,284","19,12,810","19,14,988","19,26,720","19,21,142","19,14,026","19,18,323","19,07,428","19,16,605","19,27,913","19,32,346","19,37,255","19,36,133","19,43,275","19,48,630","19,58,430","19,65,555","19,74,275","19,83,803","19,88,026","19,92,720","19,91,857","19,89,990","19,95,120","19,95,499","20,05,025","20,10,456","20,16,937","20,27,539","20,36,018","20,36,332","20,43,695","20,46,041","20,50,178","20,51,731","20,55,230","20,58,933","20,55,368","20,58,722","20,63,482","20,58,022","20,69,892","20,82,857","20,88,740","20,92,828","20,93,825","20,94,089","20,95,204","20,96,484","20,96,200","21,06,881","21,09,074","21,13,471","19,53,872","17,45,102","18,24,864","19,33,025","19,83,298","20,03,120","20,21,767","20,33,928","20,47,437","20,52,950","20,66,196","20,70,553","20,91,597","20,71,061","20,65,336","20,83,991","20,98,309","21,15,525","21,24,860","21,42,684","21,54,359","21,63,121","21,55,778","21,71,185","21,86,554","21,85,112","21,90,713","21,95,767","21,98,013","22,03,842","22,07,355","22,03,613","22,02,295","21,94,953","22,16,104","22,21,039","22,27,268","22,26,437","22,28,431","22,25,245","22,26,040","22,28,795","22,28,005","22,31,875","22,35,434","22,31,727","22,39,521","22,47,104","22,46,146","22,54,401","22,57,040","22,58,039","22,60,685","22,61,180","22,62,913",..,..,..
Accommodation and food services  [72],2024-10-31,"18,62,625","18,74,284","18,75,495","18,79,837","18,88,667","18,92,691","18,94,854","18,93,867","19,03,580","19,10,373","19,10,790","19,14,699","19,05,791","19,03,178","19,02,035","19,01,431","19,00,342","19,05,506","19,10,325","19,14,351","19,06,456","19,08,284","19,12,810","19,14,988","19,26,720","19,21,142","19,14,026","19,18,323","19,07,428","19,16,605","19,27,913","19,32,346","19,37,255","19,36,133","19,43,275","19,48,630","19,58,430","19,65,555","19,74,275","19,83,803","19,88,026","19,92,720","19,91,857","19,89,990","19,95,120","19,95,499","20,05,025","20,10,456","20,16,937","20,27,539","20,36,018","20,36,332","20,43,695","20,46,041","20,50,178","20,51,731","20,55,230","20,58,933","20,55,368","20,58,722","20,63,482","20,58,022","20,69,892","20,82,857","20,88,740","20,92,828","20,93,825","20,94,089","20,95,204","20,96,484","20,96,200","21,06,881","21,11,401","21,15,473","19,56,579","17,46,317","18,25,902","19,32,392","19,82,379","20,01,714","20,20,711","20,32,455","20,46,517","20,50,068","20,59,173","20,63,001","20,85,639","20,64,257","20,55,253","20,73,124","20,86,082","21,02,489","21,08,957","21,24,589","21,34,270","21,37,842","21,35,999","21,52,134","21,66,826","21,65,311","21,71,236","21,76,639","21,78,202","21,84,719","21,89,027","21,85,132","21,85,284","21,79,119","21,95,472","21,96,929","22,00,345","21,97,058","22,01,812","21,98,136","21,98,735","22,00,604","21,99,463","22,00,619","22,04,650","22,01,751","22,11,552","22,16,317","22,15,959","22,24,205","22,27,612","22,27,306","22,29,901","22,29,498",..,..,..,..
"Agriculture, forestry, fishing and hunting  [11]",2025-02-28,"37,578","37,011","36,856","36,704","36,409","36,242","36,135","35,743","35,632","35,957","36,093","36,450","36,692","37,148","37,235","37,634","37,815","37,816","38,048","38,208","38,491","38,766","38,784","39,196","39,157","39,033","39,034","39,004","39,118","39,266","39,601","39,822","40,086","40,247","40,099","40,121","40,320","40,592","40,766","40,574","40,510","40,302","40,428","40,409","40,489","40,356","40,428","40,322","40,618","40,731","40,561","40,635","40,614","40,455","40,316","40,176","40,035","39,805","39,848","39,830","40,722","40,643","40,735","41,057","41,394","41,677","41,485","41,380","41,152","42,053","41,398","41,076","41,062","41,370","41,743","41,067","41,572","41,891","42,092","42,035","41,661","41,352","40,780","39,827","39,063","38,103","37,180","36,565","36,179","35,435","33,933","32,168","31,688","32,228","33,643","35,543","36,558","37,621","38,531","39,245","39,946","40,415","41,554","43,164","43,209","42,722","42,018","41,317","40,831","40,396","40,109","39,753","38,940","38,957","38,532","38,012","37,706","38,302","38,815","39,255","39,256","39,371","39,415","39,538","39,803","40,057","40,132","40,322","40,522","40,535","40,466","40,400"
Accommodation and food services  [72],2025-01-31,"37,578","37,011","36,856","36,704","36,409","36,242","36,135","35,743","35,632","35,957","36,093","36,450","36,692","37,148","37,235","37,634","37,815","37,816","38,048","38,208","38,491","38,766","38,784","39,196","39,157","39,033","39,034","39,004","39,118","39,266","39,601","39,822","40,086","40,247","40,099","40,121","40,320","40,592","40,766","40,574","40,510","40,302","40,428","40,409","40,489","40,356","40,428","40,322","40,618","40,731","40,561","40,635","40,614","40,455","40,316","40,176","40,035","39,805","39,848","39,830","40,722","40,643","40,735","41,057","41,394","41,677","41,485","41,380","41,152","42,053","41,398","41,076","41,062","41,370","41,743","41,067","41,572","41,891","42,092","42,035","41,661","41,352","40,780","39,827","39,063","38,103","37,180","36,565","36,179","35,435","33,933","32,168","31,688","32,228","33,643","35,543","36,558","37,621","38,531","39,245","39,946","40,415","41,554","43,164","43,209","42,722","42,018","41,317","40,831","40,396","40,109","39,753","38,940","38,957","38,532","38,012","37,706","38,302","38,815","39,255","39,305","39,375","39,478","39,600","39,814","40,044","40,108","40,279","40,458","40,485","40,402",..
Accommodation and food services  [72],2024-12-23,"37,578","37,011","36,856","36,704","36,409","36,242","36,135","35,743","35,632","35,957","36,093","36,450","36,692","37,148","37,235","37,634","37,815","37,816","38,048","38,208","38,491","38,766","38,784","39,196","39,157","39,033","39,034","39,004","39,118","39,266","39,601","39,822","40,086","40,247","40,099","40,121","40,320","40,592","40,766","40,574","40,510","40,302","40,428","40,409","40,489","40,356","40,428","40,322","40,618","40,731","40,561","40,635","40,614","40,455","40,316","40,176","40,035","39,805","39,848","39,830","40,722","40,643","40,735","41,057","41,394","41,677","41,485","41,380","41,152","42,053","41,398","41,076","41,062","41,370","41,743","41,067","41,572","41,891","42,092","42,035","41,661","41,352","40,780","39,827","39,063","38,103","37,180","36,565","36,179","35,435","33,933","32,168","31,688","32,228","33,643","35,543","36,558","37,621","38,531","39,245","39,946","40,415","41,554","43,164","43,209","42,722","42,018","41,317","40,831","40,396","40,109","39,753","38,940","38,957","38,532","38,012","37,706","38,302","38,815","39,255","39,283","39,365","39,470","39,571","39,803","40,021","40,089","40,286","40,458","40,535",..,..
Accommodation and food services  [72],2024-11-29,"37,578","37,011","36,856","36,704","36,409","36,242","36,135","35,743","35,632","35,957","36,093","36,450","36,692","37,148","37,235","37,634","37,815","37,816","38,048","38,208","38,491","38,766","38,784","39,196","39,157","39,033","39,034","39,004","39,118","39,266","39,601","39,822","40,086","40,247","40,099","40,121","40,320","40,592","40,766","40,574","40,510","40,302","40,428","40,409","40,489","40,356","40,428","40,322","40,618","40,731","40,561","40,635","40,614","40,455","40,316","40,176","40,035","39,805","39,848","39,830","40,722","40,643","40,735","41,057","41,394","41,677","41,485","41,380","41,152","42,053","41,398","41,076","41,062","41,370","41,743","41,067","41,572","41,891","42,092","42,035","41,661","41,352","40,780","39,827","39,063","38,103","37,180","36,565","36,179","35,435","33,933","32,168","31,688","32,228","33,643","35,543","36,558","37,621","38,531","39,245","39,946","40,415","41,554","43,164","43,209","42,722","42,018","41,317","40,831","40,396","40,109","39,753","38,940","38,957","38,532","38,012","37,706","38,302","38,815","39,255","39,450","39,632","39,814","40,010","40,354","40,562","40,756","40,938","41,038",..,..,..
Accommodation and food services  [72],2024-10-31,"37,578","37,011","36,856","36,704","36,409","36,242","36,135","35,743","35,632","35,957","36,093","36,450","36,692","37,148","37,235","37,634","37,815","37,816","38,048","38,208","38,491","38,766","38,784","39,196","39,157","39,033","39,034","39,004","39,118","39,266","39,601","39,822","40,086","40,247","40,099","40,121","40,320","40,592","40,766","40,574","40,510","40,302","40,428","40,409","40,489","40,356","40,428","40,322","40,618","40,731","40,561","40,635","40,614","40,455","40,316","40,176","40,035","39,805","39,848","39,830","40,722","40,643","40,735","41,057","41,394","41,677","41,485","41,380","41,152","42,053","41,398","41,076","40,817","40,797","41,022","40,453","41,002","41,378","41,840","41,989","41,970","42,024","41,865","41,295","40,760","40,164","39,562","39,079","38,743","38,165","36,753","34,926","34,460","35,083","36,752","38,865","39,652","40,161","40,726","41,223","41,762","42,183","43,192","44,439","44,419","44,052","43,376","42,679","42,350","42,044","41,652","41,254","40,523","40,212","39,762","39,157","38,857","39,490","40,068","40,548","40,562","40,718","40,944","41,206","41,652","41,941","42,221","42,370",..,..,..,..
"Mining, quarrying, and oil and gas extraction  [21]",2025-02-28,"94,920","96,914","98,960","1,01,177","1,01,319","1,02,546","1,00,112","97,646","1,00,418","1,01,321","1,01,431","1,00,199","1,00,100","98,131","94,439","92,903","93,219","96,823","99,374","1,00,479","96,207","97,259","97,305","97,631","97,673","95,434","92,371","91,810","84,401","89,483","96,490","97,422","98,630","99,489","1,02,564","1,03,088","1,04,421","1,04,530","1,03,744","1,05,262","1,07,405","1,06,335","1,08,279","1,05,616","1,05,117","1,01,565","1,02,228","1,03,698","1,03,334","1,08,185","1,11,702","1,09,923","1,11,433","1,10,485","1,11,720","1,11,776","1,10,003","1,09,921","1,08,140","1,07,330","1,04,311","1,04,574","1,08,150","1,15,746","1,13,172","1,12,082","1,08,073","1,08,615","1,08,206","1,07,697","1,04,786","1,06,732","1,13,287","1,14,368","1,08,827","92,924","96,479","91,137","93,224","92,493","95,724","96,292","1,00,368","1,04,205","1,05,846","1,04,032","1,04,047","1,01,517","1,01,907","1,03,506","1,05,871","1,06,047","1,07,874","1,09,225","1,05,845","1,06,119","1,05,535","1,07,257","1,07,784","1,10,179","1,11,238","1,11,448","1,12,458","1,11,365","1,13,384","1,11,402","1,11,179","1,07,839","1,10,192","1,10,671","1,11,376","1,11,811","1,08,104","1,09,972","1,12,038","1,12,113","1,11,382","1,13,021","1,14,530","1,16,006","1,12,206","1,15,454","1,16,015","1,17,904","1,16,813","1,17,656","1,17,333","1,17,515","1,16,518","1,18,827","1,17,540","1,18,475"
Accommodation and food services  [72],2025-01-31,"94,920","96,914","98,960","1,01,177","1,01,319","1,02,546","1,00,112","97,646","1,00,418","1,01,321","1,01,431","1,00,199","1,00,100","98,131","94,439","92,903","93,219","96,823","99,374","1,00,479","96,207","97,259","97,305","97,631","97,673","95,434","92,371","91,810","84,401","89,483","96,490","97,422","98,630","99,489","1,02,564","1,03,088","1,04,421","1,04,530","1,03,744","1,05,262","1,07,405","1,06,335","1,08,279","1,05,616","1,05,117","1,01,565","1,02,228","1,03,698","1,03,334","1,08,185","1,11,702","1,09,923","1,11,433","1,10,485","1,11,720","1,11,776","1,10,003","1,09,921","1,08,140","1,07,330","1,04,311","1,04,574","1,08,150","1,15,746","1,13,172","1,12,082","1,08,073","1,08,615","1,08,206","1,07,697","1,04,786","1,06,732","1,13,287","1,14,368","1,08,827","92,924","96,479","91,137","93,224","92,493","95,724","96,292","1,00,368","1,04,205","1,05,846","1,04,032","1,04,047","1,01,517","1,01,907","1,03,506","1,05,871","1,06,047","1,07,874","1,09,225","1,05,845","1,06,119","1,05,535","1,07,257","1,07,784","1,10,179","1,11,238","1,11,448","1,12,458","1,11,365","1,13,384","1,11,402","1,11,179","1,07,839","1,10,192","1,10,671","1,11,376","1,11,811","1,08,104","1,09,972","1,12,038","1,12,113","1,11,382","1,13,021","1,14,530","1,16,006","1,12,268","1,15,418","1,15,926","1,17,878","1,16,807","1,17,558","1,17,355","1,17,271","1,16,154","1,18,668","1,16,802",..
Accommodation and food services  [72],2024-12-23,"94,920","96,914","98,960","1,01,177","1,01,319","1,02,546","1,00,112","97,646","1,00,418","1,01,321","1,01,431","1,00,199","1,00,100","98,131","94,439","92,903","93,219","96,823","99,374","1,00,479","96,207","97,259","97,305","97,631","97,673","95,434","92,371","91,810","84,401","89,483","96,490","97,422","98,630","99,489","1,02,564","1,03,088","1,04,421","1,04,530","1,03,744","1,05,262","1,07,405","1,06,335","1,08,279","1,05,616","1,05,117","1,01,565","1,02,228","1,03,698","1,03,334","1,08,185","1,11,702","1,09,923","1,11,433","1,10,485","1,11,720","1,11,776","1,10,003","1,09,921","1,08,140","1,07,330","1,04,311","1,04,574","1,08,150","1,15,746","1,13,172","1,12,082","1,08,073","1,08,615","1,08,206","1,07,697","1,04,786","1,06,732","1,13,287","1,14,368","1,08,827","92,924","96,479","91,137","93,224","92,493","95,724","96,292","1,00,368","1,04,205","1,05,846","1,04,032","1,04,047","1,01,517","1,01,907","1,03,506","1,05,871","1,06,047","1,07,874","1,09,225","1,05,845","1,06,119","1,05,535","1,07,257","1,07,784","1,10,179","1,11,238","1,11,448","1,12,458","1,11,365","1,13,384","1,11,402","1,11,179","1,07,839","1,10,192","1,10,671","1,11,376","1,11,811","1,08,104","1,09,972","1,12,038","1,12,113","1,11,382","1,13,021","1,14,530","1,16,006","1,12,479","1,15,415","1,16,026","1,17,979","1,16,924","1,17,784","1,17,692","1,17,620","1,16,327","1,19,083",..,..
Accommodation and food services  [72],2024-11-29,"94,920","96,914","98,960","1,01,177","1,01,319","1,02,546","1,00,112","97,646","1,00,418","1,01,321","1,01,431","1,00,199","1,00,100","98,131","94,439","92,903","93,219","96,823","99,374","1,00,479","96,207","97,259","97,305","97,631","97,673","95,434","92,371","91,810","84,401","89,483","96,490","97,422","98,630","99,489","1,02,564","1,03,088","1,04,421","1,04,530","1,03,744","1,05,262","1,07,405","1,06,335","1,08,279","1,05,616","1,05,117","1,01,565","1,02,228","1,03,698","1,03,334","1,08,185","1,11,702","1,09,923","1,11,433","1,10,485","1,11,720","1,11,776","1,10,003","1,09,921","1,08,140","1,07,330","1,04,311","1,04,574","1,08,150","1,15,746","1,13,172","1,12,082","1,08,073","1,08,615","1,08,206","1,07,697","1,04,786","1,06,732","1,13,287","1,14,368","1,08,827","92,924","96,479","91,137","93,224","92,493","95,724","96,292","1,00,368","1,04,205","1,05,846","1,04,032","1,04,047","1,01,517","1,01,907","1,03,506","1,05,871","1,06,047","1,07,874","1,09,225","1,05,845","1,06,119","1,05,535","1,07,257","1,07,784","1,10,179","1,11,238","1,11,448","1,12,458","1,11,365","1,13,384","1,11,402","1,11,179","1,07,839","1,10,192","1,10,671","1,11,376","1,11,811","1,08,104","1,09,972","1,12,038","1,12,113","1,11,382","1,13,021","1,14,530","1,16,006","1,12,288","1,15,286","1,15,937","1,17,839","1,16,722","1,17,563","1,17,453","1,17,265","1,15,572",..,..,..
Accommodation and food services  [72],2024-10-31,"94,920","96,914","98,960","1,01,177","1,01,319","1,02,546","1,00,112","97,646","1,00,418","1,01,321","1,01,431","1,00,199","1,00,100","98,131","94,439","92,903","93,219","96,823","99,374","1,00,479","96,207","97,259","97,305","97,631","97,673","95,434","92,371","91,810","84,401","89,483","96,490","97,422","98,630","99,489","1,02,564","1,03,088","1,04,421","1,04,530","1,03,744","1,05,262","1,07,405","1,06,335","1,08,279","1,05,616","1,05,117","1,01,565","1,02,228","1,03,698","1,03,334","1,08,185","1,11,702","1,09,923","1,11,433","1,10,485","1,11,720","1,11,776","1,10,003","1,09,921","1,08,140","1,07,330","1,04,311","1,04,574","1,08,150","1,15,746","1,13,172","1,12,082","1,08,073","1,08,615","1,08,206","1,07,697","1,04,786","1,06,732","1,12,816","1,14,744","1,09,136","92,163","95,825","89,783","92,881","93,030","96,218","96,862","1,00,679","1,05,191","1,06,040","1,05,266","1,06,029","1,04,348","1,03,914","1,04,574","1,07,284","1,07,653","1,08,240","1,10,798","1,07,926","1,09,012","1,07,218","1,08,473","1,08,479","1,11,642","1,13,082","1,13,567","1,13,953","1,13,769","1,15,151","1,13,420","1,13,911","1,11,299","1,12,070","1,11,751","1,12,201","1,12,174","1,09,031","1,10,407","1,12,301","1,12,093","1,10,786","1,12,886","1,14,320","1,16,148","1,12,444","1,15,499","1,16,378","1,17,606","1,17,510","1,17,979","1,17,699","1,18,401",..,..,..,..
Utilities  [22],2025-02-28,"42,224","42,357","42,611","42,318","42,292","42,433","42,064","42,170","42,536","42,754","43,667","43,030","43,227","44,441","44,428","43,617","43,029","42,990","42,447","42,372","41,952","41,363","41,798","41,264","42,576","42,767","42,953","43,712","43,048","44,532","44,049","45,445","44,543","44,213","42,399","43,936","43,886","43,366","44,548","43,625","44,204","44,029","43,944","44,111","44,834","43,996","44,659","45,174","45,057","43,797","44,377","44,476","44,203","44,327","45,615","45,727","45,873","46,423","46,762","45,727","46,428","46,742","46,295","45,868","45,840","45,913","45,665","45,316","45,700","46,500","46,698","46,451","45,282","45,502","45,807","45,246","45,389","46,076","47,085","45,995","44,952","45,803","45,184","45,287","44,971","45,520","45,156","44,733","45,507","47,219","46,045","46,039","45,692","45,821","44,823","45,902","47,740","46,828","46,577","46,865","46,332","46,352","46,599","47,949","47,178","46,211","46,137","46,292","45,673","46,107","46,450","46,493","46,071","45,489","45,071","44,802","44,897","45,109","45,769","45,077","45,612","44,670","44,849","44,800","45,090","45,784","46,667","45,693","45,720","45,862","44,205","46,282"
Accommodation and food services  [72],2025-01-31,"42,224","42,357","42,611","42,318","42,292","42,433","42,064","42,170","42,536","42,754","43,667","43,030","43,227","44,441","44,428","43,617","43,029","42,990","42,447","42,372","41,952","41,363","41,798","41,264","42,576","42,767","42,953","43,712","43,048","44,532","44,049","45,445","44,543","44,213","42,399","43,936","43,886","43,366","44,548","43,625","44,204","44,029","43,944","44,111","44,834","43,996","44,659","45,174","45,057","43,797","44,377","44,476","44,203","44,327","45,615","45,727","45,873","46,423","46,762","45,727","46,428","46,742","46,295","45,868","45,840","45,913","45,665","45,316","45,700","46,500","46,698","46,451","45,282","45,502","45,807","45,246","45,389","46,076","47,085","45,995","44,952","45,803","45,184","45,287","44,971","45,520","45,156","44,733","45,507","47,219","46,045","46,039","45,692","45,821","44,823","45,902","47,740","46,828","46,577","46,865","46,332","46,352","46,599","47,949","47,178","46,211","46,137","46,292","45,673","46,107","46,450","46,493","46,071","45,489","45,071","44,802","44,897","45,109","45,769","45,077","45,735","44,771","44,929","44,874","45,166","45,848","46,718","45,711","45,709","45,860","44,194",..
Accommodation and food services  [72],2024-12-23,"42,224","42,357","42,611","42,318","42,292","42,433","42,064","42,170","42,536","42,754","43,667","43,030","43,227","44,441","44,428","43,617","43,029","42,990","42,447","42,372","41,952","41,363","41,798","41,264","42,576","42,767","42,953","43,712","43,048","44,532","44,049","45,445","44,543","44,213","42,399","43,936","43,886","43,366","44,548","43,625","44,204","44,029","43,944","44,111","44,834","43,996","44,659","45,174","45,057","43,797","44,377","44,476","44,203","44,327","45,615","45,727","45,873","46,423","46,762","45,727","46,428","46,742","46,295","45,868","45,840","45,913","45,665","45,316","45,700","46,500","46,698","46,451","45,282","45,502","45,807","45,246","45,389","46,076","47,085","45,995","44,952","45,803","45,184","45,287","44,971","45,520","45,156","44,733","45,507","47,219","46,045","46,039","45,692","45,821","44,823","45,902","47,740","46,828","46,577","46,865","46,332","46,352","46,599","47,949","47,178","46,211","46,137","46,292","45,673","46,107","46,450","46,493","46,071","45,489","45,071","44,802","44,897","45,109","45,769","45,077","45,662","44,722","44,902","44,851","45,159","45,862","46,770","45,792","45,833","46,004",..,..
Accommodation and food services  [72],2024-11-29,"42,224","42,357","42,611","42,318","42,292","42,433","42,064","42,170","42,536","42,754","43,667","43,030","43,227","44,441","44,428","43,617","43,029","42,990","42,447","42,372","41,952","41,363","41,798","41,264","42,576","42,767","42,953","43,712","43,048","44,532","44,049","45,445","44,543","44,213","42,399","43,936","43,886","43,366","44,548","43,625","44,204","44,029","43,944","44,111","44,834","43,996","44,659","45,174","45,057","43,797","44,377","44,476","44,203","44,327","45,615","45,727","45,873","46,423","46,762","45,727","46,428","46,742","46,295","45,868","45,840","45,913","45,665","45,316","45,700","46,500","46,698","46,451","45,282","45,502","45,807","45,246","45,389","46,076","47,085","45,995","44,952","45,803","45,184","45,287","44,971","45,520","45,156","44,733","45,507","47,219","46,045","46,039","45,692","45,821","44,823","45,902","47,740","46,828","46,577","46,865","46,332","46,352","46,599","47,949","47,178","46,211","46,137","46,292","45,673","46,107","46,450","46,493","46,071","45,489","45,071","44,802","44,897","45,109","45,769","45,077","45,671","44,737","44,910","44,845","45,157","45,854","46,764","45,784","45,820",..,..,..
Accommodation and food services  [72],2024-10-31,"42,224","42,357","42,611","42,318","42,292","42,433","42,064","42,170","42,536","42,754","43,667","43,030","43,227","44,441","44,428","43,617","43,029","42,990","42,447","42,372","41,952","41,363","41,798","41,264","42,576","42,767","42,953","43,712","43,048","44,532","44,049","45,445","44,543","44,213","42,399","43,936","43,886","43,366","44,548","43,625","44,204","44,029","43,944","44,111","44,834","43,996","44,659","45,174","45,057","43,797","44,377","44,476","44,203","44,327","45,615","45,727","45,873","46,423","46,762","45,727","46,428","46,742","46,295","45,868","45,840","45,913","45,665","45,316","45,700","46,500","46,698","46,451","45,494","45,677","45,924","45,360","45,416","46,029","46,984","45,840","44,875","45,603","45,211","45,195","44,811","44,999","44,677","43,969","44,907","46,585","45,296","45,494","45,169","45,255","44,648","45,438","47,544","46,199","46,043","46,231","45,753","45,966","46,213","47,538","46,733","45,824","45,988","46,036","45,242","45,509","45,723","45,923","45,489","44,846","44,680","44,408","44,500","44,604","45,515","44,035","45,449","44,244","44,500","44,404","44,671","45,617","46,345","45,479",..,..,..,..
Construction  [23],2025-02-28,"1,53,924","1,54,819","1,54,295","1,53,792","1,55,907","1,56,736","1,57,972","1,57,442","1,58,023","1,59,952","1,60,105","1,59,415","1,57,615","1,55,844","1,53,938","1,53,395","1,54,273","1,53,358","1,52,972","1,53,116","1,51,634","1,51,165","1,51,004","1,50,073","1,49,833","1,48,473","1,46,601","1,47,374","1,44,806","1,43,574","1,44,238","1,43,553","1,44,649","1,44,991","1,45,924","1,46,111","1,47,102","1,47,535","1,47,688","1,50,079","1,48,501","1,51,318","1,52,399","1,51,801","1,53,275","1,54,830","1,55,541","1,55,123","1,55,643","1,56,937","1,57,373","1,57,554","1,57,990","1,56,989","1,56,217","1,55,101","1,54,497","1,53,886","1,53,043","1,53,182","1,53,677","1,53,177","1,53,820","1,53,922","1,55,749","1,57,743","1,59,565","1,58,276","1,58,867","1,58,305","1,59,440","1,60,379","1,60,593","1,60,902","1,54,278","1,27,673","1,47,735","1,56,835","1,54,309","1,53,844","1,54,529","1,56,254","1,56,700","1,59,488","1,60,943","1,63,923","1,67,417","1,71,366","1,67,955","1,65,774","1,63,749","1,63,809","1,63,071","1,64,606","1,64,850","1,65,309","1,66,852","1,68,578","1,69,258","1,68,261","1,68,042","1,67,943","1,67,103","1,66,892","1,65,560","1,66,852","1,66,626","1,66,053","1,66,450","1,65,605","1,66,433","1,67,359","1,66,030","1,66,156","1,66,545","1,66,217","1,65,475","1,65,091","1,64,308","1,63,475","1,63,730","1,64,456","1,65,806","1,64,562","1,64,542","1,63,679","1,63,787","1,64,887","1,66,522","1,66,455","1,66,900","1,67,351"
Accommodation and food services  [72],2025-01-31,"1,53,924","1,54,819","1,54,295","1,53,792","1,55,907","1,56,736","1,57,972","1,57,442","1,58,023","1,59,952","1,60,105","1,59,415","1,57,615","1,55,844","1,53,938","1,53,395","1,54,273","1,53,358","1,52,972","1,53,116","1,51,634","1,51,165","1,51,004","1,50,073","1,49,833","1,48,473","1,46,601","1,47,374","1,44,806","1,43,574","1,44,238","1,43,553","1,44,649","1,44,991","1,45,924","1,46,111","1,47,102","1,47,535","1,47,688","1,50,079","1,48,501","1,51,318","1,52,399","1,51,801","1,53,275","1,54,830","1,55,541","1,55,123","1,55,643","1,56,937","1,57,373","1,57,554","1,57,990","1,56,989","1,56,217","1,55,101","1,54,497","1,53,886","1,53,043","1,53,182","1,53,677","1,53,177","1,53,820","1,53,922","1,55,749","1,57,743","1,59,565","1,58,276","1,58,867","1,58,305","1,59,440","1,60,379","1,60,593","1,60,902","1,54,278","1,27,673","1,47,735","1,56,835","1,54,309","1,53,844","1,54,529","1,56,254","1,56,700","1,59,488","1,60,943","1,63,923","1,67,417","1,71,366","1,67,955","1,65,774","1,63,749","1,63,809","1,63,071","1,64,606","1,64,850","1,65,309","1,66,852","1,68,578","1,69,258","1,68,261","1,68,042","1,67,943","1,67,103","1,66,892","1,65,560","1,66,852","1,66,626","1,66,053","1,66,450","1,65,605","1,66,433","1,67,359","1,66,030","1,66,156","1,66,545","1,66,217","1,65,475","1,65,091","1,64,308","1,63,475","1,63,262","1,63,741","1,64,815","1,63,870","1,64,029","1,63,226","1,62,939","1,63,835","1,65,124","1,65,468","1,66,594",..
Accommodation and food services  [72],2024-12-23,"1,53,924","1,54,819","1,54,295","1,53,792","1,55,907","1,56,736","1,57,972","1,57,442","1,58,023","1,59,952","1,60,105","1,59,415","1,57,615","1,55,844","1,53,938","1,53,395","1,54,273","1,53,358","1,52,972","1,53,116","1,51,634","1,51,165","1,51,004","1,50,073","1,49,833","1,48,473","1,46,601","1,47,374","1,44,806","1,43,574","1,44,238","1,43,553","1,44,649","1,44,991","1,45,924","1,46,111","1,47,102","1,47,535","1,47,688","1,50,079","1,48,501","1,51,318","1,52,399","1,51,801","1,53,275","1,54,830","1,55,541","1,55,123","1,55,643","1,56,937","1,57,373","1,57,554","1,57,990","1,56,989","1,56,217","1,55,101","1,54,497","1,53,886","1,53,043","1,53,182","1,53,677","1,53,177","1,53,820","1,53,922","1,55,749","1,57,743","1,59,565","1,58,276","1,58,867","1,58,305","1,59,440","1,60,379","1,60,593","1,60,902","1,54,278","1,27,673","1,47,735","1,56,835","1,54,309","1,53,844","1,54,529","1,56,254","1,56,700","1,59,488","1,60,943","1,63,923","1,67,417","1,71,366","1,67,955","1,65,774","1,63,749","1,63,809","1,63,071","1,64,606","1,64,850","1,65,309","1,66,852","1,68,578","1,69,258","1,68,261","1,68,042","1,67,943","1,67,103","1,66,892","1,65,560","1,66,852","1,66,626","1,66,053","1,66,450","1,65,605","1,66,433","1,67,359","1,66,030","1,66,156","1,66,545","1,66,217","1,65,475","1,65,091","1,64,308","1,63,475","1,63,204","1,63,773","1,64,831","1,63,916","1,64,080","1,63,108","1,63,096","1,63,812","1,64,849","1,65,526",..,..
Accommodation and food services  [72],2024-11-29,"1,53,924","1,54,819","1,54,295","1,53,792","1,55,907","1,56,736","1,57,972","1,57,442","1,58,023","1,59,952","1,60,105","1,59,415","1,57,615","1,55,844","1,53,938","1,53,395","1,54,273","1,53,358","1,52,972","1,53,116","1,51,634","1,51,165","1,51,004","1,50,073","1,49,833","1,48,473","1,46,601","1,47,374","1,44,806","1,43,574","1,44,238","1,43,553","1,44,649","1,44,991","1,45,924","1,46,111","1,47,102","1,47,535","1,47,688","1,50,079","1,48,501","1,51,318","1,52,399","1,51,801","1,53,275","1,54,830","1,55,541","1,55,123","1,55,643","1,56,937","1,57,373","1,57,554","1,57,990","1,56,989","1,56,217","1,55,101","1,54,497","1,53,886","1,53,043","1,53,182","1,53,677","1,53,177","1,53,820","1,53,922","1,55,749","1,57,743","1,59,565","1,58,276","1,58,867","1,58,305","1,59,440","1,60,379","1,60,593","1,60,902","1,54,278","1,27,673","1,47,735","1,56,835","1,54,309","1,53,844","1,54,529","1,56,254","1,56,700","1,59,488","1,60,943","1,63,923","1,67,417","1,71,366","1,67,955","1,65,774","1,63,749","1,63,809","1,63,071","1,64,606","1,64,850","1,65,309","1,66,852","1,68,578","1,69,258","1,68,261","1,68,042","1,67,943","1,67,103","1,66,892","1,65,560","1,66,852","1,66,626","1,66,053","1,66,450","1,65,605","1,66,433","1,67,359","1,66,030","1,66,156","1,66,545","1,66,217","1,65,475","1,65,091","1,64,308","1,63,475","1,63,282","1,63,756","1,64,797","1,63,869","1,64,059","1,63,163","1,63,174","1,63,969","1,64,663",..,..,..
Accommodation and food services  [72],2024-10-31,"1,53,924","1,54,819","1,54,295","1,53,792","1,55,907","1,56,736","1,57,972","1,57,442","1,58,023","1,59,952","1,60,105","1,59,415","1,57,615","1,55,844","1,53,938","1,53,395","1,54,273","1,53,358","1,52,972","1,53,116","1,51,634","1,51,165","1,51,004","1,50,073","1,49,833","1,48,473","1,46,601","1,47,374","1,44,806","1,43,574","1,44,238","1,43,553","1,44,649","1,44,991","1,45,924","1,46,111","1,47,102","1,47,535","1,47,688","1,50,079","1,48,501","1,51,318","1,52,399","1,51,801","1,53,275","1,54,830","1,55,541","1,55,123","1,55,643","1,56,937","1,57,373","1,57,554","1,57,990","1,56,989","1,56,217","1,55,101","1,54,497","1,53,886","1,53,043","1,53,182","1,53,677","1,53,177","1,53,820","1,53,922","1,55,749","1,57,743","1,59,565","1,58,276","1,58,867","1,58,305","1,59,440","1,60,379","1,60,975","1,61,295","1,54,741","1,28,214","1,47,989","1,56,908","1,54,256","1,53,859","1,54,386","1,56,127","1,56,390","1,58,000","1,60,327","1,63,068","1,66,647","1,70,526","1,66,329","1,64,317","1,62,359","1,62,774","1,62,416","1,64,363","1,64,810","1,64,000","1,66,629","1,68,030","1,68,890","1,67,863","1,66,948","1,67,385","1,66,989","1,67,013","1,66,083","1,67,323","1,67,296","1,65,795","1,66,930","1,66,025","1,66,195","1,66,513","1,65,060","1,65,006","1,65,107","1,64,562","1,63,969","1,63,430","1,62,768","1,61,806","1,61,880","1,62,725","1,63,505","1,62,493","1,62,397","1,61,102","1,60,282","1,60,773",..,..,..,..
Manufacturing  [31-33],2025-02-28,"1,96,586","1,99,607","1,98,079","1,98,849","2,02,151","2,03,888","2,05,548","2,03,041","2,04,405","2,04,684","2,02,985","2,06,938","2,04,549","2,02,312","2,04,317","2,03,882","2,03,590","2,01,524","2,01,957","2,05,761","2,03,295","2,02,810","2,03,034","2,03,484","2,05,931","2,03,853","2,02,774","2,03,660","2,00,673","2,03,078","2,03,400","2,03,436","2,03,680","2,01,207","2,03,771","2,04,819","2,05,860","2,05,346","2,06,984","2,07,865","2,09,008","2,09,156","2,07,512","2,04,730","2,05,297","2,07,099","2,09,810","2,09,077","2,11,361","2,11,933","2,13,872","2,14,825","2,11,708","2,15,410","2,14,802","2,13,459","2,14,960","2,14,957","2,13,830","2,12,755","2,13,988","2,12,908","2,14,190","2,12,829","2,17,024","2,14,707","2,13,667","2,13,450","2,13,408","2,12,314","2,13,025","2,11,870","2,05,189","2,08,671","1,90,893","1,53,616","1,69,208","1,90,188","1,99,096","2,02,858","2,04,294","2,04,929","2,07,724","2,07,954","2,10,754","2,07,193","2,09,403","2,05,187","2,04,162","2,07,067","2,06,224","2,07,841","2,04,371","2,09,292","2,11,172","2,12,890","2,15,839","2,16,717","2,18,689","2,16,671","2,14,987","2,17,617","2,15,466","2,15,451","2,15,856","2,13,125","2,12,719","2,11,003","2,13,845","2,15,911","2,15,890","2,14,764","2,16,149","2,14,606","2,12,587","2,13,434","2,12,989","2,11,526","2,12,624","2,10,591","2,10,149","2,09,522","2,07,160","2,08,102","2,10,438","2,07,678","2,05,804","2,05,579","2,04,951","2,06,204","2,05,008","2,03,212"
Accommodation and food services  [72],2025-01-31,"1,96,586","1,99,607","1,98,079","1,98,849","2,02,151","2,03,888","2,05,548","2,03,041","2,04,405","2,04,684","2,02,985","2,06,938","2,04,549","2,02,312","2,04,317","2,03,882","2,03,590","2,01,524","2,01,957","2,05,761","2,03,295","2,02,810","2,03,034","2,03,484","2,05,931","2,03,853","2,02,774","2,03,660","2,00,673","2,03,078","2,03,400","2,03,436","2,03,680","2,01,207","2,03,771","2,04,819","2,05,860","2,05,346","2,06,984","2,07,865","2,09,008","2,09,156","2,07,512","2,04,730","2,05,297","2,07,099","2,09,810","2,09,077","2,11,361","2,11,933","2,13,872","2,14,825","2,11,708","2,15,410","2,14,802","2,13,459","2,14,960","2,14,957","2,13,830","2,12,755","2,13,988","2,12,908","2,14,190","2,12,829","2,17,024","2,14,707","2,13,667","2,13,450","2,13,408","2,12,314","2,13,025","2,11,870","2,05,189","2,08,671","1,90,893","1,53,616","1,69,208","1,90,188","1,99,096","2,02,858","2,04,294","2,04,929","2,07,724","2,07,954","2,10,754","2,07,193","2,09,403","2,05,187","2,04,162","2,07,067","2,06,224","2,07,841","2,04,371","2,09,292","2,11,172","2,12,890","2,15,839","2,16,717","2,18,689","2,16,671","2,14,987","2,17,617","2,15,466","2,15,451","2,15,856","2,13,125","2,12,719","2,11,003","2,13,845","2,15,911","2,15,890","2,14,764","2,16,149","2,14,606","2,12,587","2,13,434","2,12,989","2,11,526","2,12,624","2,10,591","2,10,044","2,09,392","2,06,992","2,07,803","2,10,194","2,07,457","2,05,664","2,05,505","2,05,265","2,06,591","2,06,063",..
Accommodation and food services  [72],2024-12-23,"1,96,586","1,99,607","1,98,079","1,98,849","2,02,151","2,03,888","2,05,548","2,03,041","2,04,405","2,04,684","2,02,985","2,06,938","2,04,549","2,02,312","2,04,317","2,03,882","2,03,590","2,01,524","2,01,957","2,05,761","2,03,295","2,02,810","2,03,034","2,03,484","2,05,931","2,03,853","2,02,774","2,03,660","2,00,673","2,03,078","2,03,400","2,03,436","2,03,680","2,01,207","2,03,771","2,04,819","2,05,860","2,05,346","2,06,984","2,07,865","2,09,008","2,09,156","2,07,512","2,04,730","2,05,297","2,07,099","2,09,810","2,09,077","2,11,361","2,11,933","2,13,872","2,14,825","2,11,708","2,15,410","2,14,802","2,13,459","2,14,960","2,14,957","2,13,830","2,12,755","2,13,988","2,12,908","2,14,190","2,12,829","2,17,024","2,14,707","2,13,667","2,13,450","2,13,408","2,12,314","2,13,025","2,11,870","2,05,189","2,08,671","1,90,893","1,53,616","1,69,208","1,90,188","1,99,096","2,02,858","2,04,294","2,04,929","2,07,724","2,07,954","2,10,754","2,07,193","2,09,403","2,05,187","2,04,162","2,07,067","2,06,224","2,07,841","2,04,371","2,09,292","2,11,172","2,12,890","2,15,839","2,16,717","2,18,689","2,16,671","2,14,987","2,17,617","2,15,466","2,15,451","2,15,856","2,13,125","2,12,719","2,11,003","2,13,845","2,15,911","2,15,890","2,14,764","2,16,149","2,14,606","2,12,587","2,13,434","2,12,989","2,11,526","2,12,624","2,10,591","2,09,979","2,09,400","2,06,881","2,07,608","2,09,982","2,07,353","2,05,483","2,04,977","2,05,009","2,05,694",..,..
Accommodation and food services  [72],2024-11-29,"1,96,586","1,99,607","1,98,079","1,98,849","2,02,151","2,03,888","2,05,548","2,03,041","2,04,405","2,04,684","2,02,985","2,06,938","2,04,549","2,02,312","2,04,317","2,03,882","2,03,590","2,01,524","2,01,957","2,05,761","2,03,295","2,02,810","2,03,034","2,03,484","2,05,931","2,03,853","2,02,774","2,03,660","2,00,673","2,03,078","2,03,400","2,03,436","2,03,680","2,01,207","2,03,771","2,04,819","2,05,860","2,05,346","2,06,984","2,07,865","2,09,008","2,09,156","2,07,512","2,04,730","2,05,297","2,07,099","2,09,810","2,09,077","2,11,361","2,11,933","2,13,872","2,14,825","2,11,708","2,15,410","2,14,802","2,13,459","2,14,960","2,14,957","2,13,830","2,12,755","2,13,988","2,12,908","2,14,190","2,12,829","2,17,024","2,14,707","2,13,667","2,13,450","2,13,408","2,12,314","2,13,025","2,11,870","2,05,189","2,08,671","1,90,893","1,53,616","1,69,208","1,90,188","1,99,096","2,02,858","2,04,294","2,04,929","2,07,724","2,07,954","2,10,754","2,07,193","2,09,403","2,05,187","2,04,162","2,07,067","2,06,224","2,07,841","2,04,371","2,09,292","2,11,172","2,12,890","2,15,839","2,16,717","2,18,689","2,16,671","2,14,987","2,17,617","2,15,466","2,15,451","2,15,856","2,13,125","2,12,719","2,11,003","2,13,845","2,15,911","2,15,890","2,14,764","2,16,149","2,14,606","2,12,587","2,13,434","2,12,989","2,11,526","2,12,624","2,10,591","2,10,166","2,09,564","2,06,968","2,07,682","2,10,156","2,07,545","2,06,279","2,05,084","2,04,509",..,..,..
Accommodation and food services  [72],2024-10-31,"1,96,586","1,99,607","1,98,079","1,98,849","2,02,151","2,03,888","2,05,548","2,03,041","2,04,405","2,04,684","2,02,985","2,06,938","2,04,549","2,02,312","2,04,317","2,03,882","2,03,590","2,01,524","2,01,957","2,05,761","2,03,295","2,02,810","2,03,034","2,03,484","2,05,931","2,03,853","2,02,774","2,03,660","2,00,673","2,03,078","2,03,400","2,03,436","2,03,680","2,01,207","2,03,771","2,04,819","2,05,860","2,05,346","2,06,984","2,07,865","2,09,008","2,09,156","2,07,512","2,04,730","2,05,297","2,07,099","2,09,810","2,09,077","2,11,361","2,11,933","2,13,872","2,14,825","2,11,708","2,15,410","2,14,802","2,13,459","2,14,960","2,14,957","2,13,830","2,12,755","2,13,988","2,12,908","2,14,190","2,12,829","2,17,024","2,14,707","2,13,667","2,13,450","2,13,408","2,12,314","2,13,025","2,11,870","2,05,835","2,08,549","1,91,945","1,53,978","1,69,312","1,90,699","1,99,105","2,02,472","2,04,176","2,04,361","2,07,613","2,06,575","2,09,576","2,05,456","2,08,535","2,03,940","2,02,926","2,06,561","2,05,193","2,06,706","2,03,946","2,08,965","2,10,425","2,10,979","2,13,454","2,15,118","2,18,007","2,16,589","2,14,883","2,17,161","2,14,462","2,14,368","2,15,211","2,12,456","2,12,217","2,10,518","2,13,232","2,14,925","2,15,279","2,13,516","2,15,330","2,14,309","2,12,703","2,13,010","2,12,856","2,10,876","2,12,779","2,10,403","2,10,591","2,09,244","2,06,942","2,07,711","2,09,833","2,06,806","2,06,898","2,04,466",..,..,..,..
Wholesale trade  [41],2025-02-28,"1,03,068","1,04,531","1,04,770","1,04,449","1,06,142","1,06,784","1,06,256","1,07,035","1,08,413","1,05,557","1,04,734","1,05,041","1,03,308","1,02,834","1,02,448","1,03,424","1,02,335","1,02,788","1,01,742","1,00,635","1,00,460","1,00,733","1,01,884","1,02,827","1,05,172","1,01,496","1,00,239","1,01,504","1,01,030","1,01,206","1,01,882","1,01,304","1,01,363","1,01,942","1,02,823","1,03,401","1,03,655","1,04,822","1,05,896","1,05,895","1,05,112","1,05,127","1,04,188","1,05,781","1,05,034","1,06,324","1,06,885","1,07,173","1,06,660","1,06,949","1,08,378","1,07,939","1,10,763","1,09,193","1,09,430","1,09,516","1,09,692","1,10,196","1,08,871","1,09,765","1,09,708","1,09,938","1,11,805","1,12,782","1,12,465","1,14,337","1,14,696","1,12,249","1,14,536","1,13,318","1,12,768","1,15,094","1,13,333","1,14,429","1,08,704","89,200","94,131","1,11,834","1,17,618","1,18,126","1,18,835","1,18,705","1,19,101","1,18,364","1,20,060","1,17,689","1,20,595","1,20,224","1,18,115","1,15,445","1,14,248","1,15,142","1,16,808","1,17,880","1,21,633","1,22,121","1,22,803","1,21,141","1,20,187","1,18,203","1,19,001","1,18,316","1,17,786","1,18,285","1,17,650","1,17,999","1,16,836","1,15,773","1,20,516","1,19,331","1,17,829","1,15,923","1,19,235","1,16,327","1,18,152","1,18,869","1,18,545","1,18,816","1,20,553","1,20,328","1,20,346","1,20,660","1,19,624","1,21,443","1,19,895","1,19,227","1,19,596","1,18,827","1,20,816","1,21,582","1,21,244","1,20,190"
Accommodation and food services  [72],2025-01-31,"1,03,068","1,04,531","1,04,770","1,04,449","1,06,142","1,06,784","1,06,256","1,07,035","1,08,413","1,05,557","1,04,734","1,05,041","1,03,308","1,02,834","1,02,448","1,03,424","1,02,335","1,02,788","1,01,742","1,00,635","1,00,460","1,00,733","1,01,884","1,02,827","1,05,172","1,01,496","1,00,239","1,01,504","1,01,030","1,01,206","1,01,882","1,01,304","1,01,363","1,01,942","1,02,823","1,03,401","1,03,655","1,04,822","1,05,896","1,05,895","1,05,112","1,05,127","1,04,188","1,05,781","1,05,034","1,06,324","1,06,885","1,07,173","1,06,660","1,06,949","1,08,378","1,07,939","1,10,763","1,09,193","1,09,430","1,09,516","1,09,692","1,10,196","1,08,871","1,09,765","1,09,708","1,09,938","1,11,805","1,12,782","1,12,465","1,14,337","1,14,696","1,12,249","1,14,536","1,13,318","1,12,768","1,15,094","1,13,333","1,14,429","1,08,704","89,200","94,131","1,11,834","1,17,618","1,18,126","1,18,835","1,18,705","1,19,101","1,18,364","1,20,060","1,17,689","1,20,595","1,20,224","1,18,115","1,15,445","1,14,248","1,15,142","1,16,808","1,17,880","1,21,633","1,22,121","1,22,803","1,21,141","1,20,187","1,18,203","1,19,001","1,18,316","1,17,786","1,18,285","1,17,650","1,17,999","1,16,836","1,15,773","1,20,516","1,19,331","1,17,829","1,15,923","1,19,235","1,16,327","1,18,152","1,18,869","1,18,545","1,18,816","1,20,553","1,20,328","1,20,267","1,20,599","1,19,547","1,21,427","1,19,960","1,19,360","1,19,746","1,19,035","1,21,102","1,21,999","1,21,606",..
Accommodation and food services  [72],2024-12-23,"1,03,068","1,04,531","1,04,770","1,04,449","1,06,142","1,06,784","1,06,256","1,07,035","1,08,413","1,05,557","1,04,734","1,05,041","1,03,308","1,02,834","1,02,448","1,03,424","1,02,335","1,02,788","1,01,742","1,00,635","1,00,460","1,00,733","1,01,884","1,02,827","1,05,172","1,01,496","1,00,239","1,01,504","1,01,030","1,01,206","1,01,882","1,01,304","1,01,363","1,01,942","1,02,823","1,03,401","1,03,655","1,04,822","1,05,896","1,05,895","1,05,112","1,05,127","1,04,188","1,05,781","1,05,034","1,06,324","1,06,885","1,07,173","1,06,660","1,06,949","1,08,378","1,07,939","1,10,763","1,09,193","1,09,430","1,09,516","1,09,692","1,10,196","1,08,871","1,09,765","1,09,708","1,09,938","1,11,805","1,12,782","1,12,465","1,14,337","1,14,696","1,12,249","1,14,536","1,13,318","1,12,768","1,15,094","1,13,333","1,14,429","1,08,704","89,200","94,131","1,11,834","1,17,618","1,18,126","1,18,835","1,18,705","1,19,101","1,18,364","1,20,060","1,17,689","1,20,595","1,20,224","1,18,115","1,15,445","1,14,248","1,15,142","1,16,808","1,17,880","1,21,633","1,22,121","1,22,803","1,21,141","1,20,187","1,18,203","1,19,001","1,18,316","1,17,786","1,18,285","1,17,650","1,17,999","1,16,836","1,15,773","1,20,516","1,19,331","1,17,829","1,15,923","1,19,235","1,16,327","1,18,152","1,18,869","1,18,545","1,18,816","1,20,553","1,20,328","1,20,279","1,20,643","1,19,537","1,21,389","1,19,945","1,19,300","1,19,661","1,18,979","1,21,051","1,21,642",..,..
Accommodation and food services  [72],2024-11-29,"1,03,068","1,04,531","1,04,770","1,04,449","1,06,142","1,06,784","1,06,256","1,07,035","1,08,413","1,05,557","1,04,734","1,05,041","1,03,308","1,02,834","1,02,448","1,03,424","1,02,335","1,02,788","1,01,742","1,00,635","1,00,460","1,00,733","1,01,884","1,02,827","1,05,172","1,01,496","1,00,239","1,01,504","1,01,030","1,01,206","1,01,882","1,01,304","1,01,363","1,01,942","1,02,823","1,03,401","1,03,655","1,04,822","1,05,896","1,05,895","1,05,112","1,05,127","1,04,188","1,05,781","1,05,034","1,06,324","1,06,885","1,07,173","1,06,660","1,06,949","1,08,378","1,07,939","1,10,763","1,09,193","1,09,430","1,09,516","1,09,692","1,10,196","1,08,871","1,09,765","1,09,708","1,09,938","1,11,805","1,12,782","1,12,465","1,14,337","1,14,696","1,12,249","1,14,536","1,13,318","1,12,768","1,15,094","1,13,333","1,14,429","1,08,704","89,200","94,131","1,11,834","1,17,618","1,18,126","1,18,835","1,18,705","1,19,101","1,18,364","1,20,060","1,17,689","1,20,595","1,20,224","1,18,115","1,15,445","1,14,248","1,15,142","1,16,808","1,17,880","1,21,633","1,22,121","1,22,803","1,21,141","1,20,187","1,18,203","1,19,001","1,18,316","1,17,786","1,18,285","1,17,650","1,17,999","1,16,836","1,15,773","1,20,516","1,19,331","1,17,829","1,15,923","1,19,235","1,16,327","1,18,152","1,18,869","1,18,545","1,18,816","1,20,553","1,20,328","1,20,306","1,20,667","1,19,561","1,21,488","1,19,893","1,19,274","1,19,282","1,18,452","1,19,478",..,..,..
Accommodation and food services  [72],2024-10-31,"1,03,068","1,04,531","1,04,770","1,04,449","1,06,142","1,06,784","1,06,256","1,07,035","1,08,413","1,05,557","1,04,734","1,05,041","1,03,308","1,02,834","1,02,448","1,03,424","1,02,335","1,02,788","1,01,742","1,00,635","1,00,460","1,00,733","1,01,884","1,02,827","1,05,172","1,01,496","1,00,239","1,01,504","1,01,030","1,01,206","1,01,882","1,01,304","1,01,363","1,01,942","1,02,823","1,03,401","1,03,655","1,04,822","1,05,896","1,05,895","1,05,112","1,05,127","1,04,188","1,05,781","1,05,034","1,06,324","1,06,885","1,07,173","1,06,660","1,06,949","1,08,378","1,07,939","1,10,763","1,09,193","1,09,430","1,09,516","1,09,692","1,10,196","1,08,871","1,09,765","1,09,708","1,09,938","1,11,805","1,12,782","1,12,465","1,14,337","1,14,696","1,12,249","1,14,536","1,13,318","1,12,768","1,15,094","1,13,119","1,14,166","1,08,507","89,276","94,271","1,11,745","1,17,570","1,18,065","1,18,855","1,18,888","1,19,227","1,18,691","1,20,164","1,18,025","1,21,005","1,20,570","1,18,522","1,16,010","1,15,537","1,16,074","1,17,882","1,19,021","1,22,420","1,23,250","1,23,725","1,21,937","1,20,863","1,18,804","1,19,490","1,18,914","1,18,303","1,18,889","1,18,685","1,18,617","1,17,655","1,16,774","1,20,829","1,19,268","1,17,817","1,15,856","1,19,180","1,16,522","1,18,614","1,19,484","1,19,181","1,18,986","1,20,653","1,20,958","1,20,534","1,20,741","1,19,682","1,21,905","1,20,176","1,19,373","1,19,449","1,18,750",..,..,..,..
Retail trade  [44-45],2025-02-28,"96,560","96,695","96,567","95,625","95,455","96,133","96,596","96,147","95,949","95,627","96,062","96,073","94,042","94,911","95,740","95,125","94,968","95,792","96,253","96,414","97,162","96,333","98,021","97,239","99,070","99,972","98,543","99,736","98,898","98,493","99,363","99,353","1,00,198","1,00,484","1,00,906","1,00,892","1,02,746","1,02,750","1,02,482","1,02,992","1,02,260","1,02,533","1,01,527","1,01,403","1,01,026","1,03,188","1,02,627","1,02,078","1,02,488","1,03,545","1,03,461","1,02,888","1,05,642","1,04,923","1,04,839","1,06,031","1,06,727","1,06,809","1,06,498","1,06,737","1,06,801","1,06,205","1,07,135","1,06,868","1,06,953","1,07,565","1,07,506","1,07,643","1,07,517","1,06,455","1,06,881","1,08,787","1,06,216","1,05,672","95,657","79,344","92,702","1,08,735","1,08,202","1,07,799","1,10,503","1,11,571","1,12,448","1,09,367","1,06,076","1,12,958","1,15,567","1,08,979","1,05,106","1,10,375","1,10,108","1,12,554","1,11,818","1,12,603","1,13,191","1,10,217","1,11,319","1,11,740","1,13,633","1,12,868","1,13,318","1,12,694","1,12,280","1,13,082","1,12,711","1,12,121","1,10,873","1,12,101","1,13,849","1,13,368","1,13,586","1,14,281","1,14,321","1,14,198","1,13,558","1,13,574","1,13,908","1,15,059","1,14,980","1,15,118","1,14,971","1,14,866","1,14,424","1,15,271","1,14,263","1,14,279","1,15,207","1,15,664","1,16,973","1,17,163","1,16,604","1,19,587"
Accommodation and food services  [72],2025-01-31,"96,560","96,695","96,567","95,625","95,455","96,133","96,596","96,147","95,949","95,627","96,062","96,073","94,042","94,911","95,740","95,125","94,968","95,792","96,253","96,414","97,162","96,333","98,021","97,239","99,070","99,972","98,543","99,736","98,898","98,493","99,363","99,353","1,00,198","1,00,484","1,00,906","1,00,892","1,02,746","1,02,750","1,02,482","1,02,992","1,02,260","1,02,533","1,01,527","1,01,403","1,01,026","1,03,188","1,02,627","1,02,078","1,02,488","1,03,545","1,03,461","1,02,888","1,05,642","1,04,923","1,04,839","1,06,031","1,06,727","1,06,809","1,06,498","1,06,737","1,06,801","1,06,205","1,07,135","1,06,868","1,06,953","1,07,565","1,07,506","1,07,643","1,07,517","1,06,455","1,06,881","1,08,787","1,06,216","1,05,672","95,657","79,344","92,702","1,08,735","1,08,202","1,07,799","1,10,503","1,11,571","1,12,448","1,09,367","1,06,076","1,12,958","1,15,567","1,08,979","1,05,106","1,10,375","1,10,108","1,12,554","1,11,818","1,12,603","1,13,191","1,10,217","1,11,319","1,11,740","1,13,633","1,12,868","1,13,318","1,12,694","1,12,280","1,13,082","1,12,711","1,12,121","1,10,873","1,12,101","1,13,849","1,13,368","1,13,586","1,14,281","1,14,321","1,14,198","1,13,558","1,13,574","1,13,908","1,15,059","1,14,980","1,15,118","1,14,927","1,14,801","1,14,368","1,15,217","1,14,224","1,14,278","1,15,145","1,15,583","1,16,812","1,16,933","1,16,493",..
Accommodation and food services  [72],2024-12-23,"96,560","96,695","96,567","95,625","95,455","96,133","96,596","96,147","95,949","95,627","96,062","96,073","94,042","94,911","95,740","95,125","94,968","95,792","96,253","96,414","97,162","96,333","98,021","97,239","99,070","99,972","98,543","99,736","98,898","98,493","99,363","99,353","1,00,198","1,00,484","1,00,906","1,00,892","1,02,746","1,02,750","1,02,482","1,02,992","1,02,260","1,02,533","1,01,527","1,01,403","1,01,026","1,03,188","1,02,627","1,02,078","1,02,488","1,03,545","1,03,461","1,02,888","1,05,642","1,04,923","1,04,839","1,06,031","1,06,727","1,06,809","1,06,498","1,06,737","1,06,801","1,06,205","1,07,135","1,06,868","1,06,953","1,07,565","1,07,506","1,07,643","1,07,517","1,06,455","1,06,881","1,08,787","1,06,216","1,05,672","95,657","79,344","92,702","1,08,735","1,08,202","1,07,799","1,10,503","1,11,571","1,12,448","1,09,367","1,06,076","1,12,958","1,15,567","1,08,979","1,05,106","1,10,375","1,10,108","1,12,554","1,11,818","1,12,603","1,13,191","1,10,217","1,11,319","1,11,740","1,13,633","1,12,868","1,13,318","1,12,694","1,12,280","1,13,082","1,12,711","1,12,121","1,10,873","1,12,101","1,13,849","1,13,368","1,13,586","1,14,281","1,14,321","1,14,198","1,13,558","1,13,574","1,13,908","1,15,059","1,14,980","1,15,118","1,14,927","1,14,801","1,14,368","1,15,290","1,14,214","1,14,125","1,15,220","1,15,732","1,17,034","1,17,068",..,..
Accommodation and food services  [72],2024-11-29,"96,560","96,695","96,567","95,625","95,455","96,133","96,596","96,147","95,949","95,627","96,062","96,073","94,042","94,911","95,740","95,125","94,968","95,792","96,253","96,414","97,162","96,333","98,021","97,239","99,070","99,972","98,543","99,736","98,898","98,493","99,363","99,353","1,00,198","1,00,484","1,00,906","1,00,892","1,02,746","1,02,750","1,02,482","1,02,992","1,02,260","1,02,533","1,01,527","1,01,403","1,01,026","1,03,188","1,02,627","1,02,078","1,02,488","1,03,545","1,03,461","1,02,888","1,05,642","1,04,923","1,04,839","1,06,031","1,06,727","1,06,809","1,06,498","1,06,737","1,06,801","1,06,205","1,07,135","1,06,868","1,06,953","1,07,565","1,07,506","1,07,643","1,07,517","1,06,455","1,06,881","1,08,787","1,06,216","1,05,672","95,657","79,344","92,702","1,08,735","1,08,202","1,07,799","1,10,503","1,11,571","1,12,448","1,09,367","1,06,076","1,12,958","1,15,567","1,08,979","1,05,106","1,10,375","1,10,108","1,12,554","1,11,818","1,12,603","1,13,191","1,10,217","1,11,319","1,11,740","1,13,633","1,12,868","1,13,318","1,12,694","1,12,280","1,13,082","1,12,711","1,12,121","1,10,873","1,12,101","1,13,849","1,13,368","1,13,586","1,14,281","1,14,321","1,14,198","1,13,558","1,13,574","1,13,908","1,15,059","1,14,980","1,15,118","1,14,949","1,14,823","1,14,376","1,15,316","1,14,238","1,14,076","1,15,091","1,15,689","1,16,790",..,..,..
Accommodation and food services  [72],2024-10-31,"96,560","96,695","96,567","95,625","95,455","96,133","96,596","96,147","95,949","95,627","96,062","96,073","94,042","94,911","95,740","95,125","94,968","95,792","96,253","96,414","97,162","96,333","98,021","97,239","99,070","99,972","98,543","99,736","98,898","98,493","99,363","99,353","1,00,198","1,00,484","1,00,906","1,00,892","1,02,746","1,02,750","1,02,482","1,02,992","1,02,260","1,02,533","1,01,527","1,01,403","1,01,026","1,03,188","1,02,627","1,02,078","1,02,488","1,03,545","1,03,461","1,02,888","1,05,642","1,04,923","1,04,839","1,06,031","1,06,727","1,06,809","1,06,498","1,06,737","1,06,801","1,06,205","1,07,135","1,06,868","1,06,953","1,07,565","1,07,506","1,07,643","1,07,517","1,06,455","1,06,881","1,08,787","1,07,448","1,06,599","95,554","79,221","92,512","1,08,103","1,07,631","1,07,233","1,10,193","1,11,557","1,12,716","1,09,449","1,06,754","1,13,382","1,16,439","1,09,613","1,05,818","1,11,258","1,11,211","1,13,581","1,12,985","1,13,922","1,14,414","1,11,443","1,12,587","1,13,009","1,14,787","1,13,584","1,14,315","1,13,533","1,13,342","1,14,045","1,13,727","1,13,087","1,12,066","1,13,090","1,14,524","1,13,908","1,13,920","1,14,644","1,14,689","1,14,588","1,14,257","1,14,284","1,14,629","1,15,767","1,15,577","1,16,118","1,15,845","1,15,639","1,15,297","1,16,039","1,15,042","1,14,877","1,15,875","1,16,533",..,..,..,..
Transportation and warehousing  [48-49],2025-02-28,"80,489","81,359","82,099","81,792","83,725","84,210","83,856","83,431","83,833","83,740","83,423","84,704","84,134","83,617","84,313","84,350","84,477","85,054","85,747","86,205","85,880","85,840","86,736","86,624","86,625","87,117","86,157","85,863","86,027","86,329","86,767","88,226","88,182","88,400","88,772","88,931","90,239","90,359","90,980","92,078","92,580","93,399","92,648","93,051","93,729","93,145","94,194","94,618","94,940","95,201","94,591","93,825","93,727","94,008","94,049","94,095","94,859","94,365","93,782","94,698","95,418","94,107","94,598","95,634","96,807","96,606","98,048","98,950","98,263","98,806","99,110","1,01,925","1,01,041","98,859","81,407","57,822","58,876","65,304","67,822","68,324","69,868","71,901","73,273","74,679","73,731","73,010","74,076","74,073","73,767","74,492","77,787","80,651","82,194","84,515","87,799","90,981","82,437","85,197","89,792","91,074","92,808","94,187","93,436","93,410","94,261","94,479","94,547","93,188","95,671","95,937","97,317","97,866","98,425","97,725","97,909","99,019","99,439","99,450","1,00,315","1,00,059","1,00,066","1,01,345","1,01,045","1,01,773","1,01,840","1,01,785","1,01,573","1,01,687","1,02,691","1,03,275","1,01,809","1,01,945"
Accommodation and food services  [72],2025-01-31,"80,489","81,359","82,099","81,792","83,725","84,210","83,856","83,431","83,833","83,740","83,423","84,704","84,134","83,617","84,313","84,350","84,477","85,054","85,747","86,205","85,880","85,840","86,736","86,624","86,625","87,117","86,157","85,863","86,027","86,329","86,767","88,226","88,182","88,400","88,772","88,931","90,239","90,359","90,980","92,078","92,580","93,399","92,648","93,051","93,729","93,145","94,194","94,618","94,940","95,201","94,591","93,825","93,727","94,008","94,049","94,095","94,859","94,365","93,782","94,698","95,418","94,107","94,598","95,634","96,807","96,606","98,048","98,950","98,263","98,806","99,110","1,01,925","1,01,041","98,859","81,407","57,822","58,876","65,304","67,822","68,324","69,868","71,901","73,273","74,679","73,731","73,010","74,076","74,073","73,767","74,492","77,787","80,651","82,194","84,515","87,799","90,981","82,437","85,197","89,792","91,074","92,808","94,187","93,436","93,410","94,261","94,479","94,547","93,188","95,671","95,937","97,317","97,866","98,425","97,725","97,909","99,019","99,439","99,450","1,00,315","1,00,059","1,00,066","1,01,282","1,00,955","1,01,621","1,01,694","1,01,653","1,01,410","1,01,513","1,02,494","1,02,840","1,01,545",..
Accommodation and food services  [72],2024-12-23,"80,489","81,359","82,099","81,792","83,725","84,210","83,856","83,431","83,833","83,740","83,423","84,704","84,134","83,617","84,313","84,350","84,477","85,054","85,747","86,205","85,880","85,840","86,736","86,624","86,625","87,117","86,157","85,863","86,027","86,329","86,767","88,226","88,182","88,400","88,772","88,931","90,239","90,359","90,980","92,078","92,580","93,399","92,648","93,051","93,729","93,145","94,194","94,618","94,940","95,201","94,591","93,825","93,727","94,008","94,049","94,095","94,859","94,365","93,782","94,698","95,418","94,107","94,598","95,634","96,807","96,606","98,048","98,950","98,263","98,806","99,110","1,01,925","1,01,041","98,859","81,407","57,822","58,876","65,304","67,822","68,324","69,868","71,901","73,273","74,679","73,731","73,010","74,076","74,073","73,767","74,492","77,787","80,651","82,194","84,515","87,799","90,981","82,437","85,197","89,792","91,074","92,808","94,187","93,436","93,410","94,261","94,479","94,547","93,188","95,671","95,937","97,317","97,866","98,425","97,725","97,909","99,019","99,439","99,450","1,00,315","1,00,059","99,975","1,01,228","1,00,779","1,01,024","1,01,453","1,01,464","1,01,052","1,01,345","1,02,289","1,02,537",..,..
Accommodation and food services  [72],2024-11-29,"80,489","81,359","82,099","81,792","83,725","84,210","83,856","83,431","83,833","83,740","83,423","84,704","84,134","83,617","84,313","84,350","84,477","85,054","85,747","86,205","85,880","85,840","86,736","86,624","86,625","87,117","86,157","85,863","86,027","86,329","86,767","88,226","88,182","88,400","88,772","88,931","90,239","90,359","90,980","92,078","92,580","93,399","92,648","93,051","93,729","93,145","94,194","94,618","94,940","95,201","94,591","93,825","93,727","94,008","94,049","94,095","94,859","94,365","93,782","94,698","95,418","94,107","94,598","95,634","96,807","96,606","98,048","98,950","98,263","98,806","99,110","1,01,925","1,01,041","98,859","81,407","57,822","58,876","65,304","67,822","68,324","69,868","71,901","73,273","74,679","73,731","73,010","74,076","74,073","73,767","74,492","77,787","80,651","82,194","84,515","87,799","90,981","82,437","85,197","89,792","91,074","92,808","94,187","93,436","93,410","94,261","94,479","94,547","93,188","95,671","95,937","97,317","97,866","98,425","97,725","97,909","99,019","99,439","99,450","1,00,315","1,00,059","99,935","1,01,124","1,00,697","1,00,849","1,01,428","1,01,473","1,00,941","1,01,148","1,01,885",..,..,..
Accommodation and food services  [72],2024-10-31,"80,489","81,359","82,099","81,792","83,725","84,210","83,856","83,431","83,833","83,740","83,423","84,704","84,134","83,617","84,313","84,350","84,477","85,054","85,747","86,205","85,880","85,840","86,736","86,624","86,625","87,117","86,157","85,863","86,027","86,329","86,767","88,226","88,182","88,400","88,772","88,931","90,239","90,359","90,980","92,078","92,580","93,399","92,648","93,051","93,729","93,145","94,194","94,618","94,940","95,201","94,591","93,825","93,727","94,008","94,049","94,095","94,859","94,365","93,782","94,698","95,418","94,107","94,598","95,634","96,807","96,606","98,048","98,950","98,263","98,806","99,110","1,01,925","1,00,114","98,253","82,538","58,498","59,513","65,251","67,909","68,287","69,881","71,315","73,214","74,403","73,524","72,337","73,156","72,455","71,929","72,205","75,218","77,890","78,922","79,703","80,907","81,402","77,482","80,493","84,028","84,975","86,464","87,411","86,687","86,952","88,163","88,748","89,057","87,544","89,702","89,505","90,401","90,541","90,693","90,226","90,189","91,267","91,522","91,268","92,119","92,057","91,979","93,077","92,832","93,320","93,597","93,734","93,247","92,979",..,..,..,..
Information and cultural industries  [51],2025-02-28,"55,612","55,697","55,859","55,767","56,142","56,546","56,744","56,953","56,855","57,041","57,339","57,350","56,969","57,032","57,097","57,274","57,200","57,489","57,762","57,874","57,882","58,281","58,436","58,613","58,757","58,977","59,173","59,085","59,421","59,689","59,924","60,572","60,503","60,496","60,743","60,942","61,209","61,480","61,799","61,921","62,162","62,152","61,994","62,072","62,309","62,087","62,288","62,587","63,125","63,681","63,964","63,987","64,308","64,588","64,962","65,009","65,183","65,480","65,743","66,250","66,855","67,070","67,436","68,055","68,369","68,862","68,995","69,409","69,507","70,220","70,624","71,146","70,070","70,157","66,365","64,275","64,451","65,953","66,970","68,537","68,828","69,361","69,529","69,812","70,182","70,270","70,686","70,542","70,919","71,439","72,398","73,683","73,637","74,117","74,408","74,827","74,637","74,993","74,941","74,696","74,931","75,140","75,569","75,930","76,141","75,874","75,898","75,414","75,935","76,797","76,995","77,141","77,183","76,867","75,959","75,652","75,690","75,602","76,006","76,097","76,834","76,444","76,488","76,595","76,712","76,897","76,500","76,753","76,623","76,265","76,350","76,150"
Accommodation and food services  [72],2025-01-31,"55,612","55,697","55,859","55,767","56,142","56,546","56,744","56,953","56,855","57,041","57,339","57,350","56,969","57,032","57,097","57,274","57,200","57,489","57,762","57,874","57,882","58,281","58,436","58,613","58,757","58,977","59,173","59,085","59,421","59,689","59,924","60,572","60,503","60,496","60,743","60,942","61,209","61,480","61,799","61,921","62,162","62,152","61,994","62,072","62,309","62,087","62,288","62,587","63,125","63,681","63,964","63,987","64,308","64,588","64,962","65,009","65,183","65,480","65,743","66,250","66,855","67,070","67,436","68,055","68,369","68,862","68,995","69,409","69,507","70,220","70,624","71,146","70,070","70,157","66,365","64,275","64,451","65,953","66,970","68,537","68,828","69,361","69,529","69,812","70,182","70,270","70,686","70,542","70,919","71,439","72,398","73,683","73,637","74,117","74,408","74,827","74,637","74,993","74,941","74,696","74,931","75,140","75,569","75,930","76,141","75,874","75,898","75,414","75,935","76,797","76,995","77,141","77,183","76,867","75,959","75,652","75,690","75,602","76,006","76,097","76,842","76,466","76,490","76,592","76,664","76,878","76,485","76,716","76,596","76,222","76,076",..
Accommodation and food services  [72],2024-12-23,"55,612","55,697","55,859","55,767","56,142","56,546","56,744","56,953","56,855","57,041","57,339","57,350","56,969","57,032","57,097","57,274","57,200","57,489","57,762","57,874","57,882","58,281","58,436","58,613","58,757","58,977","59,173","59,085","59,421","59,689","59,924","60,572","60,503","60,496","60,743","60,942","61,209","61,480","61,799","61,921","62,162","62,152","61,994","62,072","62,309","62,087","62,288","62,587","63,125","63,681","63,964","63,987","64,308","64,588","64,962","65,009","65,183","65,480","65,743","66,250","66,855","67,070","67,436","68,055","68,369","68,862","68,995","69,409","69,507","70,220","70,624","71,146","70,070","70,157","66,365","64,275","64,451","65,953","66,970","68,537","68,828","69,361","69,529","69,812","70,182","70,270","70,686","70,542","70,919","71,439","72,398","73,683","73,637","74,117","74,408","74,827","74,637","74,993","74,941","74,696","74,931","75,140","75,569","75,930","76,141","75,874","75,898","75,414","75,935","76,797","76,995","77,141","77,183","76,867","75,959","75,652","75,690","75,602","76,006","76,097","76,835","76,447","76,479","76,582","76,654","76,874","76,415","76,461","76,585","76,139",..,..
Accommodation and food services  [72],2024-11-29,"55,612","55,697","55,859","55,767","56,142","56,546","56,744","56,953","56,855","57,041","57,339","57,350","56,969","57,032","57,097","57,274","57,200","57,489","57,762","57,874","57,882","58,281","58,436","58,613","58,757","58,977","59,173","59,085","59,421","59,689","59,924","60,572","60,503","60,496","60,743","60,942","61,209","61,480","61,799","61,921","62,162","62,152","61,994","62,072","62,309","62,087","62,288","62,587","63,125","63,681","63,964","63,987","64,308","64,588","64,962","65,009","65,183","65,480","65,743","66,250","66,855","67,070","67,436","68,055","68,369","68,862","68,995","69,409","69,507","70,220","70,624","71,146","70,070","70,157","66,365","64,275","64,451","65,953","66,970","68,537","68,828","69,361","69,529","69,812","70,182","70,270","70,686","70,542","70,919","71,439","72,398","73,683","73,637","74,117","74,408","74,827","74,637","74,993","74,941","74,696","74,931","75,140","75,569","75,930","76,141","75,874","75,898","75,414","75,935","76,797","76,995","77,141","77,183","76,867","75,959","75,652","75,690","75,602","76,006","76,097","76,816","76,442","76,471","76,589","76,680","76,917","76,466","76,537","76,484",..,..,..
Accommodation and food services  [72],2024-10-31,"55,612","55,697","55,859","55,767","56,142","56,546","56,744","56,953","56,855","57,041","57,339","57,350","56,969","57,032","57,097","57,274","57,200","57,489","57,762","57,874","57,882","58,281","58,436","58,613","58,757","58,977","59,173","59,085","59,421","59,689","59,924","60,572","60,503","60,496","60,743","60,942","61,209","61,480","61,799","61,921","62,162","62,152","61,994","62,072","62,309","62,087","62,288","62,587","63,125","63,681","63,964","63,987","64,308","64,588","64,962","65,009","65,183","65,480","65,743","66,250","66,855","67,070","67,436","68,055","68,369","68,862","68,995","69,409","69,507","70,220","70,624","71,146","70,324","70,444","66,607","64,720","64,856","66,124","66,979","68,398","68,550","68,999","69,057","69,250","69,582","69,524","69,851","69,766","70,073","70,349","71,147","72,360","72,157","72,542","72,729","73,312","73,293","73,849","73,743","73,583","73,791","73,840","74,162","74,363","74,539","74,144","74,113","73,620","73,801","74,262","74,215","74,399","74,350","74,039","73,260","72,989","72,814","72,697","73,083","73,360","74,071","73,740","73,780","74,059","74,209","74,355","73,967","74,040",..,..,..,..
Finance and insurance  [52],2025-02-28,"1,14,237","1,13,749","1,13,687","1,14,096","1,14,126","1,14,983","1,15,566","1,16,396","1,17,684","1,19,269","1,18,887","1,19,728","1,20,815","1,21,222","1,21,438","1,20,964","1,20,422","1,21,062","1,22,548","1,22,715","1,22,411","1,22,553","1,21,992","1,22,127","1,24,148","1,23,778","1,24,024","1,24,281","1,24,111","1,24,836","1,26,771","1,27,092","1,28,123","1,27,501","1,28,374","1,28,551","1,27,843","1,30,723","1,32,445","1,34,087","1,36,868","1,37,453","1,36,746","1,36,017","1,36,184","1,36,449","1,37,192","1,37,885","1,37,957","1,38,903","1,37,262","1,36,843","1,37,409","1,37,082","1,37,070","1,38,532","1,38,934","1,40,623","1,39,712","1,40,029","1,40,611","1,39,193","1,39,951","1,40,844","1,41,007","1,41,186","1,41,857","1,42,782","1,42,980","1,43,846","1,44,281","1,45,486","1,44,858","1,45,614","1,40,141","1,43,497","1,43,605","1,46,278","1,47,413","1,47,812","1,48,551","1,50,418","1,51,752","1,51,853","1,53,494","1,54,548","1,54,689","1,54,216","1,55,966","1,57,268","1,59,244","1,60,873","1,62,491","1,62,802","1,63,641","1,63,920","1,64,240","1,63,318","1,63,543","1,62,746","1,62,132","1,60,809","1,60,813","1,60,519","1,60,060","1,59,410","1,60,711","1,60,287","1,61,522","1,61,686","1,62,520","1,62,124","1,62,669","1,62,125","1,61,727","1,62,044","1,62,187","1,63,091","1,62,711","1,63,410","1,63,658","1,65,084","1,64,490","1,65,988","1,65,789","1,66,536","1,67,245","1,68,467","1,69,183","1,69,253","1,68,611","1,68,968"
Accommodation and food services  [72],2025-01-31,"1,14,237","1,13,749","1,13,687","1,14,096","1,14,126","1,14,983","1,15,566","1,16,396","1,17,684","1,19,269","1,18,887","1,19,728","1,20,815","1,21,222","1,21,438","1,20,964","1,20,422","1,21,062","1,22,548","1,22,715","1,22,411","1,22,553","1,21,992","1,22,127","1,24,148","1,23,778","1,24,024","1,24,281","1,24,111","1,24,836","1,26,771","1,27,092","1,28,123","1,27,501","1,28,374","1,28,551","1,27,843","1,30,723","1,32,445","1,34,087","1,36,868","1,37,453","1,36,746","1,36,017","1,36,184","1,36,449","1,37,192","1,37,885","1,37,957","1,38,903","1,37,262","1,36,843","1,37,409","1,37,082","1,37,070","1,38,532","1,38,934","1,40,623","1,39,712","1,40,029","1,40,611","1,39,193","1,39,951","1,40,844","1,41,007","1,41,186","1,41,857","1,42,782","1,42,980","1,43,846","1,44,281","1,45,486","1,44,858","1,45,614","1,40,141","1,43,497","1,43,605","1,46,278","1,47,413","1,47,812","1,48,551","1,50,418","1,51,752","1,51,853","1,53,494","1,54,548","1,54,689","1,54,216","1,55,966","1,57,268","1,59,244","1,60,873","1,62,491","1,62,802","1,63,641","1,63,920","1,64,240","1,63,318","1,63,543","1,62,746","1,62,132","1,60,809","1,60,813","1,60,519","1,60,060","1,59,410","1,60,711","1,60,287","1,61,522","1,61,686","1,62,520","1,62,124","1,62,669","1,62,125","1,61,727","1,62,044","1,62,187","1,63,091","1,62,711","1,63,410","1,63,683","1,65,088","1,64,445","1,65,903","1,65,604","1,66,396","1,67,013","1,67,994","1,68,243","1,67,923","1,67,255",..
Accommodation and food services  [72],2024-12-23,"1,14,237","1,13,749","1,13,687","1,14,096","1,14,126","1,14,983","1,15,566","1,16,396","1,17,684","1,19,269","1,18,887","1,19,728","1,20,815","1,21,222","1,21,438","1,20,964","1,20,422","1,21,062","1,22,548","1,22,715","1,22,411","1,22,553","1,21,992","1,22,127","1,24,148","1,23,778","1,24,024","1,24,281","1,24,111","1,24,836","1,26,771","1,27,092","1,28,123","1,27,501","1,28,374","1,28,551","1,27,843","1,30,723","1,32,445","1,34,087","1,36,868","1,37,453","1,36,746","1,36,017","1,36,184","1,36,449","1,37,192","1,37,885","1,37,957","1,38,903","1,37,262","1,36,843","1,37,409","1,37,082","1,37,070","1,38,532","1,38,934","1,40,623","1,39,712","1,40,029","1,40,611","1,39,193","1,39,951","1,40,844","1,41,007","1,41,186","1,41,857","1,42,782","1,42,980","1,43,846","1,44,281","1,45,486","1,44,858","1,45,614","1,40,141","1,43,497","1,43,605","1,46,278","1,47,413","1,47,812","1,48,551","1,50,418","1,51,752","1,51,853","1,53,494","1,54,548","1,54,689","1,54,216","1,55,966","1,57,268","1,59,244","1,60,873","1,62,491","1,62,802","1,63,641","1,63,920","1,64,240","1,63,318","1,63,543","1,62,746","1,62,132","1,60,809","1,60,813","1,60,519","1,60,060","1,59,410","1,60,711","1,60,287","1,61,522","1,61,686","1,62,520","1,62,124","1,62,669","1,62,125","1,61,727","1,62,044","1,62,187","1,63,091","1,62,711","1,63,410","1,63,700","1,65,011","1,64,381","1,65,820","1,65,444","1,66,388","1,67,100","1,68,014","1,68,335","1,68,014",..,..
Accommodation and food services  [72],2024-11-29,"1,14,237","1,13,749","1,13,687","1,14,096","1,14,126","1,14,983","1,15,566","1,16,396","1,17,684","1,19,269","1,18,887","1,19,728","1,20,815","1,21,222","1,21,438","1,20,964","1,20,422","1,21,062","1,22,548","1,22,715","1,22,411","1,22,553","1,21,992","1,22,127","1,24,148","1,23,778","1,24,024","1,24,281","1,24,111","1,24,836","1,26,771","1,27,092","1,28,123","1,27,501","1,28,374","1,28,551","1,27,843","1,30,723","1,32,445","1,34,087","1,36,868","1,37,453","1,36,746","1,36,017","1,36,184","1,36,449","1,37,192","1,37,885","1,37,957","1,38,903","1,37,262","1,36,843","1,37,409","1,37,082","1,37,070","1,38,532","1,38,934","1,40,623","1,39,712","1,40,029","1,40,611","1,39,193","1,39,951","1,40,844","1,41,007","1,41,186","1,41,857","1,42,782","1,42,980","1,43,846","1,44,281","1,45,486","1,44,858","1,45,614","1,40,141","1,43,497","1,43,605","1,46,278","1,47,413","1,47,812","1,48,551","1,50,418","1,51,752","1,51,853","1,53,494","1,54,548","1,54,689","1,54,216","1,55,966","1,57,268","1,59,244","1,60,873","1,62,491","1,62,802","1,63,641","1,63,920","1,64,240","1,63,318","1,63,543","1,62,746","1,62,132","1,60,809","1,60,813","1,60,519","1,60,060","1,59,410","1,60,711","1,60,287","1,61,522","1,61,686","1,62,520","1,62,124","1,62,669","1,62,125","1,61,727","1,62,044","1,62,187","1,63,091","1,62,711","1,63,410","1,63,612","1,64,955","1,64,417","1,65,858","1,65,544","1,66,454","1,67,256","1,68,057","1,68,388",..,..,..
Accommodation and food services  [72],2024-10-31,"1,14,237","1,13,749","1,13,687","1,14,096","1,14,126","1,14,983","1,15,566","1,16,396","1,17,684","1,19,269","1,18,887","1,19,728","1,20,815","1,21,222","1,21,438","1,20,964","1,20,422","1,21,062","1,22,548","1,22,715","1,22,411","1,22,553","1,21,992","1,22,127","1,24,148","1,23,778","1,24,024","1,24,281","1,24,111","1,24,836","1,26,771","1,27,092","1,28,123","1,27,501","1,28,374","1,28,551","1,27,843","1,30,723","1,32,445","1,34,087","1,36,868","1,37,453","1,36,746","1,36,017","1,36,184","1,36,449","1,37,192","1,37,885","1,37,957","1,38,903","1,37,262","1,36,843","1,37,409","1,37,082","1,37,070","1,38,532","1,38,934","1,40,623","1,39,712","1,40,029","1,40,611","1,39,193","1,39,951","1,40,844","1,41,007","1,41,186","1,41,857","1,42,782","1,42,980","1,43,846","1,44,281","1,45,486","1,45,058","1,46,136","1,40,866","1,43,946","1,44,027","1,46,234","1,47,021","1,47,455","1,48,003","1,50,153","1,51,352","1,51,541","1,51,911","1,52,303","1,52,494","1,51,204","1,51,246","1,52,148","1,53,897","1,55,529","1,56,511","1,56,268","1,56,454","1,56,799","1,57,155","1,56,994","1,57,757","1,56,964","1,56,736","1,55,835","1,56,404","1,56,136","1,56,508","1,55,661","1,56,663","1,56,291","1,56,630","1,56,791","1,57,592","1,56,927","1,57,306","1,57,178","1,56,924","1,57,137","1,57,128","1,57,907","1,57,728","1,58,962","1,58,474","1,59,298","1,59,103","1,60,572","1,60,536","1,61,313","1,61,862","1,62,683",..,..,..,..
Real estate and rental and leasing  [53],2025-02-28,"2,34,039","2,34,430","2,34,982","2,35,564","2,37,016","2,37,781","2,38,655","2,39,260","2,39,634","2,40,121","2,40,705","2,40,813","2,40,813","2,41,646","2,42,474","2,43,491","2,44,754","2,45,171","2,45,492","2,45,997","2,45,998","2,46,731","2,47,329","2,47,980","2,48,210","2,49,076","2,49,576","2,50,131","2,50,475","2,51,032","2,51,121","2,51,100","2,51,375","2,52,516","2,52,296","2,53,353","2,54,290","2,55,697","2,56,667","2,57,003","2,56,933","2,56,841","2,57,098","2,58,067","2,59,026","2,59,764","2,60,984","2,63,018","2,61,882","2,61,292","2,61,628","2,62,561","2,63,183","2,64,373","2,65,228","2,65,899","2,66,458","2,66,682","2,66,971","2,67,027","2,68,526","2,67,311","2,67,814","2,69,120","2,70,621","2,71,624","2,72,839","2,73,387","2,74,082","2,74,595","2,74,635","2,74,694","2,74,539","2,75,395","2,71,913","2,62,782","2,66,123","2,73,517","2,79,317","2,80,951","2,82,446","2,81,288","2,81,158","2,83,183","2,84,801","2,85,290","2,86,364","2,84,904","2,83,662","2,83,221","2,83,950","2,84,800","2,86,101","2,88,178","2,89,236","2,89,321","2,90,317","2,91,246","2,90,353","2,88,249","2,87,328","2,86,735","2,86,970","2,87,519","2,87,749","2,88,166","2,88,404","2,88,844","2,89,108","2,89,860","2,90,815","2,92,395","2,93,486","2,94,138","2,94,275","2,94,181","2,94,105","2,93,597","2,94,107","2,95,537","2,97,139","2,97,279","2,97,811","2,97,626","2,98,264","2,99,187","2,99,530","3,00,009","3,00,914","3,02,358","3,03,430","3,02,900"
Accommodation and food services  [72],2025-01-31,"2,34,039","2,34,430","2,34,982","2,35,564","2,37,016","2,37,781","2,38,655","2,39,260","2,39,634","2,40,121","2,40,705","2,40,813","2,40,813","2,41,646","2,42,474","2,43,491","2,44,754","2,45,171","2,45,492","2,45,997","2,45,998","2,46,731","2,47,329","2,47,980","2,48,210","2,49,076","2,49,576","2,50,131","2,50,475","2,51,032","2,51,121","2,51,100","2,51,375","2,52,516","2,52,296","2,53,353","2,54,290","2,55,697","2,56,667","2,57,003","2,56,933","2,56,841","2,57,098","2,58,067","2,59,026","2,59,764","2,60,984","2,63,018","2,61,882","2,61,292","2,61,628","2,62,561","2,63,183","2,64,373","2,65,228","2,65,899","2,66,458","2,66,682","2,66,971","2,67,027","2,68,526","2,67,311","2,67,814","2,69,120","2,70,621","2,71,624","2,72,839","2,73,387","2,74,082","2,74,595","2,74,635","2,74,694","2,74,539","2,75,395","2,71,913","2,62,782","2,66,123","2,73,517","2,79,317","2,80,951","2,82,446","2,81,288","2,81,158","2,83,183","2,84,801","2,85,290","2,86,364","2,84,904","2,83,662","2,83,221","2,83,950","2,84,800","2,86,101","2,88,178","2,89,236","2,89,321","2,90,317","2,91,246","2,90,353","2,88,249","2,87,328","2,86,735","2,86,970","2,87,519","2,87,749","2,88,166","2,88,404","2,88,844","2,89,108","2,89,860","2,90,815","2,92,395","2,93,486","2,94,138","2,94,275","2,94,181","2,94,105","2,93,597","2,94,107","2,95,537","2,97,418","2,97,510","2,98,035","2,97,809","2,98,448","2,99,431","2,99,829","3,00,280","3,01,027","3,02,639","3,03,624",..
Accommodation and food services  [72],2024-12-23,"2,34,039","2,34,430","2,34,982","2,35,564","2,37,016","2,37,781","2,38,655","2,39,260","2,39,634","2,40,121","2,40,705","2,40,813","2,40,813","2,41,646","2,42,474","2,43,491","2,44,754","2,45,171","2,45,492","2,45,997","2,45,998","2,46,731","2,47,329","2,47,980","2,48,210","2,49,076","2,49,576","2,50,131","2,50,475","2,51,032","2,51,121","2,51,100","2,51,375","2,52,516","2,52,296","2,53,353","2,54,290","2,55,697","2,56,667","2,57,003","2,56,933","2,56,841","2,57,098","2,58,067","2,59,026","2,59,764","2,60,984","2,63,018","2,61,882","2,61,292","2,61,628","2,62,561","2,63,183","2,64,373","2,65,228","2,65,899","2,66,458","2,66,682","2,66,971","2,67,027","2,68,526","2,67,311","2,67,814","2,69,120","2,70,621","2,71,624","2,72,839","2,73,387","2,74,082","2,74,595","2,74,635","2,74,694","2,74,539","2,75,395","2,71,913","2,62,782","2,66,123","2,73,517","2,79,317","2,80,951","2,82,446","2,81,288","2,81,158","2,83,183","2,84,801","2,85,290","2,86,364","2,84,904","2,83,662","2,83,221","2,83,950","2,84,800","2,86,101","2,88,178","2,89,236","2,89,321","2,90,317","2,91,246","2,90,353","2,88,249","2,87,328","2,86,735","2,86,970","2,87,519","2,87,749","2,88,166","2,88,404","2,88,844","2,89,108","2,89,860","2,90,815","2,92,395","2,93,486","2,94,138","2,94,275","2,94,181","2,94,105","2,93,597","2,94,107","2,95,537","2,97,061","2,97,237","2,97,834","2,97,704","2,98,373","2,99,371","2,99,844","3,00,340","3,01,061","3,02,654",..,..
Accommodation and food services  [72],2024-11-29,"2,34,039","2,34,430","2,34,982","2,35,564","2,37,016","2,37,781","2,38,655","2,39,260","2,39,634","2,40,121","2,40,705","2,40,813","2,40,813","2,41,646","2,42,474","2,43,491","2,44,754","2,45,171","2,45,492","2,45,997","2,45,998","2,46,731","2,47,329","2,47,980","2,48,210","2,49,076","2,49,576","2,50,131","2,50,475","2,51,032","2,51,121","2,51,100","2,51,375","2,52,516","2,52,296","2,53,353","2,54,290","2,55,697","2,56,667","2,57,003","2,56,933","2,56,841","2,57,098","2,58,067","2,59,026","2,59,764","2,60,984","2,63,018","2,61,882","2,61,292","2,61,628","2,62,561","2,63,183","2,64,373","2,65,228","2,65,899","2,66,458","2,66,682","2,66,971","2,67,027","2,68,526","2,67,311","2,67,814","2,69,120","2,70,621","2,71,624","2,72,839","2,73,387","2,74,082","2,74,595","2,74,635","2,74,694","2,74,539","2,75,395","2,71,913","2,62,782","2,66,123","2,73,517","2,79,317","2,80,951","2,82,446","2,81,288","2,81,158","2,83,183","2,84,801","2,85,290","2,86,364","2,84,904","2,83,662","2,83,221","2,83,950","2,84,800","2,86,101","2,88,178","2,89,236","2,89,321","2,90,317","2,91,246","2,90,353","2,88,249","2,87,328","2,86,735","2,86,970","2,87,519","2,87,749","2,88,166","2,88,404","2,88,844","2,89,108","2,89,860","2,90,815","2,92,395","2,93,486","2,94,138","2,94,275","2,94,181","2,94,105","2,93,597","2,94,107","2,95,537","2,96,916","2,97,097","2,97,691","2,97,569","2,98,280","2,99,285","2,99,765","3,00,244","3,00,930",..,..,..
Accommodation and food services  [72],2024-10-31,"2,34,039","2,34,430","2,34,982","2,35,564","2,37,016","2,37,781","2,38,655","2,39,260","2,39,634","2,40,121","2,40,705","2,40,813","2,40,813","2,41,646","2,42,474","2,43,491","2,44,754","2,45,171","2,45,492","2,45,997","2,45,998","2,46,731","2,47,329","2,47,980","2,48,210","2,49,076","2,49,576","2,50,131","2,50,475","2,51,032","2,51,121","2,51,100","2,51,375","2,52,516","2,52,296","2,53,353","2,54,290","2,55,697","2,56,667","2,57,003","2,56,933","2,56,841","2,57,098","2,58,067","2,59,026","2,59,764","2,60,984","2,63,018","2,61,882","2,61,292","2,61,628","2,62,561","2,63,183","2,64,373","2,65,228","2,65,899","2,66,458","2,66,682","2,66,971","2,67,027","2,68,526","2,67,311","2,67,814","2,69,120","2,70,621","2,71,624","2,72,839","2,73,387","2,74,082","2,74,595","2,74,635","2,74,694","2,74,185","2,74,973","2,71,137","2,62,533","2,66,199","2,73,641","2,79,375","2,80,980","2,82,703","2,81,717","2,81,325","2,83,844","2,84,978","2,85,412","2,85,700","2,85,542","2,84,974","2,84,917","2,85,286","2,85,737","2,86,612","2,88,396","2,88,637","2,88,677","2,89,537","2,90,222","2,88,386","2,87,078","2,86,914","2,86,657","2,86,840","2,87,020","2,87,074","2,86,912","2,86,966","2,87,366","2,88,034","2,88,870","2,89,570","2,91,218","2,92,240","2,92,757","2,92,915","2,92,874","2,92,882","2,92,521","2,92,983","2,94,337","2,95,406","2,95,682","2,96,065","2,95,959","2,96,408","2,97,186","2,97,414","2,97,650",..,..,..,..
"Professional, scientific and technical services  [54]",2025-02-28,"1,10,432","1,10,922","1,11,762","1,12,458","1,12,952","1,14,428","1,15,599","1,15,902","1,15,355","1,15,146","1,15,638","1,15,018","1,14,468","1,14,001","1,13,583","1,13,291","1,13,116","1,12,883","1,12,884","1,13,183","1,12,855","1,13,202","1,13,584","1,13,951","1,14,275","1,14,637","1,15,107","1,14,905","1,15,715","1,15,846","1,16,144","1,16,496","1,17,048","1,17,094","1,17,338","1,17,610","1,17,263","1,18,112","1,18,752","1,19,363","1,19,810","1,19,911","1,19,830","1,20,176","1,20,865","1,20,498","1,21,327","1,22,473","1,23,038","1,23,813","1,24,562","1,24,964","1,24,992","1,25,364","1,25,609","1,25,701","1,25,861","1,26,266","1,26,868","1,28,446","1,28,664","1,28,736","1,28,872","1,29,753","1,29,581","1,30,481","1,31,449","1,32,258","1,32,176","1,32,717","1,33,652","1,34,069","1,33,155","1,34,318","1,19,400","1,18,223","1,19,742","1,24,646","1,28,269","1,30,875","1,33,119","1,35,592","1,37,430","1,37,443","1,39,032","1,39,748","1,40,375","1,40,063","1,40,510","1,41,576","1,43,463","1,45,060","1,47,429","1,48,593","1,49,643","1,50,756","1,52,010","1,53,240","1,54,481","1,54,752","1,55,623","1,55,961","1,57,607","1,58,762","1,59,941","1,60,054","1,59,964","1,60,561","1,61,826","1,62,652","1,63,490","1,63,897","1,64,211","1,64,138","1,63,067","1,63,302","1,63,421","1,63,677","1,63,553","1,63,398","1,64,050","1,64,312","1,64,634","1,64,865","1,64,994","1,65,436","1,65,671","1,65,565","1,65,676","1,65,635","1,66,067","1,65,968"
Accommodation and food services  [72],2025-01-31,"1,10,432","1,10,922","1,11,762","1,12,458","1,12,952","1,14,428","1,15,599","1,15,902","1,15,355","1,15,146","1,15,638","1,15,018","1,14,468","1,14,001","1,13,583","1,13,291","1,13,116","1,12,883","1,12,884","1,13,183","1,12,855","1,13,202","1,13,584","1,13,951","1,14,275","1,14,637","1,15,107","1,14,905","1,15,715","1,15,846","1,16,144","1,16,496","1,17,048","1,17,094","1,17,338","1,17,610","1,17,263","1,18,112","1,18,752","1,19,363","1,19,810","1,19,911","1,19,830","1,20,176","1,20,865","1,20,498","1,21,327","1,22,473","1,23,038","1,23,813","1,24,562","1,24,964","1,24,992","1,25,364","1,25,609","1,25,701","1,25,861","1,26,266","1,26,868","1,28,446","1,28,664","1,28,736","1,28,872","1,29,753","1,29,581","1,30,481","1,31,449","1,32,258","1,32,176","1,32,717","1,33,652","1,34,069","1,33,155","1,34,318","1,19,400","1,18,223","1,19,742","1,24,646","1,28,269","1,30,875","1,33,119","1,35,592","1,37,430","1,37,443","1,39,032","1,39,748","1,40,375","1,40,063","1,40,510","1,41,576","1,43,463","1,45,060","1,47,429","1,48,593","1,49,643","1,50,756","1,52,010","1,53,240","1,54,481","1,54,752","1,55,623","1,55,961","1,57,607","1,58,762","1,59,941","1,60,054","1,59,964","1,60,561","1,61,826","1,62,652","1,63,490","1,63,897","1,64,211","1,64,138","1,63,067","1,63,302","1,63,421","1,63,677","1,63,553","1,63,398","1,64,135","1,64,320","1,64,666","1,64,979","1,65,091","1,65,472","1,65,707","1,65,666","1,65,734","1,65,590","1,65,562",..
Accommodation and food services  [72],2024-12-23,"1,10,432","1,10,922","1,11,762","1,12,458","1,12,952","1,14,428","1,15,599","1,15,902","1,15,355","1,15,146","1,15,638","1,15,018","1,14,468","1,14,001","1,13,583","1,13,291","1,13,116","1,12,883","1,12,884","1,13,183","1,12,855","1,13,202","1,13,584","1,13,951","1,14,275","1,14,637","1,15,107","1,14,905","1,15,715","1,15,846","1,16,144","1,16,496","1,17,048","1,17,094","1,17,338","1,17,610","1,17,263","1,18,112","1,18,752","1,19,363","1,19,810","1,19,911","1,19,830","1,20,176","1,20,865","1,20,498","1,21,327","1,22,473","1,23,038","1,23,813","1,24,562","1,24,964","1,24,992","1,25,364","1,25,609","1,25,701","1,25,861","1,26,266","1,26,868","1,28,446","1,28,664","1,28,736","1,28,872","1,29,753","1,29,581","1,30,481","1,31,449","1,32,258","1,32,176","1,32,717","1,33,652","1,34,069","1,33,155","1,34,318","1,19,400","1,18,223","1,19,742","1,24,646","1,28,269","1,30,875","1,33,119","1,35,592","1,37,430","1,37,443","1,39,032","1,39,748","1,40,375","1,40,063","1,40,510","1,41,576","1,43,463","1,45,060","1,47,429","1,48,593","1,49,643","1,50,756","1,52,010","1,53,240","1,54,481","1,54,752","1,55,623","1,55,961","1,57,607","1,58,762","1,59,941","1,60,054","1,59,964","1,60,561","1,61,826","1,62,652","1,63,490","1,63,897","1,64,211","1,64,138","1,63,067","1,63,302","1,63,421","1,63,677","1,63,553","1,63,398","1,64,047","1,64,210","1,64,544","1,64,856","1,64,966","1,65,356","1,65,594","1,65,541","1,65,600","1,65,313",..,..
Accommodation and food services  [72],2024-11-29,"1,10,432","1,10,922","1,11,762","1,12,458","1,12,952","1,14,428","1,15,599","1,15,902","1,15,355","1,15,146","1,15,638","1,15,018","1,14,468","1,14,001","1,13,583","1,13,291","1,13,116","1,12,883","1,12,884","1,13,183","1,12,855","1,13,202","1,13,584","1,13,951","1,14,275","1,14,637","1,15,107","1,14,905","1,15,715","1,15,846","1,16,144","1,16,496","1,17,048","1,17,094","1,17,338","1,17,610","1,17,263","1,18,112","1,18,752","1,19,363","1,19,810","1,19,911","1,19,830","1,20,176","1,20,865","1,20,498","1,21,327","1,22,473","1,23,038","1,23,813","1,24,562","1,24,964","1,24,992","1,25,364","1,25,609","1,25,701","1,25,861","1,26,266","1,26,868","1,28,446","1,28,664","1,28,736","1,28,872","1,29,753","1,29,581","1,30,481","1,31,449","1,32,258","1,32,176","1,32,717","1,33,652","1,34,069","1,33,155","1,34,318","1,19,400","1,18,223","1,19,742","1,24,646","1,28,269","1,30,875","1,33,119","1,35,592","1,37,430","1,37,443","1,39,032","1,39,748","1,40,375","1,40,063","1,40,510","1,41,576","1,43,463","1,45,060","1,47,429","1,48,593","1,49,643","1,50,756","1,52,010","1,53,240","1,54,481","1,54,752","1,55,623","1,55,961","1,57,607","1,58,762","1,59,941","1,60,054","1,59,964","1,60,561","1,61,826","1,62,652","1,63,490","1,63,897","1,64,211","1,64,138","1,63,067","1,63,302","1,63,421","1,63,677","1,63,553","1,63,398","1,64,040","1,64,208","1,64,543","1,64,851","1,64,969","1,65,379","1,65,622","1,65,566","1,65,192",..,..,..
Accommodation and food services  [72],2024-10-31,"1,10,432","1,10,922","1,11,762","1,12,458","1,12,952","1,14,428","1,15,599","1,15,902","1,15,355","1,15,146","1,15,638","1,15,018","1,14,468","1,14,001","1,13,583","1,13,291","1,13,116","1,12,883","1,12,884","1,13,183","1,12,855","1,13,202","1,13,584","1,13,951","1,14,275","1,14,637","1,15,107","1,14,905","1,15,715","1,15,846","1,16,144","1,16,496","1,17,048","1,17,094","1,17,338","1,17,610","1,17,263","1,18,112","1,18,752","1,19,363","1,19,810","1,19,911","1,19,830","1,20,176","1,20,865","1,20,498","1,21,327","1,22,473","1,23,038","1,23,813","1,24,562","1,24,964","1,24,992","1,25,364","1,25,609","1,25,701","1,25,861","1,26,266","1,26,868","1,28,446","1,28,664","1,28,736","1,28,872","1,29,753","1,29,581","1,30,481","1,31,449","1,32,258","1,32,176","1,32,717","1,33,652","1,34,069","1,33,749","1,34,983","1,20,222","1,19,181","1,20,626","1,25,080","1,28,361","1,30,616","1,32,637","1,34,798","1,36,214","1,35,745","1,37,209","1,37,319","1,37,758","1,37,233","1,37,209","1,37,880","1,39,649","1,40,949","1,43,145","1,44,204","1,45,006","1,46,099","1,47,711","1,49,177","1,50,506","1,50,765","1,51,552","1,51,923","1,53,677","1,54,622","1,55,818","1,55,637","1,55,198","1,55,742","1,56,431","1,56,944","1,57,377","1,57,654","1,58,048","1,58,200","1,57,342","1,57,580","1,57,456","1,57,319","1,57,267","1,57,579","1,57,995","1,58,264","1,58,588","1,59,037","1,59,195","1,59,632","1,59,972","1,59,997",..,..,..,..
Management of companies and enterprises  [55],2025-02-28,"11,898","11,700","11,575","11,454","11,400","11,408","11,420","11,418","11,366","11,416","11,571","11,661","11,942","12,051","12,101","12,203","12,227","12,253","12,195","12,083","11,966","11,830","11,662","11,499","11,299","11,015","10,680","10,488","10,349","10,191","10,103","10,013","9,894","9,756","9,680","9,605","9,779","9,727","9,609","9,538","9,450","9,346","9,148","8,974","8,766","8,548","8,331","8,152","7,873","7,557","7,275","7,061","6,868","6,712","6,598","6,510","6,454","6,376","6,353","6,335","6,141","6,031","5,855","5,833","5,729","5,660","5,490","5,335","5,154","5,014","4,864","4,762","4,548","4,457","4,305","4,234","4,127","4,031","3,838","3,671","3,522","3,405","3,261","3,137","3,037","2,989","2,897","2,832","2,794","2,725","2,694","2,639","2,618","2,532","2,451","2,384","2,322","2,282","2,265","2,168","2,090","2,024","1,973","1,916","1,857","1,778","1,690","1,623","1,594","1,548","1,500","1,441","1,414","1,347","1,299","1,248","1,204","1,164","1,095","1,070","1,056","1,014",986,967,940,910,904,883,864,845,820,790
Accommodation and food services  [72],2025-01-31,"11,898","11,700","11,575","11,454","11,400","11,408","11,420","11,418","11,366","11,416","11,571","11,661","11,942","12,051","12,101","12,203","12,227","12,253","12,195","12,083","11,966","11,830","11,662","11,499","11,299","11,015","10,680","10,488","10,349","10,191","10,103","10,013","9,894","9,756","9,680","9,605","9,779","9,727","9,609","9,538","9,450","9,346","9,148","8,974","8,766","8,548","8,331","8,152","7,873","7,557","7,275","7,061","6,868","6,712","6,598","6,510","6,454","6,376","6,353","6,335","6,141","6,031","5,855","5,833","5,729","5,660","5,490","5,335","5,154","5,014","4,864","4,762","4,548","4,457","4,305","4,234","4,127","4,031","3,838","3,671","3,522","3,405","3,261","3,137","3,037","2,989","2,897","2,832","2,794","2,725","2,694","2,639","2,618","2,532","2,451","2,384","2,322","2,282","2,265","2,168","2,090","2,024","1,973","1,916","1,857","1,778","1,690","1,623","1,594","1,548","1,500","1,441","1,414","1,347","1,299","1,248","1,204","1,164","1,095","1,070","1,056","1,014",986,967,940,910,893,876,853,834,809,..
Accommodation and food services  [72],2024-12-23,"11,898","11,700","11,575","11,454","11,400","11,408","11,420","11,418","11,366","11,416","11,571","11,661","11,942","12,051","12,101","12,203","12,227","12,253","12,195","12,083","11,966","11,830","11,662","11,499","11,299","11,015","10,680","10,488","10,349","10,191","10,103","10,013","9,894","9,756","9,680","9,605","9,779","9,727","9,609","9,538","9,450","9,346","9,148","8,974","8,766","8,548","8,331","8,152","7,873","7,557","7,275","7,061","6,868","6,712","6,598","6,510","6,454","6,376","6,353","6,335","6,141","6,031","5,855","5,833","5,729","5,660","5,490","5,335","5,154","5,014","4,864","4,762","4,548","4,457","4,305","4,234","4,127","4,031","3,838","3,671","3,522","3,405","3,261","3,137","3,037","2,989","2,897","2,832","2,794","2,725","2,694","2,639","2,618","2,532","2,451","2,384","2,322","2,282","2,265","2,168","2,090","2,024","1,973","1,916","1,857","1,778","1,690","1,623","1,594","1,548","1,500","1,441","1,414","1,347","1,299","1,248","1,204","1,164","1,095","1,070","1,056","1,014",986,967,940,910,893,876,853,810,..,..
Accommodation and food services  [72],2024-11-29,"11,898","11,700","11,575","11,454","11,400","11,408","11,420","11,418","11,366","11,416","11,571","11,661","11,942","12,051","12,101","12,203","12,227","12,253","12,195","12,083","11,966","11,830","11,662","11,499","11,299","11,015","10,680","10,488","10,349","10,191","10,103","10,013","9,894","9,756","9,680","9,605","9,779","9,727","9,609","9,538","9,450","9,346","9,148","8,974","8,766","8,548","8,331","8,152","7,873","7,557","7,275","7,061","6,868","6,712","6,598","6,510","6,454","6,376","6,353","6,335","6,141","6,031","5,855","5,833","5,729","5,660","5,490","5,335","5,154","5,014","4,864","4,762","4,548","4,457","4,305","4,234","4,127","4,031","3,838","3,671","3,522","3,405","3,261","3,137","3,037","2,989","2,897","2,832","2,794","2,725","2,694","2,639","2,618","2,532","2,451","2,384","2,322","2,282","2,265","2,168","2,090","2,024","1,973","1,916","1,857","1,778","1,690","1,623","1,594","1,548","1,500","1,441","1,414","1,347","1,299","1,248","1,204","1,164","1,095","1,070","1,056","1,014",987,967,942,910,893,877,853,..,..,..
Accommodation and food services  [72],2024-10-31,"11,898","11,700","11,575","11,454","11,400","11,408","11,420","11,418","11,366","11,416","11,571","11,661","11,942","12,051","12,101","12,203","12,227","12,253","12,195","12,083","11,966","11,830","11,662","11,499","11,299","11,015","10,680","10,488","10,349","10,191","10,103","10,013","9,894","9,756","9,680","9,605","9,779","9,727","9,609","9,538","9,450","9,346","9,148","8,974","8,766","8,548","8,331","8,152","7,873","7,557","7,275","7,061","6,868","6,712","6,598","6,510","6,454","6,376","6,353","6,335","6,141","6,031","5,855","5,833","5,729","5,660","5,490","5,335","5,154","5,014","4,864","4,762","4,523","4,430","4,268","4,205","4,102","4,004","3,819","3,667","3,536","3,439","3,321","3,222","3,137","3,094","3,008","2,948","2,902","2,830","2,813","2,767","2,742","2,657","2,581","2,517","2,452","2,407","2,376","2,268","2,170","2,096","2,050","1,995","1,934","1,875","1,810","1,743","1,673","1,646","1,594","1,538","1,507","1,441","1,395","1,348","1,304","1,264","1,192","1,177","1,152","1,105","1,069","1,048","1,013",975,945,910,..,..,..,..
"Administrative and support, waste management and remediation services  [56]",2025-02-28,"54,734","54,802","55,106","55,320","55,753","56,131","56,229","56,420","56,367","56,530","56,620","56,608","56,671","56,806","56,758","56,689","56,690","56,747","56,967","57,010","57,065","57,297","57,246","57,177","57,247","57,323","57,282","57,047","56,993","56,923","56,932","56,908","56,814","56,479","56,377","56,631","56,678","56,561","56,626","56,520","56,669","56,703","56,421","56,262","56,032","55,512","55,554","55,822","56,789","57,053","57,337","57,520","57,676","58,016","58,111","58,184","58,578","58,760","59,307","59,089","59,197","58,919","58,705","58,442","58,318","58,388","58,649","58,792","58,868","59,067","59,170","59,193","58,505","58,490","47,607","40,761","41,963","47,273","48,460","50,338","51,627","52,705","53,393","54,110","54,884","54,322","54,489","54,620","54,450","54,772","55,460","56,222","56,367","56,821","56,903","57,434","57,524","57,966","58,138","57,855","58,024","58,181","58,325","58,458","58,461","58,260","58,380","58,240","58,528","58,837","58,872","59,123","58,994","58,888","58,631","58,534","58,595","58,610","58,605","58,543","58,781","58,706","58,732","58,598","58,467","58,255","58,212","58,216","58,249","58,352","58,278","58,569"
Accommodation and food services  [72],2025-01-31,"54,734","54,802","55,106","55,320","55,753","56,131","56,229","56,420","56,367","56,530","56,620","56,608","56,671","56,806","56,758","56,689","56,690","56,747","56,967","57,010","57,065","57,297","57,246","57,177","57,247","57,323","57,282","57,047","56,993","56,923","56,932","56,908","56,814","56,479","56,377","56,631","56,678","56,561","56,626","56,520","56,669","56,703","56,421","56,262","56,032","55,512","55,554","55,822","56,789","57,053","57,337","57,520","57,676","58,016","58,111","58,184","58,578","58,760","59,307","59,089","59,197","58,919","58,705","58,442","58,318","58,388","58,649","58,792","58,868","59,067","59,170","59,193","58,505","58,490","47,607","40,761","41,963","47,273","48,460","50,338","51,627","52,705","53,393","54,110","54,884","54,322","54,489","54,620","54,450","54,772","55,460","56,222","56,367","56,821","56,903","57,434","57,524","57,966","58,138","57,855","58,024","58,181","58,325","58,458","58,461","58,260","58,380","58,240","58,528","58,837","58,872","59,123","58,994","58,888","58,631","58,534","58,595","58,610","58,605","58,543","58,858","58,809","58,790","58,657","58,528","58,266","58,199","58,140","58,150","58,214","58,037",..
Accommodation and food services  [72],2024-12-23,"54,734","54,802","55,106","55,320","55,753","56,131","56,229","56,420","56,367","56,530","56,620","56,608","56,671","56,806","56,758","56,689","56,690","56,747","56,967","57,010","57,065","57,297","57,246","57,177","57,247","57,323","57,282","57,047","56,993","56,923","56,932","56,908","56,814","56,479","56,377","56,631","56,678","56,561","56,626","56,520","56,669","56,703","56,421","56,262","56,032","55,512","55,554","55,822","56,789","57,053","57,337","57,520","57,676","58,016","58,111","58,184","58,578","58,760","59,307","59,089","59,197","58,919","58,705","58,442","58,318","58,388","58,649","58,792","58,868","59,067","59,170","59,193","58,505","58,490","47,607","40,761","41,963","47,273","48,460","50,338","51,627","52,705","53,393","54,110","54,884","54,322","54,489","54,620","54,450","54,772","55,460","56,222","56,367","56,821","56,903","57,434","57,524","57,966","58,138","57,855","58,024","58,181","58,325","58,458","58,461","58,260","58,380","58,240","58,528","58,837","58,872","59,123","58,994","58,888","58,631","58,534","58,595","58,610","58,605","58,543","58,842","58,796","58,785","58,652","58,515","58,254","58,186","58,133","58,160","58,131",..,..
Accommodation and food services  [72],2024-11-29,"54,734","54,802","55,106","55,320","55,753","56,131","56,229","56,420","56,367","56,530","56,620","56,608","56,671","56,806","56,758","56,689","56,690","56,747","56,967","57,010","57,065","57,297","57,246","57,177","57,247","57,323","57,282","57,047","56,993","56,923","56,932","56,908","56,814","56,479","56,377","56,631","56,678","56,561","56,626","56,520","56,669","56,703","56,421","56,262","56,032","55,512","55,554","55,822","56,789","57,053","57,337","57,520","57,676","58,016","58,111","58,184","58,578","58,760","59,307","59,089","59,197","58,919","58,705","58,442","58,318","58,388","58,649","58,792","58,868","59,067","59,170","59,193","58,505","58,490","47,607","40,761","41,963","47,273","48,460","50,338","51,627","52,705","53,393","54,110","54,884","54,322","54,489","54,620","54,450","54,772","55,460","56,222","56,367","56,821","56,903","57,434","57,524","57,966","58,138","57,855","58,024","58,181","58,325","58,458","58,461","58,260","58,380","58,240","58,528","58,837","58,872","59,123","58,994","58,888","58,631","58,534","58,595","58,610","58,605","58,543","58,859","58,810","58,790","58,648","58,510","58,239","58,160","58,104","58,030",..,..,..
Accommodation and food services  [72],2024-10-31,"54,734","54,802","55,106","55,320","55,753","56,131","56,229","56,420","56,367","56,530","56,620","56,608","56,671","56,806","56,758","56,689","56,690","56,747","56,967","57,010","57,065","57,297","57,246","57,177","57,247","57,323","57,282","57,047","56,993","56,923","56,932","56,908","56,814","56,479","56,377","56,631","56,678","56,561","56,626","56,520","56,669","56,703","56,421","56,262","56,032","55,512","55,554","55,822","56,789","57,053","57,337","57,520","57,676","58,016","58,111","58,184","58,578","58,760","59,307","59,089","59,197","58,919","58,705","58,442","58,318","58,388","58,649","58,792","58,868","59,067","59,170","59,193","58,663","58,733","48,094","41,281","42,467","47,625","48,646","50,354","51,480","52,249","52,664","52,976","53,487","52,531","52,403","52,261","51,798","51,848","52,390","53,048","53,173","53,502","53,602","54,205","54,676","55,247","55,479","55,184","55,375","55,497","55,708","55,841","55,954","55,630","55,776","55,681","55,744","56,010","55,901","56,154","56,021","55,990","55,783","55,693","55,712","55,640","55,676","55,778","55,918","55,876","55,868","55,746","55,640","55,388","55,321","55,230",..,..,..,..
Educational services  [61],2025-02-28,"1,05,119","1,05,264","1,05,414","1,05,529","1,05,240","1,03,385","1,05,151","1,05,591","1,04,380","1,06,447","1,06,852","1,06,583","1,07,183","1,07,333","1,07,087","1,07,419","1,06,635","1,07,143","1,06,956","1,05,708","1,06,425","1,06,158","1,06,039","1,06,444","1,06,570","1,06,834","1,07,134","1,07,224","1,07,312","1,07,310","1,07,205","1,07,230","1,07,640","1,07,872","1,08,047","1,08,084","1,07,620","1,07,984","1,08,085","1,08,224","1,08,343","1,08,705","1,08,850","1,09,296","1,09,922","1,09,889","1,10,334","1,11,108","1,11,622","1,11,883","1,12,187","1,12,613","1,12,893","1,13,122","1,13,174","1,13,337","1,13,405","1,13,398","1,13,501","1,13,497","1,13,762","1,13,849","1,14,342","1,14,459","1,14,510","1,14,493","1,15,162","1,15,094","1,15,395","1,15,455","1,15,439","1,15,808","1,16,156","1,15,746","1,06,191","96,334","1,03,482","1,05,658","1,10,184","1,12,840","1,13,566","1,13,673","1,13,824","1,14,278","1,14,577","1,14,864","1,16,460","1,11,483","1,14,177","1,15,118","1,16,365","1,17,044","1,17,052","1,17,217","1,17,441","1,17,502","1,16,594","1,16,603","1,16,456","1,17,128","1,17,707","1,18,570","1,18,542","1,18,568","1,18,946","1,19,117","1,19,610","1,20,067","1,20,712","1,21,226","1,21,351","1,21,439","1,21,577","1,21,745","1,22,159","1,22,819","1,22,975","1,22,743","1,18,683","1,13,887","1,22,361","1,23,376","1,24,419","1,25,171","1,26,317","1,26,319","1,26,809","1,27,289","1,27,489","1,27,060","1,27,080","1,27,036"
Accommodation and food services  [72],2025-01-31,"1,05,119","1,05,264","1,05,414","1,05,529","1,05,240","1,03,385","1,05,151","1,05,591","1,04,380","1,06,447","1,06,852","1,06,583","1,07,183","1,07,333","1,07,087","1,07,419","1,06,635","1,07,143","1,06,956","1,05,708","1,06,425","1,06,158","1,06,039","1,06,444","1,06,570","1,06,834","1,07,134","1,07,224","1,07,312","1,07,310","1,07,205","1,07,230","1,07,640","1,07,872","1,08,047","1,08,084","1,07,620","1,07,984","1,08,085","1,08,224","1,08,343","1,08,705","1,08,850","1,09,296","1,09,922","1,09,889","1,10,334","1,11,108","1,11,622","1,11,883","1,12,187","1,12,613","1,12,893","1,13,122","1,13,174","1,13,337","1,13,405","1,13,398","1,13,501","1,13,497","1,13,762","1,13,849","1,14,342","1,14,459","1,14,510","1,14,493","1,15,162","1,15,094","1,15,395","1,15,455","1,15,439","1,15,808","1,16,156","1,15,746","1,06,191","96,334","1,03,482","1,05,658","1,10,184","1,12,840","1,13,566","1,13,673","1,13,824","1,14,278","1,14,577","1,14,864","1,16,460","1,11,483","1,14,177","1,15,118","1,16,365","1,17,044","1,17,052","1,17,217","1,17,441","1,17,502","1,16,594","1,16,603","1,16,456","1,17,128","1,17,707","1,18,570","1,18,542","1,18,568","1,18,946","1,19,117","1,19,610","1,20,067","1,20,712","1,21,226","1,21,351","1,21,439","1,21,577","1,21,745","1,22,159","1,22,819","1,22,975","1,22,743","1,18,683","1,13,887","1,22,256","1,22,806","1,23,496","1,23,987","1,25,069","1,25,249","1,25,322","1,25,339","1,25,337","1,24,988","1,24,981",..
Accommodation and food services  [72],2024-12-23,"1,05,119","1,05,264","1,05,414","1,05,529","1,05,240","1,03,385","1,05,151","1,05,591","1,04,380","1,06,447","1,06,852","1,06,583","1,07,183","1,07,333","1,07,087","1,07,419","1,06,635","1,07,143","1,06,956","1,05,708","1,06,425","1,06,158","1,06,039","1,06,444","1,06,570","1,06,834","1,07,134","1,07,224","1,07,312","1,07,310","1,07,205","1,07,230","1,07,640","1,07,872","1,08,047","1,08,084","1,07,620","1,07,984","1,08,085","1,08,224","1,08,343","1,08,705","1,08,850","1,09,296","1,09,922","1,09,889","1,10,334","1,11,108","1,11,622","1,11,883","1,12,187","1,12,613","1,12,893","1,13,122","1,13,174","1,13,337","1,13,405","1,13,398","1,13,501","1,13,497","1,13,762","1,13,849","1,14,342","1,14,459","1,14,510","1,14,493","1,15,162","1,15,094","1,15,395","1,15,455","1,15,439","1,15,808","1,16,156","1,15,746","1,06,191","96,334","1,03,482","1,05,658","1,10,184","1,12,840","1,13,566","1,13,673","1,13,824","1,14,278","1,14,577","1,14,864","1,16,460","1,11,483","1,14,177","1,15,118","1,16,365","1,17,044","1,17,052","1,17,217","1,17,441","1,17,502","1,16,594","1,16,603","1,16,456","1,17,128","1,17,707","1,18,570","1,18,542","1,18,568","1,18,946","1,19,117","1,19,610","1,20,067","1,20,712","1,21,226","1,21,351","1,21,439","1,21,577","1,21,745","1,22,159","1,22,819","1,22,975","1,22,743","1,18,683","1,13,887","1,22,256","1,22,806","1,23,462","1,23,972","1,25,066","1,25,261","1,25,339","1,25,359","1,25,353","1,25,000",..,..
Accommodation and food services  [72],2024-11-29,"1,05,119","1,05,264","1,05,414","1,05,529","1,05,240","1,03,385","1,05,151","1,05,591","1,04,380","1,06,447","1,06,852","1,06,583","1,07,183","1,07,333","1,07,087","1,07,419","1,06,635","1,07,143","1,06,956","1,05,708","1,06,425","1,06,158","1,06,039","1,06,444","1,06,570","1,06,834","1,07,134","1,07,224","1,07,312","1,07,310","1,07,205","1,07,230","1,07,640","1,07,872","1,08,047","1,08,084","1,07,620","1,07,984","1,08,085","1,08,224","1,08,343","1,08,705","1,08,850","1,09,296","1,09,922","1,09,889","1,10,334","1,11,108","1,11,622","1,11,883","1,12,187","1,12,613","1,12,893","1,13,122","1,13,174","1,13,337","1,13,405","1,13,398","1,13,501","1,13,497","1,13,762","1,13,849","1,14,342","1,14,459","1,14,510","1,14,493","1,15,162","1,15,094","1,15,395","1,15,455","1,15,439","1,15,808","1,16,156","1,15,746","1,06,191","96,334","1,03,482","1,05,658","1,10,184","1,12,840","1,13,566","1,13,673","1,13,824","1,14,278","1,14,577","1,14,864","1,16,460","1,11,483","1,14,177","1,15,118","1,16,365","1,17,044","1,17,052","1,17,217","1,17,441","1,17,502","1,16,594","1,16,603","1,16,456","1,17,128","1,17,707","1,18,570","1,18,542","1,18,568","1,18,946","1,19,117","1,19,610","1,20,067","1,20,712","1,21,226","1,21,351","1,21,439","1,21,577","1,21,745","1,22,159","1,22,819","1,22,975","1,22,743","1,18,683","1,13,887","1,22,273","1,22,822","1,23,475","1,23,979","1,25,073","1,25,269","1,25,331","1,25,349","1,25,336",..,..,..
Accommodation and food services  [72],2024-10-31,"1,05,119","1,05,264","1,05,414","1,05,529","1,05,240","1,03,385","1,05,151","1,05,591","1,04,380","1,06,447","1,06,852","1,06,583","1,07,183","1,07,333","1,07,087","1,07,419","1,06,635","1,07,143","1,06,956","1,05,708","1,06,425","1,06,158","1,06,039","1,06,444","1,06,570","1,06,834","1,07,134","1,07,224","1,07,312","1,07,310","1,07,205","1,07,230","1,07,640","1,07,872","1,08,047","1,08,084","1,07,620","1,07,984","1,08,085","1,08,224","1,08,343","1,08,705","1,08,850","1,09,296","1,09,922","1,09,889","1,10,334","1,11,108","1,11,622","1,11,883","1,12,187","1,12,613","1,12,893","1,13,122","1,13,174","1,13,337","1,13,405","1,13,398","1,13,501","1,13,497","1,13,762","1,13,849","1,14,342","1,14,459","1,14,510","1,14,493","1,15,162","1,15,094","1,15,395","1,15,455","1,15,439","1,15,808","1,16,027","1,15,589","1,06,041","96,218","1,03,389","1,05,577","1,10,132","1,12,821","1,13,620","1,13,813","1,14,068","1,14,637","1,15,077","1,15,481","1,17,246","1,12,288","1,15,117","1,16,133","1,17,517","1,18,249","1,18,311","1,18,498","1,18,744","1,18,819","1,18,051","1,18,060","1,17,792","1,18,349","1,18,968","1,19,797","1,19,867","1,19,838","1,20,179","1,20,303","1,20,733","1,21,139","1,21,459","1,21,923","1,21,875","1,21,837","1,22,157","1,22,192","1,22,450","1,22,914","1,23,321","1,23,107","1,19,627","1,14,942","1,23,137","1,23,595","1,24,199","1,25,285","1,26,356","1,26,593","1,26,771","1,26,816",..,..,..,..
Health care and social assistance  [62],2025-02-28,"1,40,085","1,40,337","1,40,627","1,40,770","1,41,220","1,41,595","1,41,875","1,41,802","1,41,589","1,41,379","1,41,438","1,41,466","1,41,785","1,42,249","1,42,465","1,42,898","1,42,920","1,43,008","1,43,323","1,43,408","1,43,519","1,44,106","1,44,341","1,44,583","1,45,146","1,45,545","1,45,949","1,45,980","1,46,342","1,46,616","1,46,959","1,47,255","1,47,326","1,47,320","1,47,331","1,47,178","1,47,301","1,47,398","1,47,675","1,47,717","1,47,761","1,48,217","1,48,338","1,48,698","1,48,940","1,48,966","1,49,369","1,49,928","1,50,938","1,51,532","1,52,089","1,52,600","1,53,073","1,53,485","1,53,863","1,53,855","1,54,147","1,54,326","1,54,554","1,54,898","1,54,859","1,55,013","1,55,071","1,55,239","1,55,275","1,55,874","1,56,389","1,57,049","1,57,181","1,57,694","1,58,462","1,59,318","1,58,869","1,59,918","1,50,265","1,37,620","1,42,378","1,50,333","1,55,045","1,56,748","1,57,884","1,59,176","1,60,006","1,60,358","1,61,206","1,62,063","1,62,904","1,63,680","1,64,559","1,65,475","1,66,386","1,66,858","1,67,019","1,67,162","1,67,296","1,67,564","1,67,635","1,68,705","1,69,072","1,69,287","1,69,528","1,69,942","1,70,624","1,70,913","1,71,959","1,72,570","1,72,979","1,73,362","1,73,959","1,74,644","1,75,224","1,75,534","1,75,917","1,76,197","1,76,313","1,76,592","1,77,133","1,77,623","1,77,847","1,77,741","1,79,264","1,80,179","1,81,054","1,81,516","1,81,989","1,82,431","1,82,939","1,83,529","1,84,005","1,84,472","1,84,664","1,85,314"
Accommodation and food services  [72],2025-01-31,"1,40,085","1,40,337","1,40,627","1,40,770","1,41,220","1,41,595","1,41,875","1,41,802","1,41,589","1,41,379","1,41,438","1,41,466","1,41,785","1,42,249","1,42,465","1,42,898","1,42,920","1,43,008","1,43,323","1,43,408","1,43,519","1,44,106","1,44,341","1,44,583","1,45,146","1,45,545","1,45,949","1,45,980","1,46,342","1,46,616","1,46,959","1,47,255","1,47,326","1,47,320","1,47,331","1,47,178","1,47,301","1,47,398","1,47,675","1,47,717","1,47,761","1,48,217","1,48,338","1,48,698","1,48,940","1,48,966","1,49,369","1,49,928","1,50,938","1,51,532","1,52,089","1,52,600","1,53,073","1,53,485","1,53,863","1,53,855","1,54,147","1,54,326","1,54,554","1,54,898","1,54,859","1,55,013","1,55,071","1,55,239","1,55,275","1,55,874","1,56,389","1,57,049","1,57,181","1,57,694","1,58,462","1,59,318","1,58,869","1,59,918","1,50,265","1,37,620","1,42,378","1,50,333","1,55,045","1,56,748","1,57,884","1,59,176","1,60,006","1,60,358","1,61,206","1,62,063","1,62,904","1,63,680","1,64,559","1,65,475","1,66,386","1,66,858","1,67,019","1,67,162","1,67,296","1,67,564","1,67,635","1,68,705","1,69,072","1,69,287","1,69,528","1,69,942","1,70,624","1,70,913","1,71,959","1,72,570","1,72,979","1,73,362","1,73,959","1,74,644","1,75,224","1,75,534","1,75,917","1,76,197","1,76,313","1,76,592","1,77,133","1,77,623","1,77,847","1,77,741","1,78,997","1,79,616","1,80,307","1,80,649","1,81,071","1,81,442","1,81,757","1,82,120","1,82,361","1,82,660","1,82,847",..
Accommodation and food services  [72],2024-12-23,"1,40,085","1,40,337","1,40,627","1,40,770","1,41,220","1,41,595","1,41,875","1,41,802","1,41,589","1,41,379","1,41,438","1,41,466","1,41,785","1,42,249","1,42,465","1,42,898","1,42,920","1,43,008","1,43,323","1,43,408","1,43,519","1,44,106","1,44,341","1,44,583","1,45,146","1,45,545","1,45,949","1,45,980","1,46,342","1,46,616","1,46,959","1,47,255","1,47,326","1,47,320","1,47,331","1,47,178","1,47,301","1,47,398","1,47,675","1,47,717","1,47,761","1,48,217","1,48,338","1,48,698","1,48,940","1,48,966","1,49,369","1,49,928","1,50,938","1,51,532","1,52,089","1,52,600","1,53,073","1,53,485","1,53,863","1,53,855","1,54,147","1,54,326","1,54,554","1,54,898","1,54,859","1,55,013","1,55,071","1,55,239","1,55,275","1,55,874","1,56,389","1,57,049","1,57,181","1,57,694","1,58,462","1,59,318","1,58,869","1,59,918","1,50,265","1,37,620","1,42,378","1,50,333","1,55,045","1,56,748","1,57,884","1,59,176","1,60,006","1,60,358","1,61,206","1,62,063","1,62,904","1,63,680","1,64,559","1,65,475","1,66,386","1,66,858","1,67,019","1,67,162","1,67,296","1,67,564","1,67,635","1,68,705","1,69,072","1,69,287","1,69,528","1,69,942","1,70,624","1,70,913","1,71,959","1,72,570","1,72,979","1,73,362","1,73,959","1,74,644","1,75,224","1,75,534","1,75,917","1,76,197","1,76,313","1,76,592","1,77,133","1,77,623","1,77,847","1,77,741","1,79,014","1,79,622","1,80,326","1,80,663","1,81,106","1,81,462","1,81,791","1,82,136","1,82,400","1,82,697",..,..
Accommodation and food services  [72],2024-11-29,"1,40,085","1,40,337","1,40,627","1,40,770","1,41,220","1,41,595","1,41,875","1,41,802","1,41,589","1,41,379","1,41,438","1,41,466","1,41,785","1,42,249","1,42,465","1,42,898","1,42,920","1,43,008","1,43,323","1,43,408","1,43,519","1,44,106","1,44,341","1,44,583","1,45,146","1,45,545","1,45,949","1,45,980","1,46,342","1,46,616","1,46,959","1,47,255","1,47,326","1,47,320","1,47,331","1,47,178","1,47,301","1,47,398","1,47,675","1,47,717","1,47,761","1,48,217","1,48,338","1,48,698","1,48,940","1,48,966","1,49,369","1,49,928","1,50,938","1,51,532","1,52,089","1,52,600","1,53,073","1,53,485","1,53,863","1,53,855","1,54,147","1,54,326","1,54,554","1,54,898","1,54,859","1,55,013","1,55,071","1,55,239","1,55,275","1,55,874","1,56,389","1,57,049","1,57,181","1,57,694","1,58,462","1,59,318","1,58,869","1,59,918","1,50,265","1,37,620","1,42,378","1,50,333","1,55,045","1,56,748","1,57,884","1,59,176","1,60,006","1,60,358","1,61,206","1,62,063","1,62,904","1,63,680","1,64,559","1,65,475","1,66,386","1,66,858","1,67,019","1,67,162","1,67,296","1,67,564","1,67,635","1,68,705","1,69,072","1,69,287","1,69,528","1,69,942","1,70,624","1,70,913","1,71,959","1,72,570","1,72,979","1,73,362","1,73,959","1,74,644","1,75,224","1,75,534","1,75,917","1,76,197","1,76,313","1,76,592","1,77,133","1,77,623","1,77,847","1,77,741","1,79,033","1,79,642","1,80,344","1,80,674","1,81,117","1,81,466","1,81,795","1,82,139","1,82,361",..,..,..
Accommodation and food services  [72],2024-10-31,"1,40,085","1,40,337","1,40,627","1,40,770","1,41,220","1,41,595","1,41,875","1,41,802","1,41,589","1,41,379","1,41,438","1,41,466","1,41,785","1,42,249","1,42,465","1,42,898","1,42,920","1,43,008","1,43,323","1,43,408","1,43,519","1,44,106","1,44,341","1,44,583","1,45,146","1,45,545","1,45,949","1,45,980","1,46,342","1,46,616","1,46,959","1,47,255","1,47,326","1,47,320","1,47,331","1,47,178","1,47,301","1,47,398","1,47,675","1,47,717","1,47,761","1,48,217","1,48,338","1,48,698","1,48,940","1,48,966","1,49,369","1,49,928","1,50,938","1,51,532","1,52,089","1,52,600","1,53,073","1,53,485","1,53,863","1,53,855","1,54,147","1,54,326","1,54,554","1,54,898","1,54,859","1,55,013","1,55,071","1,55,239","1,55,275","1,55,874","1,56,389","1,57,049","1,57,181","1,57,694","1,58,462","1,59,318","1,59,024","1,60,088","1,49,634","1,36,984","1,41,708","1,50,327","1,55,114","1,56,925","1,58,085","1,59,517","1,60,343","1,60,851","1,61,700","1,62,510","1,63,493","1,64,358","1,65,256","1,66,087","1,66,968","1,67,378","1,67,475","1,67,518","1,67,505","1,67,732","1,67,636","1,68,526","1,68,786","1,68,796","1,68,883","1,69,089","1,69,648","1,69,768","1,70,690","1,71,111","1,71,437","1,71,658","1,72,074","1,72,429","1,72,764","1,72,898","1,73,203","1,73,490","1,73,671","1,74,015","1,74,439","1,74,837","1,75,097","1,75,093","1,76,225","1,76,799","1,77,442","1,77,909","1,78,340","1,78,680","1,78,907","1,79,224",..,..,..,..
"Arts, entertainment and recreation  [71]",2025-02-28,"13,998","13,443","14,198","14,332","14,407","14,359","14,307","14,323","14,197","14,081","14,298","14,168","14,230","14,124","14,127","14,219","14,050","14,788","14,728","14,538","14,469","14,678","14,537","14,742","14,757","14,755","14,801","14,504","14,796","14,802","14,913","14,934","15,080","14,918","14,908","14,960","15,308","15,144","15,408","15,964","15,545","15,500","15,590","15,787","15,788","15,697","15,797","15,732","15,795","15,950","15,803","15,726","15,927","15,882","15,669","15,610","15,937","16,060","16,183","16,426","16,442","16,449","16,634","16,551","16,589","16,664","16,673","16,662","16,817","17,038","16,953","17,108","16,896","17,073","11,815","7,044","6,899","7,524","9,101","9,915","10,228","10,547","10,417","10,389","10,078","10,167","10,585","10,291","10,086","10,997","12,582","13,982","15,092","16,013","16,740","15,895","13,651","14,592","16,187","16,648","16,933","17,270","17,511","17,725","17,807","17,861","18,043","18,344","18,353","18,292","18,471","18,336","18,417","18,346","18,754","18,703","18,394","18,389","18,698","18,679","18,650","18,633","18,723","18,921","19,033","19,065","19,074","18,996","19,042","19,117","19,299","19,521"
Accommodation and food services  [72],2025-01-31,"13,998","13,443","14,198","14,332","14,407","14,359","14,307","14,323","14,197","14,081","14,298","14,168","14,230","14,124","14,127","14,219","14,050","14,788","14,728","14,538","14,469","14,678","14,537","14,742","14,757","14,755","14,801","14,504","14,796","14,802","14,913","14,934","15,080","14,918","14,908","14,960","15,308","15,144","15,408","15,964","15,545","15,500","15,590","15,787","15,788","15,697","15,797","15,732","15,795","15,950","15,803","15,726","15,927","15,882","15,669","15,610","15,937","16,060","16,183","16,426","16,442","16,449","16,634","16,551","16,589","16,664","16,673","16,662","16,817","17,038","16,953","17,108","16,896","17,073","11,815","7,044","6,899","7,524","9,101","9,915","10,228","10,547","10,417","10,389","10,078","10,167","10,585","10,291","10,086","10,997","12,582","13,982","15,092","16,013","16,740","15,895","13,651","14,592","16,187","16,648","16,933","17,270","17,511","17,725","17,807","17,861","18,043","18,344","18,353","18,292","18,471","18,336","18,417","18,346","18,754","18,703","18,394","18,389","18,698","18,679","18,624","18,678","18,736","18,922","18,993","18,987","18,943","18,839","18,928","18,940","19,084",..
Accommodation and food services  [72],2024-12-23,"13,998","13,443","14,198","14,332","14,407","14,359","14,307","14,323","14,197","14,081","14,298","14,168","14,230","14,124","14,127","14,219","14,050","14,788","14,728","14,538","14,469","14,678","14,537","14,742","14,757","14,755","14,801","14,504","14,796","14,802","14,913","14,934","15,080","14,918","14,908","14,960","15,308","15,144","15,408","15,964","15,545","15,500","15,590","15,787","15,788","15,697","15,797","15,732","15,795","15,950","15,803","15,726","15,927","15,882","15,669","15,610","15,937","16,060","16,183","16,426","16,442","16,449","16,634","16,551","16,589","16,664","16,673","16,662","16,817","17,038","16,953","17,108","16,896","17,073","11,815","7,044","6,899","7,524","9,101","9,915","10,228","10,547","10,417","10,389","10,078","10,167","10,585","10,291","10,086","10,997","12,582","13,982","15,092","16,013","16,740","15,895","13,651","14,592","16,187","16,648","16,933","17,270","17,511","17,725","17,807","17,861","18,043","18,344","18,353","18,292","18,471","18,336","18,417","18,346","18,754","18,703","18,394","18,389","18,698","18,679","18,687","18,719","18,797","18,952","19,019","18,984","18,963","18,831","18,888","18,921",..,..
Accommodation and food services  [72],2024-11-29,"13,998","13,443","14,198","14,332","14,407","14,359","14,307","14,323","14,197","14,081","14,298","14,168","14,230","14,124","14,127","14,219","14,050","14,788","14,728","14,538","14,469","14,678","14,537","14,742","14,757","14,755","14,801","14,504","14,796","14,802","14,913","14,934","15,080","14,918","14,908","14,960","15,308","15,144","15,408","15,964","15,545","15,500","15,590","15,787","15,788","15,697","15,797","15,732","15,795","15,950","15,803","15,726","15,927","15,882","15,669","15,610","15,937","16,060","16,183","16,426","16,442","16,449","16,634","16,551","16,589","16,664","16,673","16,662","16,817","17,038","16,953","17,108","16,896","17,073","11,815","7,044","6,899","7,524","9,101","9,915","10,228","10,547","10,417","10,389","10,078","10,167","10,585","10,291","10,086","10,997","12,582","13,982","15,092","16,013","16,740","15,895","13,651","14,592","16,187","16,648","16,933","17,270","17,511","17,725","17,807","17,861","18,043","18,344","18,353","18,292","18,471","18,336","18,417","18,346","18,754","18,703","18,394","18,389","18,698","18,679","18,714","18,693","18,747","18,906","18,913","18,904","18,895","18,791","18,831",..,..,..
Accommodation and food services  [72],2024-10-31,"13,998","13,443","14,198","14,332","14,407","14,359","14,307","14,323","14,197","14,081","14,298","14,168","14,230","14,124","14,127","14,219","14,050","14,788","14,728","14,538","14,469","14,678","14,537","14,742","14,757","14,755","14,801","14,504","14,796","14,802","14,913","14,934","15,080","14,918","14,908","14,960","15,308","15,144","15,408","15,964","15,545","15,500","15,590","15,787","15,788","15,697","15,797","15,732","15,795","15,950","15,803","15,726","15,927","15,882","15,669","15,610","15,937","16,060","16,183","16,426","16,442","16,449","16,634","16,551","16,589","16,664","16,673","16,662","16,817","17,038","16,953","17,108","17,029","17,230","11,925","7,037","6,943","7,608","9,162","9,966","10,109","10,375","10,244","10,220","9,898","9,955","10,080","9,450","9,419","10,097","11,047","12,003","12,539","13,288","13,915","12,889","10,943","11,986","13,950","14,909","15,521","16,074","16,077","16,424","16,557","16,758","16,960","17,177","17,550","17,044","17,220","17,141","17,211","17,162","17,416","17,443","17,041","17,028","17,132","17,162","17,230","17,094","17,154","17,340","17,426","17,422","17,454","17,359",..,..,..,..
Accommodation and food services  [72],2025-02-28,"41,799","42,154","42,410","42,569","43,077","43,239","42,993","43,607","43,476","43,878","43,917","44,106","43,852","43,536","43,511","44,023","44,167","44,468","44,549","44,413","44,264","44,541","44,493","44,727","45,031","45,320","45,417","45,511","45,289","45,537","45,872","45,915","45,800","45,345","45,431","44,595","46,160","45,413","45,612","45,928","45,808","46,113","46,027","46,136","46,339","46,067","46,195","46,082","46,414","46,483","46,491","46,400","46,556","46,714","47,330","47,193","47,316","47,492","47,772","48,247","48,245","48,152","48,487","48,420","48,440","48,638","48,640","48,717","48,496","48,514","48,859","49,028","48,036","47,336","30,310","17,442","20,293","25,367","30,158","32,933","33,008","30,313","30,813","27,971","29,459","30,404","34,386","30,987","30,008","34,970","38,883","41,863","42,094","41,608","42,594","41,992","36,616","40,403","43,094","43,428","44,469","44,850","45,302","45,855","45,912","46,143","45,620","45,648","46,879","46,575","46,244","45,942","45,900","45,196","45,687","45,325","45,620","45,969","46,203","46,400","46,570","46,608","46,222","46,613","46,963","46,837","46,861","46,806","47,024","47,261","47,952","48,256"
Accommodation and food services  [72],2025-01-31,"41,799","42,154","42,410","42,569","43,077","43,239","42,993","43,607","43,476","43,878","43,917","44,106","43,852","43,536","43,511","44,023","44,167","44,468","44,549","44,413","44,264","44,541","44,493","44,727","45,031","45,320","45,417","45,511","45,289","45,537","45,872","45,915","45,800","45,345","45,431","44,595","46,160","45,413","45,612","45,928","45,808","46,113","46,027","46,136","46,339","46,067","46,195","46,082","46,414","46,483","46,491","46,400","46,556","46,714","47,330","47,193","47,316","47,492","47,772","48,247","48,245","48,152","48,487","48,420","48,440","48,638","48,640","48,717","48,496","48,514","48,859","49,028","48,036","47,336","30,310","17,442","20,293","25,367","30,158","32,933","33,008","30,313","30,813","27,971","29,459","30,404","34,386","30,987","30,008","34,970","38,883","41,863","42,094","41,608","42,594","41,992","36,616","40,403","43,094","43,428","44,469","44,850","45,302","45,855","45,912","46,143","45,620","45,648","46,879","46,575","46,244","45,942","45,900","45,196","45,687","45,325","45,620","45,969","46,203","46,400","46,568","46,564","46,193","46,691","46,865","46,711","46,717","46,658","46,937","47,281","47,947",..
Accommodation and food services  [72],2024-12-23,"41,799","42,154","42,410","42,569","43,077","43,239","42,993","43,607","43,476","43,878","43,917","44,106","43,852","43,536","43,511","44,023","44,167","44,468","44,549","44,413","44,264","44,541","44,493","44,727","45,031","45,320","45,417","45,511","45,289","45,537","45,872","45,915","45,800","45,345","45,431","44,595","46,160","45,413","45,612","45,928","45,808","46,113","46,027","46,136","46,339","46,067","46,195","46,082","46,414","46,483","46,491","46,400","46,556","46,714","47,330","47,193","47,316","47,492","47,772","48,247","48,245","48,152","48,487","48,420","48,440","48,638","48,640","48,717","48,496","48,514","48,859","49,028","48,036","47,336","30,310","17,442","20,293","25,367","30,158","32,933","33,008","30,313","30,813","27,971","29,459","30,404","34,386","30,987","30,008","34,970","38,883","41,863","42,094","41,608","42,594","41,992","36,616","40,403","43,094","43,428","44,469","44,850","45,302","45,855","45,912","46,143","45,620","45,648","46,879","46,575","46,244","45,942","45,900","45,196","45,687","45,325","45,620","45,969","46,203","46,400","46,597","46,603","46,189","46,664","46,860","46,661","46,678","46,608","46,806","47,125",..,..
Accommodation and food services  [72],2024-11-29,"41,799","42,154","42,410","42,569","43,077","43,239","42,993","43,607","43,476","43,878","43,917","44,106","43,852","43,536","43,511","44,023","44,167","44,468","44,549","44,413","44,264","44,541","44,493","44,727","45,031","45,320","45,417","45,511","45,289","45,537","45,872","45,915","45,800","45,345","45,431","44,595","46,160","45,413","45,612","45,928","45,808","46,113","46,027","46,136","46,339","46,067","46,195","46,082","46,414","46,483","46,491","46,400","46,556","46,714","47,330","47,193","47,316","47,492","47,772","48,247","48,245","48,152","48,487","48,420","48,440","48,638","48,640","48,717","48,496","48,514","48,859","49,028","48,036","47,336","30,310","17,442","20,293","25,367","30,158","32,933","33,008","30,313","30,813","27,971","29,459","30,404","34,386","30,987","30,008","34,970","38,883","41,863","42,094","41,608","42,594","41,992","36,616","40,403","43,094","43,428","44,469","44,850","45,302","45,855","45,912","46,143","45,620","45,648","46,879","46,575","46,244","45,942","45,900","45,196","45,687","45,325","45,620","45,969","46,203","46,400","46,588","46,595","46,226","46,668","46,842","46,634","46,604","46,511","46,703",..,..,..
Accommodation and food services  [72],2024-10-31,"41,799","42,154","42,410","42,569","43,077","43,239","42,993","43,607","43,476","43,878","43,917","44,106","43,852","43,536","43,511","44,023","44,167","44,468","44,549","44,413","44,264","44,541","44,493","44,727","45,031","45,320","45,417","45,511","45,289","45,537","45,872","45,915","45,800","45,345","45,431","44,595","46,160","45,413","45,612","45,928","45,808","46,113","46,027","46,136","46,339","46,067","46,195","46,082","46,414","46,483","46,491","46,400","46,556","46,714","47,330","47,193","47,316","47,492","47,772","48,247","48,245","48,152","48,487","48,420","48,440","48,638","48,640","48,717","48,496","48,514","48,859","49,028","48,187","47,568","30,701","17,731","20,567","25,510","30,233","32,908","32,845","29,961","30,359","27,410","28,255","29,304","33,267","29,400","28,254","33,465","37,440","40,108","39,903","39,184","40,179","39,285","33,810","38,267","41,510","41,838","42,768","43,181","43,546","43,988","43,977","44,088","43,649","43,642","44,919","44,807","44,607","44,404","44,203","43,563","44,079","43,592","43,820","44,059","44,358","44,754","44,641","44,823","44,485","44,870","44,978","44,816","44,805","44,744",..,..,..,..
Other services (except public administration)  [81],2025-02-28,"39,222","39,454","39,463","39,602","39,795","39,924","40,111","40,121","40,190","40,089","40,137","40,189","40,073","40,113","40,134","40,173","40,109","40,092","40,030","39,919","39,864","39,912","39,843","39,870","39,712","39,514","39,390","39,262","39,274","39,240","39,244","39,320","39,373","39,379","39,486","39,629","39,773","40,123","40,425","40,642","40,824","41,010","41,019","41,185","41,309","41,255","41,283","41,316","41,471","41,508","41,572","41,524","41,526","41,460","41,489","41,496","41,383","41,390","41,411","41,590","41,654","41,613","41,694","41,806","41,751","41,743","41,756","41,676","41,659","41,622","41,644","41,674","41,330","41,413","37,514","30,765","32,282","34,054","36,424","37,505","38,075","38,339","38,424","38,367","38,240","38,311","38,298","38,320","38,612","38,824","39,473","39,938","40,404","40,785","40,957","41,058","41,481","41,689","42,070","42,238","42,553","42,920","43,144","43,331","43,523","43,544","43,497","43,538","43,825","43,969","44,134","44,437","44,152","44,176","44,176","44,178","44,202","44,207","44,345","44,371","44,512","44,585","44,531","44,607","44,497","44,479","44,518","44,445","44,343","44,146","44,141","44,127"
Accommodation and food services  [72],2025-01-31,"39,222","39,454","39,463","39,602","39,795","39,924","40,111","40,121","40,190","40,089","40,137","40,189","40,073","40,113","40,134","40,173","40,109","40,092","40,030","39,919","39,864","39,912","39,843","39,870","39,712","39,514","39,390","39,262","39,274","39,240","39,244","39,320","39,373","39,379","39,486","39,629","39,773","40,123","40,425","40,642","40,824","41,010","41,019","41,185","41,309","41,255","41,283","41,316","41,471","41,508","41,572","41,524","41,526","41,460","41,489","41,496","41,383","41,390","41,411","41,590","41,654","41,613","41,694","41,806","41,751","41,743","41,756","41,676","41,659","41,622","41,644","41,674","41,330","41,413","37,514","30,765","32,282","34,054","36,424","37,505","38,075","38,339","38,424","38,367","38,240","38,311","38,298","38,320","38,612","38,824","39,473","39,938","40,404","40,785","40,957","41,058","41,481","41,689","42,070","42,238","42,553","42,920","43,144","43,331","43,523","43,544","43,497","43,538","43,825","43,969","44,134","44,437","44,152","44,176","44,176","44,178","44,202","44,207","44,345","44,371","44,478","44,540","44,518","44,606","44,487","44,491","44,537","44,482","44,392","44,176","44,138",..
Accommodation and food services  [72],2024-12-23,"39,222","39,454","39,463","39,602","39,795","39,924","40,111","40,121","40,190","40,089","40,137","40,189","40,073","40,113","40,134","40,173","40,109","40,092","40,030","39,919","39,864","39,912","39,843","39,870","39,712","39,514","39,390","39,262","39,274","39,240","39,244","39,320","39,373","39,379","39,486","39,629","39,773","40,123","40,425","40,642","40,824","41,010","41,019","41,185","41,309","41,255","41,283","41,316","41,471","41,508","41,572","41,524","41,526","41,460","41,489","41,496","41,383","41,390","41,411","41,590","41,654","41,613","41,694","41,806","41,751","41,743","41,756","41,676","41,659","41,622","41,644","41,674","41,330","41,413","37,514","30,765","32,282","34,054","36,424","37,505","38,075","38,339","38,424","38,367","38,240","38,311","38,298","38,320","38,612","38,824","39,473","39,938","40,404","40,785","40,957","41,058","41,481","41,689","42,070","42,238","42,553","42,920","43,144","43,331","43,523","43,544","43,497","43,538","43,825","43,969","44,134","44,437","44,152","44,176","44,176","44,178","44,202","44,207","44,345","44,371","44,492","44,542","44,512","44,612","44,512","44,505","44,566","44,539","44,451","44,313",..,..
Accommodation and food services  [72],2024-11-29,"39,222","39,454","39,463","39,602","39,795","39,924","40,111","40,121","40,190","40,089","40,137","40,189","40,073","40,113","40,134","40,173","40,109","40,092","40,030","39,919","39,864","39,912","39,843","39,870","39,712","39,514","39,390","39,262","39,274","39,240","39,244","39,320","39,373","39,379","39,486","39,629","39,773","40,123","40,425","40,642","40,824","41,010","41,019","41,185","41,309","41,255","41,283","41,316","41,471","41,508","41,572","41,524","41,526","41,460","41,489","41,496","41,383","41,390","41,411","41,590","41,654","41,613","41,694","41,806","41,751","41,743","41,756","41,676","41,659","41,622","41,644","41,674","41,330","41,413","37,514","30,765","32,282","34,054","36,424","37,505","38,075","38,339","38,424","38,367","38,240","38,311","38,298","38,320","38,612","38,824","39,473","39,938","40,404","40,785","40,957","41,058","41,481","41,689","42,070","42,238","42,553","42,920","43,144","43,331","43,523","43,544","43,497","43,538","43,825","43,969","44,134","44,437","44,152","44,176","44,176","44,178","44,202","44,207","44,345","44,371","44,486","44,530","44,515","44,668","44,593","44,586","44,659","44,660","44,653",..,..,..
Accommodation and food services  [72],2024-10-31,"39,222","39,454","39,463","39,602","39,795","39,924","40,111","40,121","40,190","40,089","40,137","40,189","40,073","40,113","40,134","40,173","40,109","40,092","40,030","39,919","39,864","39,912","39,843","39,870","39,712","39,514","39,390","39,262","39,274","39,240","39,244","39,320","39,373","39,379","39,486","39,629","39,773","40,123","40,425","40,642","40,824","41,010","41,019","41,185","41,309","41,255","41,283","41,316","41,471","41,508","41,572","41,524","41,526","41,460","41,489","41,496","41,383","41,390","41,411","41,590","41,654","41,613","41,694","41,806","41,751","41,743","41,756","41,676","41,659","41,622","41,644","41,674","41,175","41,326","36,893","30,191","32,012","34,201","36,730","37,624","38,259","38,604","38,754","38,723","38,707","38,831","38,812","38,852","38,864","39,098","39,997","40,463","40,889","41,289","41,503","41,771","42,160","42,472","42,728","43,083","43,411","43,692","43,922","44,144","44,362","44,343","44,373","44,390","44,599","44,693","44,882","45,074","45,023","45,030","45,070","45,051","45,098","45,016","45,146","45,255","45,326","45,362","45,395","45,515","45,565","45,609","45,631","45,657",..,..,..,..
Public administration  [91],2025-02-28,"1,37,708","1,37,611","1,37,488","1,37,232","1,37,103","1,36,983","1,36,845","1,36,791","1,36,783","1,36,858","1,36,885","1,36,864","1,37,092","1,37,416","1,37,772","1,37,873","1,37,830","1,37,963","1,38,113","1,38,082","1,38,197","1,38,360","1,38,342","1,38,564","1,39,012","1,39,386","1,39,583","1,39,926","1,40,836","1,41,002","1,40,607","1,40,735","1,40,959","1,40,671","1,40,735","1,40,832","1,41,492","1,41,754","1,41,960","1,41,909","1,42,078","1,42,567","1,43,147","1,43,779","1,44,301","1,44,353","1,44,498","1,44,630","1,45,126","1,45,552","1,46,075","1,46,688","1,47,448","1,47,870","1,48,318","1,48,641","1,48,676","1,49,039","1,49,160","1,49,255","1,49,861","1,49,864","1,50,064","1,50,090","1,50,287","1,50,268","1,50,581","1,50,691","1,50,386","1,51,055","1,51,071","1,51,698","1,52,565","1,53,113","1,45,177","1,41,283","1,41,729","1,44,420","1,47,145","1,48,089","1,49,726","1,51,040","1,51,214","1,52,167","1,52,374","1,52,761","1,54,244","1,54,502","1,54,289","1,55,436","1,55,649","1,54,635","1,56,571","1,55,380","1,55,907","1,56,236","1,55,558","1,56,582","1,56,612","1,56,512","1,57,433","1,57,901","1,58,344","1,58,792","1,58,404","1,59,943","1,60,547","1,60,860","1,61,636","1,62,108","1,62,629","1,60,022","1,62,540","1,63,061","1,63,255","1,63,637","1,63,831","1,64,032","1,64,142","1,64,531","1,64,888","1,65,377","1,65,333","1,65,249","1,65,921","1,66,539","1,67,629","1,68,139","1,67,878","1,67,869","1,67,352","1,67,638"
Accommodation and food services  [72],2025-01-31,"1,37,708","1,37,611","1,37,488","1,37,232","1,37,103","1,36,983","1,36,845","1,36,791","1,36,783","1,36,858","1,36,885","1,36,864","1,37,092","1,37,416","1,37,772","1,37,873","1,37,830","1,37,963","1,38,113","1,38,082","1,38,197","1,38,360","1,38,342","1,38,564","1,39,012","1,39,386","1,39,583","1,39,926","1,40,836","1,41,002","1,40,607","1,40,735","1,40,959","1,40,671","1,40,735","1,40,832","1,41,492","1,41,754","1,41,960","1,41,909","1,42,078","1,42,567","1,43,147","1,43,779","1,44,301","1,44,353","1,44,498","1,44,630","1,45,126","1,45,552","1,46,075","1,46,688","1,47,448","1,47,870","1,48,318","1,48,641","1,48,676","1,49,039","1,49,160","1,49,255","1,49,861","1,49,864","1,50,064","1,50,090","1,50,287","1,50,268","1,50,581","1,50,691","1,50,386","1,51,055","1,51,071","1,51,698","1,52,565","1,53,113","1,45,177","1,41,283","1,41,729","1,44,420","1,47,145","1,48,089","1,49,726","1,51,040","1,51,214","1,52,167","1,52,374","1,52,761","1,54,244","1,54,502","1,54,289","1,55,436","1,55,649","1,54,635","1,56,571","1,55,380","1,55,907","1,56,236","1,55,558","1,56,582","1,56,612","1,56,512","1,57,433","1,57,901","1,58,344","1,58,792","1,58,404","1,59,943","1,60,547","1,60,860","1,61,636","1,62,108","1,62,629","1,60,022","1,62,540","1,63,061","1,63,255","1,63,637","1,63,831","1,64,032","1,64,142","1,64,531","1,64,815","1,65,327","1,65,288","1,65,148","1,65,818","1,66,468","1,67,660","1,68,296","1,68,381","1,68,701","1,68,394",..
Accommodation and food services  [72],2024-12-23,"1,37,708","1,37,611","1,37,488","1,37,232","1,37,103","1,36,983","1,36,845","1,36,791","1,36,783","1,36,858","1,36,885","1,36,864","1,37,092","1,37,416","1,37,772","1,37,873","1,37,830","1,37,963","1,38,113","1,38,082","1,38,197","1,38,360","1,38,342","1,38,564","1,39,012","1,39,386","1,39,583","1,39,926","1,40,836","1,41,002","1,40,607","1,40,735","1,40,959","1,40,671","1,40,735","1,40,832","1,41,492","1,41,754","1,41,960","1,41,909","1,42,078","1,42,567","1,43,147","1,43,779","1,44,301","1,44,353","1,44,498","1,44,630","1,45,126","1,45,552","1,46,075","1,46,688","1,47,448","1,47,870","1,48,318","1,48,641","1,48,676","1,49,039","1,49,160","1,49,255","1,49,861","1,49,864","1,50,064","1,50,090","1,50,287","1,50,268","1,50,581","1,50,691","1,50,386","1,51,055","1,51,071","1,51,698","1,52,565","1,53,113","1,45,177","1,41,283","1,41,729","1,44,420","1,47,145","1,48,089","1,49,726","1,51,040","1,51,214","1,52,167","1,52,374","1,52,761","1,54,244","1,54,502","1,54,289","1,55,436","1,55,649","1,54,635","1,56,571","1,55,380","1,55,907","1,56,236","1,55,558","1,56,582","1,56,612","1,56,512","1,57,433","1,57,901","1,58,344","1,58,792","1,58,404","1,59,943","1,60,547","1,60,860","1,61,636","1,62,108","1,62,629","1,60,022","1,62,540","1,63,061","1,63,255","1,63,637","1,63,831","1,64,032","1,64,142","1,64,531","1,64,827","1,65,324","1,65,296","1,65,144","1,65,821","1,66,469","1,67,661","1,68,294","1,68,379","1,68,704",..,..
Accommodation and food services  [72],2024-11-29,"1,37,708","1,37,611","1,37,488","1,37,232","1,37,103","1,36,983","1,36,845","1,36,791","1,36,783","1,36,858","1,36,885","1,36,864","1,37,092","1,37,416","1,37,772","1,37,873","1,37,830","1,37,963","1,38,113","1,38,082","1,38,197","1,38,360","1,38,342","1,38,564","1,39,012","1,39,386","1,39,583","1,39,926","1,40,836","1,41,002","1,40,607","1,40,735","1,40,959","1,40,671","1,40,735","1,40,832","1,41,492","1,41,754","1,41,960","1,41,909","1,42,078","1,42,567","1,43,147","1,43,779","1,44,301","1,44,353","1,44,498","1,44,630","1,45,126","1,45,552","1,46,075","1,46,688","1,47,448","1,47,870","1,48,318","1,48,641","1,48,676","1,49,039","1,49,160","1,49,255","1,49,861","1,49,864","1,50,064","1,50,090","1,50,287","1,50,268","1,50,581","1,50,691","1,50,386","1,51,055","1,51,071","1,51,698","1,52,565","1,53,113","1,45,177","1,41,283","1,41,729","1,44,420","1,47,145","1,48,089","1,49,726","1,51,040","1,51,214","1,52,167","1,52,374","1,52,761","1,54,244","1,54,502","1,54,289","1,55,436","1,55,649","1,54,635","1,56,571","1,55,380","1,55,907","1,56,236","1,55,558","1,56,582","1,56,612","1,56,512","1,57,433","1,57,901","1,58,344","1,58,792","1,58,404","1,59,943","1,60,547","1,60,860","1,61,636","1,62,108","1,62,629","1,60,022","1,62,540","1,63,061","1,63,255","1,63,637","1,63,831","1,64,032","1,64,142","1,64,531","1,64,819","1,65,329","1,65,289","1,65,146","1,65,818","1,66,467","1,67,663","1,68,302","1,68,374",..,..,..
Accommodation and food services  [72],2024-10-31,"1,37,708","1,37,611","1,37,488","1,37,232","1,37,103","1,36,983","1,36,845","1,36,791","1,36,783","1,36,858","1,36,885","1,36,864","1,37,092","1,37,416","1,37,772","1,37,873","1,37,830","1,37,963","1,38,113","1,38,082","1,38,197","1,38,360","1,38,342","1,38,564","1,39,012","1,39,386","1,39,583","1,39,926","1,40,836","1,41,002","1,40,607","1,40,735","1,40,959","1,40,671","1,40,735","1,40,832","1,41,492","1,41,754","1,41,960","1,41,909","1,42,078","1,42,567","1,43,147","1,43,779","1,44,301","1,44,353","1,44,498","1,44,630","1,45,126","1,45,552","1,46,075","1,46,688","1,47,448","1,47,870","1,48,318","1,48,641","1,48,676","1,49,039","1,49,160","1,49,255","1,49,861","1,49,864","1,50,064","1,50,090","1,50,287","1,50,268","1,50,581","1,50,691","1,50,386","1,51,055","1,51,071","1,51,698","1,52,526","1,53,068","1,45,130","1,41,249","1,41,711","1,44,397","1,47,144","1,48,090","1,49,730","1,51,070","1,51,284","1,52,269","1,52,473","1,52,891","1,54,409","1,54,685","1,54,511","1,55,701","1,55,955","1,54,978","1,56,961","1,55,813","1,56,381","1,56,742","1,56,057","1,57,126","1,57,196","1,57,156","1,58,125","1,58,586","1,58,996","1,59,501","1,59,142","1,60,439","1,61,106","1,61,486","1,62,279","1,62,839","1,63,420","1,60,914","1,63,433","1,63,913","1,64,189","1,64,702","1,64,750","1,65,031","1,65,039","1,65,422","1,65,673","1,66,223","1,66,166","1,65,957","1,66,576","1,67,216","1,68,122","1,68,880",..,..,..,..
